{
  "type": "FeatureCollection",
  "attribution": "© OpenStreetMap contributors",
  "license": "https://opendatacommons.org/licenses/odbl/1-0/",
  "features": [
    {
      "type": "Feature",
      "id": "way/48044036",
      "geometry": {
        "type": "LineString",
        "coordinates": [
          [
            116.25339620129324,
            40.15398040109899
          ],
          [
            116.25420150000001,
            40.1541876
          ],
          [
            116.2555175,
            40.15451610000001
          ],
          [
            116.25662620000001,
            40.15478910000001
          ]
        ]
      },
      "properties": {
        "kind": "road",
        "name": "高教园中街",
        "osm_tags": {
          "highway": "primary",
          "name": "高教园中街",
          "oneway": "yes"
        }
      }
    },
    {
      "type": "Feature",
      "id": "way/48044039",
      "geometry": {
        "type": "LineString",
        "coordinates": [
          [
            116.2680991,
            40.158339999999995
          ],
          [
            116.26810810000002,
            40.1582506
          ],
          [
            116.2681047,
            40.158153799999994
          ],
          [
            116.26809379999999,
            40.15806740000001
          ],
          [
            116.2680744,
            40.1579852
          ],
          [
            116.26806190000002,
            40.15795589999999
          ],
          [
            116.26804570000002,
            40.15792799999999
          ],
          [
            116.26802269999999,
            40.157905
          ],
          [
            116.26799360000001,
            40.157881999999994
          ],
          [
            116.26793800000002,
            40.1578446
          ],
          [
            116.2678842,
            40.1578158
          ],
          [
            116.2677962,
            40.157782700000006
          ],
          [
            116.2676896,
            40.157749
          ],
          [
            116.267502,
            40.157708
          ],
          [
            116.2660678,
            40.157340299999994
          ],
          [
            116.26488350000001,
            40.1570366
          ],
          [
            116.2632021,
            40.156611399999996
          ],
          [
            116.26255139999999,
            40.15644839999999
          ],
          [
            116.26237590000001,
            40.1564045
          ],
          [
            116.2617649,
            40.15625070000001
          ],
          [
            116.2607223,
            40.15598839999999
          ],
          [
            116.2567496,
            40.1549719
          ]
        ]
      },
      "properties": {
        "kind": "road",
        "name": "高教园中街",
        "osm_tags": {
          "cycleway:right": "track",
          "highway": "primary",
          "name": "高教园中街",
          "name:zh": "高教园中街",
          "name:zh-Hans": "高教园中街",
          "name:zh-Hant": "高教園中街",
          "oneway": "yes"
        }
      }
    },
    {
      "type": "Feature",
      "id": "way/84355048",
      "geometry": {
        "type": "LineString",
        "coordinates": [
          [
            116.26853780000002,
            40.1572451
          ],
          [
            116.268592,
            40.1571028
          ],
          [
            116.268634,
            40.1570013
          ],
          [
            116.26867300000002,
            40.15688509999999
          ],
          [
            116.26872900000001,
            40.15675
          ],
          [
            116.2688025,
            40.1566043
          ],
          [
            116.26886120000002,
            40.15646509999999
          ],
          [
            116.2688998,
            40.1563863
          ],
          [
            116.26892910000001,
            40.15630759999999
          ],
          [
            116.2692398,
            40.15560839999999
          ],
          [
            116.26932090000001,
            40.1554259
          ],
          [
            116.2700685,
            40.1536301
          ],
          [
            116.27012590000001,
            40.15349839999999
          ]
        ]
      },
      "properties": {
        "kind": "road",
        "name": "北沙河中路",
        "osm_tags": {
          "highway": "primary",
          "name": "北沙河中路",
          "name:zh": "北沙河中路",
          "name:zh-Hans": "北沙河中路",
          "name:zh-Hant": "北沙河中路",
          "oneway": "yes"
        }
      }
    },
    {
      "type": "Feature",
      "id": "way/84355055",
      "geometry": {
        "type": "LineString",
        "coordinates": [
          [
            116.27337960000001,
            40.146061
          ],
          [
            116.2733459,
            40.14614269999999
          ],
          [
            116.27267369999998,
            40.1478067
          ],
          [
            116.27191820000002,
            40.14978489999999
          ]
        ]
      },
      "properties": {
        "kind": "road",
        "name": "北沙河中路",
        "osm_tags": {
          "highway": "primary",
          "name": "北沙河中路",
          "name:zh": "北沙河中路",
          "name:zh-Hans": "北沙河中路",
          "name:zh-Hant": "北沙河中路",
          "oneway": "yes"
        }
      }
    },
    {
      "type": "Feature",
      "id": "way/84355070",
      "geometry": {
        "type": "LineString",
        "coordinates": [
          [
            116.27337960000001,
            40.146061
          ],
          [
            116.273207,
            40.1460159
          ],
          [
            116.2700436,
            40.1451944
          ],
          [
            116.26982910000001,
            40.145138499999995
          ],
          [
            116.26755668496703,
            40.14445315772767
          ]
        ]
      },
      "properties": {
        "kind": "road",
        "name": "百沙路",
        "osm_tags": {
          "highway": "primary",
          "name": "百沙路",
          "name:zh": "百沙路",
          "name:zh-Hans": "百沙路",
          "name:zh-Hant": "百沙路",
          "oneway": "yes"
        }
      }
    },
    {
      "type": "Feature",
      "id": "way/84355105",
      "geometry": {
        "type": "LineString",
        "coordinates": [
          [
            116.27114629999998,
            40.15806450000001
          ],
          [
            116.27112640000001,
            40.1581514
          ],
          [
            116.27112250000002,
            40.15820389999999
          ],
          [
            116.27112520000001,
            40.158259099999995
          ],
          [
            116.27113660000002,
            40.158300399999995
          ],
          [
            116.27115469999998,
            40.15833990000001
          ],
          [
            116.27117479999998,
            40.158369
          ],
          [
            116.27121,
            40.1584222
          ],
          [
            116.2712601,
            40.1584725
          ],
          [
            116.27131669999999,
            40.15851179999999
          ],
          [
            116.27139530000001,
            40.15855479999999
          ],
          [
            116.27148280000002,
            40.158586400000004
          ],
          [
            116.27157280000002,
            40.15860909999999
          ],
          [
            116.27159673446666,
            40.15861526036069
          ]
        ]
      },
      "properties": {
        "kind": "road",
        "name": "高教园中街",
        "osm_tags": {
          "highway": "primary",
          "name": "高教园中街",
          "oneway": "yes"
        }
      }
    },
    {
      "type": "Feature",
      "id": "way/127697042",
      "geometry": {
        "type": "LineString",
        "coordinates": [
          [
            116.25370169999998,
            40.14899040000001
          ],
          [
            116.25345150865675,
            40.14892949322185
          ]
        ]
      },
      "properties": {
        "kind": "road",
        "name": "",
        "osm_tags": {
          "bridge": "yes",
          "highway": "tertiary",
          "layer": "1",
          "oneway": "yes"
        }
      }
    },
    {
      "type": "Feature",
      "id": "way/127697051",
      "geometry": {
        "type": "LineString",
        "coordinates": [
          [
            116.26235497162678,
            40.1444201382621
          ],
          [
            116.2609434,
            40.146851
          ],
          [
            116.26085570000001,
            40.14696579999999
          ]
        ]
      },
      "properties": {
        "kind": "road",
        "name": "",
        "osm_tags": {
          "highway": "primary",
          "oneway": "yes"
        }
      }
    },
    {
      "type": "Feature",
      "id": "way/127697054",
      "geometry": {
        "type": "LineString",
        "coordinates": [
          [
            116.2680630409998,
            40.14445635949603
          ],
          [
            116.26973430000001,
            40.144959599999986
          ],
          [
            116.2698863,
            40.1449982
          ],
          [
            116.27034280000001,
            40.1451176
          ],
          [
            116.27327,
            40.145867100000004
          ],
          [
            116.2734391,
            40.1459115
          ],
          [
            116.27512927247463,
            40.14634223115694
          ]
        ]
      },
      "properties": {
        "kind": "road",
        "name": "百沙路",
        "osm_tags": {
          "highway": "primary",
          "name": "百沙路",
          "name:zh": "百沙路",
          "name:zh-Hans": "百沙路",
          "name:zh-Hant": "百沙路",
          "oneway": "yes"
        }
      }
    },
    {
      "type": "Feature",
      "id": "way/293776064",
      "geometry": {
        "type": "LineString",
        "coordinates": [
          [
            116.2567496,
            40.1549719
          ],
          [
            116.25656209999998,
            40.1549237
          ],
          [
            116.25339453953058,
            40.15413214064389
          ]
        ]
      },
      "properties": {
        "kind": "road",
        "name": "高教园中街",
        "osm_tags": {
          "highway": "primary",
          "name": "高教园中街",
          "oneway": "yes"
        }
      }
    },
    {
      "type": "Feature",
      "id": "way/293776065",
      "geometry": {
        "type": "LineString",
        "coordinates": [
          [
            116.25681680000001,
            40.1548367
          ],
          [
            116.26078159999999,
            40.15584990000001
          ],
          [
            116.26155380000002,
            40.1560517
          ],
          [
            116.26243569999998,
            40.15628220000001
          ],
          [
            116.26260150000002,
            40.156325499999994
          ],
          [
            116.2632332,
            40.1564906
          ],
          [
            116.2649357,
            40.156913800000005
          ],
          [
            116.2656181,
            40.157090000000004
          ],
          [
            116.26772329999999,
            40.15763379999999
          ],
          [
            116.2677825,
            40.1576482
          ],
          [
            116.26785740000001,
            40.1576663
          ],
          [
            116.267889,
            40.1576726
          ],
          [
            116.2679227,
            40.157677299999996
          ],
          [
            116.26798489999999,
            40.15767950000001
          ],
          [
            116.2680288,
            40.1576782
          ],
          [
            116.26808390000001,
            40.1576734
          ],
          [
            116.2681372,
            40.15766319999999
          ],
          [
            116.268207,
            40.1576406
          ],
          [
            116.26822559999998,
            40.1576312
          ],
          [
            116.26825550000001,
            40.1576161
          ],
          [
            116.2683009,
            40.15759
          ],
          [
            116.2683361,
            40.157561400000006
          ],
          [
            116.26836629999998,
            40.1575297
          ],
          [
            116.26840660000002,
            40.1574842
          ],
          [
            116.2684354,
            40.1574448
          ],
          [
            116.2684888,
            40.15736489999999
          ]
        ]
      },
      "properties": {
        "kind": "road",
        "name": "高教园中街",
        "osm_tags": {
          "cycleway:right": "track",
          "highway": "primary",
          "name": "高教园中街",
          "name:zh": "高教园中街",
          "name:zh-Hans": "高教园中街",
          "name:zh-Hant": "高教園中街",
          "oneway": "yes"
        }
      }
    },
    {
      "type": "Feature",
      "id": "way/304469391",
      "geometry": {
        "type": "LineString",
        "coordinates": [
          [
            116.25628518135412,
            40.144381312970815
          ],
          [
            116.25623800000001,
            40.1444586
          ],
          [
            116.25591879999999,
            40.14470659999999
          ],
          [
            116.255736,
            40.144973099999994
          ],
          [
            116.25548700000002,
            40.14533610000001
          ],
          [
            116.2552674,
            40.14555850000001
          ],
          [
            116.2550578,
            40.1457708
          ],
          [
            116.25466080000001,
            40.14638579999999
          ],
          [
            116.2543685,
            40.1470483
          ],
          [
            116.2541298,
            40.14761599999999
          ],
          [
            116.2539152,
            40.1481286
          ],
          [
            116.25378110000001,
            40.1485714
          ],
          [
            116.25379760000001,
            40.1487998
          ],
          [
            116.2537956,
            40.148903
          ]
        ]
      },
      "properties": {
        "kind": "road",
        "name": "河堤路",
        "osm_tags": {
          "highway": "unclassified",
          "name": "河堤路",
          "name:zh": "河堤路",
          "name:zh-Hans": "河堤路",
          "name:zh-Hant": "河堤路",
          "oneway": "no"
        }
      }
    },
    {
      "type": "Feature",
      "id": "way/304469394",
      "geometry": {
        "type": "LineString",
        "coordinates": [
          [
            116.2535862,
            40.1507745
          ],
          [
            116.2538382,
            40.150347599999996
          ],
          [
            116.25398720000001,
            40.150087100000015
          ],
          [
            116.2541848,
            40.149785
          ],
          [
            116.25442250000002,
            40.149489499999994
          ],
          [
            116.2544927,
            40.149345000000004
          ],
          [
            116.2546454,
            40.14923449999999
          ],
          [
            116.2547402,
            40.149128299999994
          ]
        ]
      },
      "properties": {
        "kind": "road",
        "name": "",
        "osm_tags": {
          "highway": "residential"
        }
      }
    },
    {
      "type": "Feature",
      "id": "way/310191095",
      "geometry": {
        "type": "LineString",
        "coordinates": [
          [
            116.27512671745411,
            40.14658259664745
          ],
          [
            116.2733459,
            40.14614269999999
          ],
          [
            116.2731728,
            40.1460982
          ],
          [
            116.2722643,
            40.14585939999999
          ],
          [
            116.2704082,
            40.145392
          ],
          [
            116.27018290000001,
            40.1453264
          ],
          [
            116.26980390000001,
            40.145216399999995
          ],
          [
            116.26885200000001,
            40.14494010000001
          ],
          [
            116.2672233157097,
            40.144451048572854
          ]
        ]
      },
      "properties": {
        "kind": "path",
        "name": "",
        "osm_tags": {
          "bicycle": "private",
          "highway": "cycleway",
          "oneway": "yes"
        }
      }
    },
    {
      "type": "Feature",
      "id": "way/387284606",
      "geometry": {
        "type": "LineString",
        "coordinates": [
          [
            116.26076170000002,
            40.146796
          ],
          [
            116.2609434,
            40.146851
          ],
          [
            116.2615639,
            40.1470166
          ],
          [
            116.2616739,
            40.14704579999999
          ],
          [
            116.2680484,
            40.1487028
          ],
          [
            116.268327,
            40.1487726
          ],
          [
            116.2715889,
            40.14969169999999
          ],
          [
            116.27174080000002,
            40.14973319999999
          ]
        ]
      },
      "properties": {
        "kind": "road",
        "name": "高教园南三街",
        "osm_tags": {
          "highway": "secondary",
          "name": "高教园南三街",
          "name:zh": "高教园南三街",
          "name:zh-Hans": "高教园南三街",
          "name:zh-Hant": "高教園南三街",
          "oneway": "yes"
        }
      }
    },
    {
      "type": "Feature",
      "id": "way/387284613",
      "geometry": {
        "type": "LineString",
        "coordinates": [
          [
            116.27267369999998,
            40.1478067
          ],
          [
            116.27510647062375,
            40.14848723002078
          ]
        ]
      },
      "properties": {
        "kind": "road",
        "name": "",
        "osm_tags": {
          "highway": "tertiary"
        }
      }
    },
    {
      "type": "Feature",
      "id": "way/439439920",
      "geometry": {
        "type": "LineString",
        "coordinates": [
          [
            116.27031060000002,
            40.153545
          ],
          [
            116.2702542,
            40.1535308
          ],
          [
            116.27012590000001,
            40.15349839999999
          ]
        ]
      },
      "properties": {
        "kind": "road",
        "name": "",
        "osm_tags": {
          "highway": "tertiary"
        }
      }
    },
    {
      "type": "Feature",
      "id": "way/439439945",
      "geometry": {
        "type": "LineString",
        "coordinates": [
          [
            116.267081,
            40.15188419999999
          ],
          [
            116.26719729999999,
            40.15198399999999
          ],
          [
            116.26732330000002,
            40.1520498
          ],
          [
            116.2677681,
            40.15233589999999
          ],
          [
            116.2680001,
            40.1524752
          ]
        ]
      },
      "properties": {
        "kind": "path",
        "name": "",
        "osm_tags": {
          "bicycle": "no",
          "highway": "footway",
          "motor_vehicle": "no"
        }
      }
    },
    {
      "type": "Feature",
      "id": "way/439439946",
      "geometry": {
        "type": "LineString",
        "coordinates": [
          [
            116.26683420000002,
            40.1524953
          ],
          [
            116.2671546,
            40.15249310000001
          ],
          [
            116.2674234,
            40.152500499999995
          ],
          [
            116.2676757,
            40.15251039999999
          ],
          [
            116.26800070000002,
            40.152525000000004
          ]
        ]
      },
      "properties": {
        "kind": "path",
        "name": "",
        "osm_tags": {
          "bicycle": "no",
          "highway": "footway",
          "horse": "yes",
          "motor_vehicle": "no"
        }
      }
    },
    {
      "type": "Feature",
      "id": "way/439439948",
      "geometry": {
        "type": "LineString",
        "coordinates": [
          [
            116.2679786,
            40.1527323
          ],
          [
            116.26806,
            40.152553799999986
          ]
        ]
      },
      "properties": {
        "kind": "path",
        "name": "",
        "osm_tags": {
          "bicycle": "no",
          "highway": "footway",
          "motor_vehicle": "no"
        }
      }
    },
    {
      "type": "Feature",
      "id": "way/439439950",
      "geometry": {
        "type": "LineString",
        "coordinates": [
          [
            116.2680348,
            40.15245
          ],
          [
            116.26801459999999,
            40.15246029999999
          ],
          [
            116.2680001,
            40.1524752
          ],
          [
            116.26799320000002,
            40.15249159999999
          ],
          [
            116.2679934,
            40.15250879999999
          ],
          [
            116.26800070000002,
            40.152525000000004
          ],
          [
            116.2680156,
            40.15253979999999
          ],
          [
            116.26803620000001,
            40.15254980000001
          ],
          [
            116.26806,
            40.152553799999986
          ],
          [
            116.26808240000001,
            40.1525519
          ],
          [
            116.268103,
            40.1525446
          ],
          [
            116.2681196,
            40.15253270000001
          ],
          [
            116.26813039999999,
            40.1525174
          ],
          [
            116.26813430000001,
            40.1525003
          ],
          [
            116.26813100000001,
            40.15248309999999
          ],
          [
            116.2681207,
            40.15246769999999
          ],
          [
            116.26810450000002,
            40.15245540000001
          ],
          [
            116.2680826,
            40.15244740000001
          ],
          [
            116.26805839999999,
            40.15244559999999
          ],
          [
            116.2680348,
            40.15245
          ]
        ]
      },
      "properties": {
        "kind": "path",
        "name": "",
        "osm_tags": {
          "bicycle": "no",
          "highway": "footway",
          "motor_vehicle": "no"
        }
      }
    },
    {
      "type": "Feature",
      "id": "way/439439952",
      "geometry": {
        "type": "LineString",
        "coordinates": [
          [
            116.26810450000002,
            40.15245540000001
          ],
          [
            116.26815169999999,
            40.1524257
          ],
          [
            116.2686634,
            40.1524274
          ],
          [
            116.2688949,
            40.15256960000001
          ]
        ]
      },
      "properties": {
        "kind": "path",
        "name": "",
        "osm_tags": {
          "bicycle": "no",
          "highway": "footway",
          "motor_vehicle": "no"
        }
      }
    },
    {
      "type": "Feature",
      "id": "way/439439953",
      "geometry": {
        "type": "LineString",
        "coordinates": [
          [
            116.26808240000001,
            40.1525519
          ],
          [
            116.26847170000002,
            40.1527695
          ],
          [
            116.26882010000001,
            40.1529444
          ],
          [
            116.2688965,
            40.1529928
          ],
          [
            116.2689856,
            40.1531011
          ]
        ]
      },
      "properties": {
        "kind": "path",
        "name": "",
        "osm_tags": {
          "bicycle": "no",
          "highway": "footway",
          "motor_vehicle": "no"
        }
      }
    },
    {
      "type": "Feature",
      "id": "way/439439954",
      "geometry": {
        "type": "LineString",
        "coordinates": [
          [
            116.26847170000002,
            40.1527695
          ],
          [
            116.2688949,
            40.15256960000001
          ],
          [
            116.26904630000001,
            40.15249879999999
          ],
          [
            116.26916900000002,
            40.1524611
          ],
          [
            116.2692547,
            40.1524843
          ]
        ]
      },
      "properties": {
        "kind": "path",
        "name": "",
        "osm_tags": {
          "highway": "footway",
          "horse": "no",
          "motor_vehicle": "no"
        }
      }
    },
    {
      "type": "Feature",
      "id": "way/439439955",
      "geometry": {
        "type": "LineString",
        "coordinates": [
          [
            116.27001300000002,
            40.15318249999999
          ],
          [
            116.2699617,
            40.153294800000005
          ],
          [
            116.2699244,
            40.15332159999999
          ]
        ]
      },
      "properties": {
        "kind": "path",
        "name": "",
        "osm_tags": {
          "bicycle": "no",
          "highway": "footway",
          "motor_vehicle": "no"
        }
      }
    },
    {
      "type": "Feature",
      "id": "way/439439981",
      "geometry": {
        "type": "Polygon",
        "coordinates": [
          [
            [
              116.26638900000002,
              40.15156630000001
            ],
            [
              116.2664984,
              40.1512803
            ],
            [
              116.26622950000001,
              40.1512092
            ],
            [
              116.26609110000001,
              40.1511726
            ],
            [
              116.26602420000002,
              40.1511546
            ],
            [
              116.26573200000001,
              40.15108409999999
            ],
            [
              116.26568240000002,
              40.151072000000006
            ],
            [
              116.2656535,
              40.15113300000001
            ],
            [
              116.26554990000001,
              40.15137409999999
            ],
            [
              116.26638900000002,
              40.15156630000001
            ]
          ]
        ]
      },
      "properties": {
        "kind": "building",
        "name": "教三",
        "osm_tags": {
          "building": "university",
          "name": "教三",
          "name:zh": "教三",
          "name:zh-Hans": "教三",
          "name:zh-Hant": "教三"
        }
      }
    },
    {
      "type": "Feature",
      "id": "way/439439982",
      "geometry": {
        "type": "Polygon",
        "coordinates": [
          [
            [
              116.2662644,
              40.1509158
            ],
            [
              116.26635579999999,
              40.15093780000001
            ],
            [
              116.2666277,
              40.1510032
            ],
            [
              116.266745,
              40.150735499999996
            ],
            [
              116.2663092,
              40.15063339999998
            ],
            [
              116.2662491,
              40.1506205
            ],
            [
              116.26623430000001,
              40.1506551
            ],
            [
              116.2661731,
              40.150641099999994
            ],
            [
              116.2660946,
              40.1508288
            ],
            [
              116.2661483,
              40.15084559999999
            ],
            [
              116.2661329,
              40.15088419999999
            ],
            [
              116.2662644,
              40.1509158
            ]
          ]
        ]
      },
      "properties": {
        "kind": "building",
        "name": "教四",
        "osm_tags": {
          "building": "university",
          "name": "教四",
          "name:zh": "教四",
          "name:zh-Hans": "教四",
          "name:zh-Hant": "教四"
        }
      }
    },
    {
      "type": "Feature",
      "id": "way/439439983",
      "geometry": {
        "type": "Polygon",
        "coordinates": [
          [
            [
              116.2664773,
              40.15040419999999
            ],
            [
              116.26655040000001,
              40.150422899999995
            ],
            [
              116.266844,
              40.150498
            ],
            [
              116.26696930000001,
              40.150186000000005
            ],
            [
              116.2664807,
              40.15006209999999
            ],
            [
              116.26636650000002,
              40.1503309
            ],
            [
              116.2663493,
              40.1503715
            ],
            [
              116.2664773,
              40.15040419999999
            ]
          ]
        ]
      },
      "properties": {
        "kind": "building",
        "name": "教五",
        "osm_tags": {
          "building": "university",
          "name": "教五",
          "name:zh": "教五",
          "name:zh-Hans": "教五",
          "name:zh-Hant": "教五"
        }
      }
    },
    {
      "type": "Feature",
      "id": "way/439439984",
      "geometry": {
        "type": "Polygon",
        "coordinates": [
          [
            [
              116.26593099999998,
              40.1502279
            ],
            [
              116.26609619999999,
              40.1502657
            ],
            [
              116.2661207,
              40.1502074
            ],
            [
              116.26620669999998,
              40.150002099999995
            ],
            [
              116.26571550000001,
              40.149879199999994
            ],
            [
              116.26568069999999,
              40.149958600000005
            ],
            [
              116.2655976,
              40.150150100000005
            ],
            [
              116.26593099999998,
              40.1502279
            ]
          ]
        ]
      },
      "properties": {
        "kind": "building",
        "name": "教一",
        "osm_tags": {
          "building": "university",
          "name": "教一",
          "name:zh": "教一",
          "name:zh-Hans": "教一",
          "name:zh-Hant": "教一"
        }
      }
    },
    {
      "type": "Feature",
      "id": "way/439439985",
      "geometry": {
        "type": "Polygon",
        "coordinates": [
          [
            [
              116.2657322,
              40.150786700000005
            ],
            [
              116.26586220000002,
              40.15081539999999
            ],
            [
              116.2659716,
              40.150543799999994
            ],
            [
              116.2658218,
              40.1505136
            ],
            [
              116.2654734,
              40.1504364
            ],
            [
              116.2653575,
              40.1507039
            ],
            [
              116.2657322,
              40.150786700000005
            ]
          ]
        ]
      },
      "properties": {
        "kind": "building",
        "name": "教二（图书馆）",
        "osm_tags": {
          "amenity": "library",
          "building": "university",
          "check_date": "2024-04-14",
          "name": "教二（图书馆）",
          "name:en": "Teaching Building 2",
          "name:zh": "教二（图书馆）",
          "name:zh-Hans": "教二（图书馆）",
          "name:zh-Hant": "教二（圖書館）",
          "website": "https://lib.buaa.edu.cn/"
        }
      }
    },
    {
      "type": "Feature",
      "id": "way/439439987",
      "geometry": {
        "type": "LineString",
        "coordinates": [
          [
            116.26457060000001,
            40.1510919
          ],
          [
            116.2647891,
            40.1511403
          ],
          [
            116.26481330000001,
            40.1510915
          ],
          [
            116.26485440000002,
            40.151008399999995
          ],
          [
            116.2653175,
            40.15113749999998
          ],
          [
            116.26537820000001,
            40.150997
          ],
          [
            116.2652675,
            40.150968899999995
          ],
          [
            116.2653511,
            40.150783899999986
          ],
          [
            116.265369,
            40.1507396
          ],
          [
            116.2653451,
            40.1507329
          ],
          [
            116.2653575,
            40.1507039
          ],
          [
            116.2654734,
            40.1504364
          ],
          [
            116.2655976,
            40.150150100000005
          ],
          [
            116.26568069999999,
            40.149958600000005
          ],
          [
            116.2655371,
            40.149920099999996
          ],
          [
            116.2656506,
            40.149675300000006
          ],
          [
            116.2659923,
            40.14893829999999
          ],
          [
            116.2660319,
            40.1489475
          ],
          [
            116.2660416,
            40.14892660000001
          ],
          [
            116.2661264,
            40.14874389999999
          ],
          [
            116.26602570000001,
            40.14871889999999
          ],
          [
            116.26580519999999,
            40.1486641
          ],
          [
            116.2655847,
            40.14860929999998
          ],
          [
            116.2653934,
            40.14856180000001
          ],
          [
            116.2653432,
            40.1486822
          ],
          [
            116.2653919,
            40.148695
          ],
          [
            116.2653649,
            40.1487555
          ],
          [
            116.265154,
            40.14922790000001
          ],
          [
            116.2650337,
            40.1495024
          ],
          [
            116.2644567,
            40.1508187
          ],
          [
            116.26454779999999,
            40.1508413
          ],
          [
            116.264514,
            40.1509194
          ],
          [
            116.2646385,
            40.150951499999984
          ],
          [
            116.26459279999999,
            40.15104600000001
          ],
          [
            116.26457060000001,
            40.1510919
          ]
        ]
      },
      "properties": {
        "kind": "path",
        "name": "",
        "osm_tags": {
          "area": "yes",
          "highway": "pedestrian"
        }
      }
    },
    {
      "type": "Feature",
      "id": "way/439439988",
      "geometry": {
        "type": "Polygon",
        "coordinates": [
          [
            [
              116.26476590000001,
              40.151764099999994
            ],
            [
              116.26486760000002,
              40.1517194
            ],
            [
              116.2649712,
              40.1516779
            ],
            [
              116.26501940000001,
              40.15166270000001
            ],
            [
              116.2650566,
              40.15164330000001
            ],
            [
              116.26506440000001,
              40.15160369999999
            ],
            [
              116.2650949,
              40.1516093
            ],
            [
              116.2651372,
              40.1516042
            ],
            [
              116.2651675,
              40.15158299999999
            ],
            [
              116.26518530000001,
              40.1515644
            ],
            [
              116.2651893,
              40.1515375
            ],
            [
              116.2651801,
              40.1515194
            ],
            [
              116.26516259999998,
              40.15149799999998
            ],
            [
              116.2651302,
              40.151484999999994
            ],
            [
              116.2650956,
              40.15148369999999
            ],
            [
              116.26507349999999,
              40.15140869999999
            ],
            [
              116.26511159999998,
              40.1513102
            ],
            [
              116.2650753,
              40.1512457
            ],
            [
              116.2650253,
              40.15122249999999
            ],
            [
              116.2649357,
              40.1511961
            ],
            [
              116.26474109999998,
              40.15117180000001
            ],
            [
              116.26458530000001,
              40.15114199999999
            ],
            [
              116.26444730000001,
              40.15117989999999
            ],
            [
              116.26439389999999,
              40.1512595
            ],
            [
              116.26438360000002,
              40.1513422
            ],
            [
              116.264365,
              40.1514332
            ],
            [
              116.26443670000002,
              40.15150989999999
            ],
            [
              116.2645146,
              40.151645200000004
            ],
            [
              116.2646331,
              40.15175790000001
            ],
            [
              116.26476590000001,
              40.151764099999994
            ]
          ]
        ]
      },
      "properties": {
        "kind": "water",
        "name": "南湖",
        "osm_tags": {
          "name": "南湖",
          "name:zh": "南湖",
          "name:zh-Hans": "南湖",
          "name:zh-Hant": "南湖",
          "natural": "water",
          "water": "pond"
        }
      }
    },
    {
      "type": "Feature",
      "id": "way/439439990",
      "geometry": {
        "type": "Polygon",
        "coordinates": [
          [
            [
              116.2636128,
              40.1512396
            ],
            [
              116.2636932,
              40.15104929999999
            ],
            [
              116.2631774,
              40.150923
            ],
            [
              116.26312119999999,
              40.1510456
            ],
            [
              116.26309,
              40.15111389999999
            ],
            [
              116.2636128,
              40.1512396
            ]
          ]
        ]
      },
      "properties": {
        "kind": "building",
        "name": "实七",
        "osm_tags": {
          "building": "yes",
          "name": "实七",
          "name:zh": "实七",
          "name:zh-Hans": "实七",
          "name:zh-Hant": "實七"
        }
      }
    },
    {
      "type": "Feature",
      "id": "way/439439991",
      "geometry": {
        "type": "Polygon",
        "coordinates": [
          [
            [
              116.26372150000002,
              40.1508606
            ],
            [
              116.2638039,
              40.1506554
            ],
            [
              116.2637589,
              40.15064480000001
            ],
            [
              116.2636391,
              40.15061659999999
            ],
            [
              116.26328980000001,
              40.15053449999999
            ],
            [
              116.26327890000002,
              40.15056870000001
            ],
            [
              116.2632429,
              40.15056100000001
            ],
            [
              116.26317460000001,
              40.1507304
            ],
            [
              116.26372150000002,
              40.1508606
            ]
          ]
        ]
      },
      "properties": {
        "kind": "building",
        "name": "实五",
        "osm_tags": {
          "building": "yes",
          "name": "实五",
          "name:zh": "实五",
          "name:zh-Hans": "实五",
          "name:zh-Hant": "實五"
        }
      }
    },
    {
      "type": "Feature",
      "id": "way/439439992",
      "geometry": {
        "type": "Polygon",
        "coordinates": [
          [
            [
              116.2637589,
              40.15064480000001
            ],
            [
              116.2638003,
              40.1505477
            ],
            [
              116.2638692,
              40.150564
            ],
            [
              116.263965,
              40.150316600000004
            ],
            [
              116.26303359999999,
              40.15008409999999
            ],
            [
              116.2629503,
              40.1502869
            ],
            [
              116.26344279999999,
              40.1504027
            ],
            [
              116.2635869,
              40.150439099999986
            ],
            [
              116.2635765,
              40.150469699999995
            ],
            [
              116.2636289,
              40.150481499999984
            ],
            [
              116.26361980000001,
              40.150512199999994
            ],
            [
              116.2636772,
              40.15052539999999
            ],
            [
              116.2636391,
              40.15061659999999
            ],
            [
              116.2637589,
              40.15064480000001
            ]
          ]
        ]
      },
      "properties": {
        "kind": "building",
        "name": "实四",
        "osm_tags": {
          "building": "yes",
          "name": "实四",
          "name:zh": "实四",
          "name:zh-Hans": "实四",
          "name:zh-Hant": "實四",
          "wheelchair": "yes"
        }
      }
    },
    {
      "type": "Feature",
      "id": "way/439439994",
      "geometry": {
        "type": "Polygon",
        "coordinates": [
          [
            [
              116.26447970000001,
              40.1501631
            ],
            [
              116.26455400000002,
              40.1499737
            ],
            [
              116.264377,
              40.149923
            ],
            [
              116.26444430000001,
              40.149739700000005
            ],
            [
              116.26420010000001,
              40.14968160000001
            ],
            [
              116.26411690000002,
              40.149864199999996
            ],
            [
              116.26396789999998,
              40.1498267
            ],
            [
              116.26394920000001,
              40.149868600000005
            ],
            [
              116.26388590000002,
              40.15001000000001
            ],
            [
              116.26447970000001,
              40.1501631
            ]
          ]
        ]
      },
      "properties": {
        "kind": "building",
        "name": "实三",
        "osm_tags": {
          "building": "yes",
          "name": "实三",
          "name:zh": "实三",
          "name:zh-Hans": "实三",
          "name:zh-Hant": "實三"
        }
      }
    },
    {
      "type": "Feature",
      "id": "way/439439995",
      "geometry": {
        "type": "Polygon",
        "coordinates": [
          [
            [
              116.2644478,
              40.14971129999999
            ],
            [
              116.2644856,
              40.14960779999999
            ],
            [
              116.2643442,
              40.1495706
            ],
            [
              116.2643593,
              40.1495247
            ],
            [
              116.2638072,
              40.149364999999996
            ],
            [
              116.26373470000001,
              40.1495313
            ],
            [
              116.2644478,
              40.14971129999999
            ]
          ]
        ]
      },
      "properties": {
        "kind": "building",
        "name": "实一",
        "osm_tags": {
          "building": "yes",
          "name": "实一",
          "name:zh": "实一",
          "name:zh-Hans": "实一",
          "name:zh-Hant": "實一"
        }
      }
    },
    {
      "type": "Feature",
      "id": "way/439439996",
      "geometry": {
        "type": "Polygon",
        "coordinates": [
          [
            [
              116.26388590000002,
              40.15001000000001
            ],
            [
              116.26394920000001,
              40.149868600000005
            ],
            [
              116.2636338,
              40.149778899999994
            ],
            [
              116.2636515,
              40.14972209999999
            ],
            [
              116.26373470000001,
              40.1495313
            ],
            [
              116.2638072,
              40.149364999999996
            ],
            [
              116.26364440000002,
              40.14932180000001
            ],
            [
              116.26360189999998,
              40.149432700000006
            ],
            [
              116.26357009999998,
              40.1494327
            ],
            [
              116.26350640000001,
              40.1494164
            ],
            [
              116.2633896,
              40.1496572
            ],
            [
              116.26341790000001,
              40.149668
            ],
            [
              116.2634037,
              40.1497221
            ],
            [
              116.26329399999999,
              40.1496978
            ],
            [
              116.26323390000002,
              40.14983850000001
            ],
            [
              116.26388590000002,
              40.15001000000001
            ]
          ]
        ]
      },
      "properties": {
        "kind": "building",
        "name": "实二",
        "osm_tags": {
          "building": "yes",
          "name": "实二",
          "name:zh": "实二",
          "name:zh-Hans": "实二",
          "name:zh-Hant": "實二"
        }
      }
    },
    {
      "type": "Feature",
      "id": "way/439439997",
      "geometry": {
        "type": "Polygon",
        "coordinates": [
          [
            [
              116.2630256,
              40.1510933
            ],
            [
              116.2630518,
              40.15102949999999
            ],
            [
              116.26312119999999,
              40.1510456
            ],
            [
              116.2631774,
              40.150923
            ],
            [
              116.2632391,
              40.150771799999994
            ],
            [
              116.26316520000002,
              40.15075730000001
            ],
            [
              116.26317460000001,
              40.1507304
            ],
            [
              116.2632429,
              40.15056100000001
            ],
            [
              116.26325740000001,
              40.1505222
            ],
            [
              116.26299669999999,
              40.150463399999985
            ],
            [
              116.26275549999998,
              40.1510273
            ],
            [
              116.2630256,
              40.1510933
            ]
          ]
        ]
      },
      "properties": {
        "kind": "building",
        "name": "实六",
        "osm_tags": {
          "building": "yes",
          "name": "实六",
          "name:zh": "实六",
          "name:zh-Hans": "实六",
          "name:zh-Hant": "實六"
        }
      }
    },
    {
      "type": "Feature",
      "id": "way/439439999",
      "geometry": {
        "type": "Polygon",
        "coordinates": [
          [
            [
              116.2680328,
              40.15730659999999
            ],
            [
              116.268343,
              40.1565668
            ],
            [
              116.26764520000002,
              40.1563971
            ],
            [
              116.2678926,
              40.1558172
            ],
            [
              116.26803709999999,
              40.155478499999994
            ],
            [
              116.2659389,
              40.1549647
            ],
            [
              116.2652434,
              40.15662349999999
            ],
            [
              116.2680328,
              40.15730659999999
            ]
          ]
        ]
      },
      "properties": {
        "kind": "park",
        "name": "蓝园",
        "osm_tags": {
          "leisure": "park",
          "name": "蓝园",
          "name:zh": "蓝园",
          "name:zh-Hans": "蓝园",
          "name:zh-Hant": "藍園"
        }
      }
    },
    {
      "type": "Feature",
      "id": "way/439440004",
      "geometry": {
        "type": "Polygon",
        "coordinates": [
          [
            [
              116.2632494,
              40.1489867
            ],
            [
              116.26334229999999,
              40.148994099999996
            ],
            [
              116.2633706,
              40.1488777
            ],
            [
              116.26345279999998,
              40.14877529999999
            ],
            [
              116.2632941,
              40.14871759999999
            ],
            [
              116.2633931,
              40.148518499999994
            ],
            [
              116.26389199999998,
              40.148657899999996
            ],
            [
              116.2640001,
              40.14842889999999
            ],
            [
              116.26241879999999,
              40.14803990000001
            ],
            [
              116.2621403,
              40.1487078
            ],
            [
              116.2632494,
              40.1489867
            ]
          ]
        ]
      },
      "properties": {
        "kind": "building",
        "name": "工训中心",
        "osm_tags": {
          "building": "house",
          "name": "工训中心",
          "name:zh": "工训中心",
          "name:zh-Hans": "工训中心",
          "name:zh-Hant": "工訓中心"
        }
      }
    },
    {
      "type": "Feature",
      "id": "way/439440005",
      "geometry": {
        "type": "Polygon",
        "coordinates": [
          [
            [
              116.26125210000001,
              40.148821599999984
            ],
            [
              116.2613529,
              40.1486307
            ],
            [
              116.261641,
              40.1486858
            ],
            [
              116.2619098,
              40.14875549999999
            ],
            [
              116.26217870000002,
              40.1480949
            ],
            [
              116.26211150000002,
              40.14804349999999
            ],
            [
              116.26093999999999,
              40.1477719
            ],
            [
              116.26054630000002,
              40.14863069999999
            ],
            [
              116.26125210000001,
              40.148821599999984
            ]
          ]
        ]
      },
      "properties": {
        "kind": "building",
        "name": "羽流实验室",
        "osm_tags": {
          "building": "house",
          "layer": "1",
          "name": "羽流实验室",
          "name:zh": "羽流实验室",
          "name:zh-Hans": "羽流实验室",
          "name:zh-Hant": "羽流實驗室"
        }
      }
    },
    {
      "type": "Feature",
      "id": "way/439440006",
      "geometry": {
        "type": "Polygon",
        "coordinates": [
          [
            [
              116.2681647,
              40.1519782
            ],
            [
              116.2685115,
              40.151194000000004
            ],
            [
              116.2676196,
              40.15097569999999
            ],
            [
              116.2672727,
              40.15176879999999
            ],
            [
              116.2681647,
              40.1519782
            ]
          ]
        ]
      },
      "properties": {
        "kind": "pitch",
        "name": "东篮球场",
        "osm_tags": {
          "leisure": "pitch",
          "lit": "yes",
          "name": "东篮球场",
          "name:zh-Hans": "东篮球场",
          "name:zh-Hant": "東籃球場",
          "sport": "basketball"
        }
      }
    },
    {
      "type": "Feature",
      "id": "way/439440007",
      "geometry": {
        "type": "Polygon",
        "coordinates": [
          [
            [
              116.26898180000002,
              40.1521885
            ],
            [
              116.2691994,
              40.15172869999999
            ],
            [
              116.2683949,
              40.151519300000004
            ],
            [
              116.26818800000001,
              40.1519916
            ],
            [
              116.26898180000002,
              40.1521885
            ]
          ]
        ]
      },
      "properties": {
        "kind": "pitch",
        "name": "东排球场",
        "osm_tags": {
          "leisure": "pitch",
          "lit": "yes",
          "name": "东排球场",
          "name:zh-Hans": "东排球场",
          "name:zh-Hant": "東排球場",
          "sport": "volleyball"
        }
      }
    },
    {
      "type": "Feature",
      "id": "way/439440008",
      "geometry": {
        "type": "Polygon",
        "coordinates": [
          [
            [
              116.26998150000001,
              40.1524454
            ],
            [
              116.2701302,
              40.1520934
            ],
            [
              116.26919160000001,
              40.1518372
            ],
            [
              116.2690109,
              40.15218699999999
            ],
            [
              116.26998150000001,
              40.1524454
            ]
          ]
        ]
      },
      "properties": {
        "kind": "pitch",
        "name": "东网球场",
        "osm_tags": {
          "leisure": "pitch",
          "lit": "yes",
          "name": "东网球场",
          "name:zh-Hans": "东网球场",
          "name:zh-Hant": "東網球場",
          "sport": "tennis"
        }
      }
    },
    {
      "type": "Feature",
      "id": "way/439440009",
      "geometry": {
        "type": "Polygon",
        "coordinates": [
          [
            [
              116.2690678,
              40.151657499999985
            ],
            [
              116.2691899,
              40.1513734
            ],
            [
              116.26854589999999,
              40.1512116
            ],
            [
              116.2684237,
              40.151495700000005
            ],
            [
              116.2690678,
              40.151657499999985
            ]
          ]
        ]
      },
      "properties": {
        "kind": "pitch",
        "name": "飞院训练场",
        "osm_tags": {
          "leisure": "pitch",
          "name": "飞院训练场",
          "name:zh": "飞院训练场",
          "name:zh-Hans": "飞院训练场",
          "name:zh-Hant": "飛院訓練場",
          "sport": "gymnastics"
        }
      }
    },
    {
      "type": "Feature",
      "id": "way/439440010",
      "geometry": {
        "type": "Polygon",
        "coordinates": [
          [
            [
              116.2693927,
              40.151661199999985
            ],
            [
              116.26943060000002,
              40.151670100000004
            ],
            [
              116.26955009999999,
              40.151741400000006
            ],
            [
              116.2696871,
              40.151810499999996
            ],
            [
              116.2699028,
              40.15183939999999
            ],
            [
              116.27016510000001,
              40.151785999999994
            ],
            [
              116.27037210000002,
              40.151652299999995
            ],
            [
              116.2704683,
              40.1514874
            ],
            [
              116.27047990000001,
              40.151264600000005
            ],
            [
              116.2705266,
              40.15090150000001
            ],
            [
              116.2705268,
              40.1508853
            ],
            [
              116.27052720000002,
              40.1508551
            ],
            [
              116.27052760000001,
              40.15082159999999
            ],
            [
              116.270531,
              40.1505651
            ],
            [
              116.27048830000001,
              40.150470799999994
            ],
            [
              116.2704203,
              40.150382099999995
            ],
            [
              116.2703193,
              40.15030470000001
            ],
            [
              116.2702109,
              40.150239199999994
            ],
            [
              116.27005150000001,
              40.15020440000001
            ],
            [
              116.2698532,
              40.150213
            ],
            [
              116.26971039999998,
              40.150244199999996
            ],
            [
              116.2695647,
              40.150282100000005
            ],
            [
              116.26932570000001,
              40.1502843
            ],
            [
              116.26927319999999,
              40.1506609
            ],
            [
              116.2691129,
              40.150660900000005
            ],
            [
              116.26905170000002,
              40.151246799999996
            ],
            [
              116.2692207,
              40.15132259999999
            ],
            [
              116.2691887,
              40.15165449999999
            ],
            [
              116.2693927,
              40.151661199999985
            ]
          ]
        ]
      },
      "properties": {
        "kind": "pitch",
        "name": "运动场",
        "osm_tags": {
          "leisure": "stadium",
          "name": "运动场",
          "name:zh": "运动场",
          "name:zh-Hans": "运动场",
          "name:zh-Hant": "運動場"
        }
      }
    },
    {
      "type": "Feature",
      "id": "way/439440011",
      "geometry": {
        "type": "Polygon",
        "coordinates": [
          [
            [
              116.26843970000002,
              40.1508213
            ],
            [
              116.2687326,
              40.15012029999999
            ],
            [
              116.2681276,
              40.1499698
            ],
            [
              116.2678299,
              40.15065979999999
            ],
            [
              116.26843970000002,
              40.1508213
            ]
          ]
        ]
      },
      "properties": {
        "kind": "building",
        "name": "体育馆 / 剧场",
        "osm_tags": {
          "building": "house",
          "name": "体育馆 / 剧场",
          "name:zh": "体育馆 / 剧场",
          "name:zh-Hans": "体育馆 / 剧场",
          "name:zh-Hant": "體育館 / 劇場"
        }
      }
    },
    {
      "type": "Feature",
      "id": "way/439440012",
      "geometry": {
        "type": "Polygon",
        "coordinates": [
          [
            [
              116.26898700000001,
              40.1501497
            ],
            [
              116.2690975,
              40.149876
            ],
            [
              116.268262,
              40.1496652
            ],
            [
              116.2681468,
              40.14993309999999
            ],
            [
              116.26898700000001,
              40.1501497
            ]
          ]
        ]
      },
      "properties": {
        "kind": "water",
        "name": "游泳馆",
        "osm_tags": {
          "leisure": "swimming_pool",
          "name": "游泳馆",
          "name:zh": "游泳馆",
          "name:zh-Hans": "游泳馆",
          "name:zh-Hant": "游泳館"
        }
      }
    },
    {
      "type": "Feature",
      "id": "way/439440013",
      "geometry": {
        "type": "Polygon",
        "coordinates": [
          [
            [
              116.26912400000002,
              40.1498685
            ],
            [
              116.26914149999999,
              40.1499019
            ],
            [
              116.2698352,
              40.150075699999995
            ],
            [
              116.26985850000001,
              40.150006600000005
            ],
            [
              116.26830490000002,
              40.1496123
            ],
            [
              116.2682904,
              40.1496502
            ],
            [
              116.26912400000002,
              40.1498685
            ]
          ]
        ]
      },
      "properties": {
        "kind": "pitch",
        "name": "室内100米跑道",
        "osm_tags": {
          "leisure": "pitch",
          "name": "室内100米跑道",
          "name:zh": "室内100米跑道",
          "name:zh-Hans": "室内100米跑道",
          "name:zh-Hant": "室內100米跑道"
        }
      }
    },
    {
      "type": "Feature",
      "id": "way/439440014",
      "geometry": {
        "type": "Polygon",
        "coordinates": [
          [
            [
              116.2650262,
              40.14937690000001
            ],
            [
              116.2652813,
              40.14880509999999
            ],
            [
              116.2642638,
              40.148508
            ],
            [
              116.26399009999999,
              40.1491026
            ],
            [
              116.2650262,
              40.14937690000001
            ]
          ]
        ]
      },
      "properties": {
        "kind": "park",
        "name": "",
        "osm_tags": {
          "landuse": "grass"
        }
      }
    },
    {
      "type": "Feature",
      "id": "way/439440015",
      "geometry": {
        "type": "Polygon",
        "coordinates": [
          [
            [
              116.26581720000001,
              40.14961600000001
            ],
            [
              116.2676329,
              40.1500795
            ],
            [
              116.26791670000001,
              40.14943
            ],
            [
              116.26610099999999,
              40.1489665
            ],
            [
              116.26583030000002,
              40.1495861
            ],
            [
              116.26581720000001,
              40.14961600000001
            ]
          ]
        ]
      },
      "properties": {
        "kind": "park",
        "name": "",
        "osm_tags": {
          "landuse": "grass"
        }
      }
    },
    {
      "type": "Feature",
      "id": "way/443771399",
      "geometry": {
        "type": "Polygon",
        "coordinates": [
          [
            [
              116.2730117,
              40.14805200000001
            ],
            [
              116.2723258,
              40.14974479999999
            ],
            [
              116.27508520329846,
              40.15048766598842
            ],
            [
              116.2751052174402,
              40.14860511188188
            ],
            [
              116.2730117,
              40.14805200000001
            ]
          ]
        ]
      },
      "properties": {
        "kind": "landuse",
        "name": "兆丰家园西区",
        "osm_tags": {
          "landuse": "residential",
          "name": "兆丰家园西区",
          "name:zh": "兆丰家园西区",
          "name:zh-Hans": "兆丰家园西区",
          "name:zh-Hant": "兆豐家園西區",
          "residential": "apartments"
        }
      }
    },
    {
      "type": "Feature",
      "id": "way/443771400",
      "geometry": {
        "type": "Polygon",
        "coordinates": [
          [
            [
              116.27451379999998,
              40.14932790000001
            ],
            [
              116.2744599,
              40.1494369
            ],
            [
              116.27509442201585,
              40.14962056450467
            ],
            [
              116.27509574217635,
              40.149496388704506
            ],
            [
              116.27451379999998,
              40.14932790000001
            ]
          ]
        ]
      },
      "properties": {
        "kind": "building",
        "name": "",
        "osm_tags": {
          "building": "yes"
        }
      }
    },
    {
      "type": "Feature",
      "id": "way/443771401",
      "geometry": {
        "type": "Polygon",
        "coordinates": [
          [
            [
              116.27502430000001,
              40.15037889999999
            ],
            [
              116.2750745,
              40.15027349999999
            ],
            [
              116.2738846,
              40.1499428
            ],
            [
              116.2738345,
              40.1500482
            ],
            [
              116.27502430000001,
              40.15037889999999
            ]
          ]
        ]
      },
      "properties": {
        "kind": "building",
        "name": "",
        "osm_tags": {
          "building": "yes"
        }
      }
    },
    {
      "type": "Feature",
      "id": "way/443771402",
      "geometry": {
        "type": "Polygon",
        "coordinates": [
          [
            [
              116.2746792,
              40.148563499999995
            ],
            [
              116.274615,
              40.148692
            ],
            [
              116.27510277962834,
              40.148834424895774
            ],
            [
              116.27510433968693,
              40.14868767813559
            ],
            [
              116.2746792,
              40.148563499999995
            ]
          ]
        ]
      },
      "properties": {
        "kind": "building",
        "name": "",
        "osm_tags": {
          "building": "yes"
        }
      }
    },
    {
      "type": "Feature",
      "id": "way/443771403",
      "geometry": {
        "type": "Polygon",
        "coordinates": [
          [
            [
              116.2744103,
              40.1486442
            ],
            [
              116.2744713,
              40.14851610000001
            ],
            [
              116.27320379999999,
              40.14816299999999
            ],
            [
              116.2731428,
              40.14829099999999
            ],
            [
              116.2744103,
              40.1486442
            ]
          ]
        ]
      },
      "properties": {
        "kind": "building",
        "name": "",
        "osm_tags": {
          "building": "yes"
        }
      }
    },
    {
      "type": "Feature",
      "id": "way/443771404",
      "geometry": {
        "type": "Polygon",
        "coordinates": [
          [
            [
              116.27367810000001,
              40.15000340000002
            ],
            [
              116.27372640000002,
              40.14990369999999
            ],
            [
              116.2727692,
              40.14963300000001
            ],
            [
              116.27272100000002,
              40.14973269999999
            ],
            [
              116.27367810000001,
              40.15000340000002
            ]
          ]
        ]
      },
      "properties": {
        "kind": "building",
        "name": "",
        "osm_tags": {
          "building": "yes"
        }
      }
    },
    {
      "type": "Feature",
      "id": "way/443771405",
      "geometry": {
        "type": "Polygon",
        "coordinates": [
          [
            [
              116.2742029,
              40.1493937
            ],
            [
              116.27426149999998,
              40.1492743
            ],
            [
              116.2732463,
              40.148983400000006
            ],
            [
              116.27318769999998,
              40.149102799999994
            ],
            [
              116.2742029,
              40.1493937
            ]
          ]
        ]
      },
      "properties": {
        "kind": "building",
        "name": "",
        "osm_tags": {
          "building": "yes"
        }
      }
    },
    {
      "type": "Feature",
      "id": "way/443771406",
      "geometry": {
        "type": "Polygon",
        "coordinates": [
          [
            [
              116.27252429999999,
              40.1496993
            ],
            [
              116.2725726,
              40.14974130000001
            ],
            [
              116.27269859999998,
              40.14976899999999
            ],
            [
              116.2732378,
              40.148514299999995
            ],
            [
              116.2730299,
              40.14846610000001
            ],
            [
              116.27252429999999,
              40.1496993
            ]
          ]
        ]
      },
      "properties": {
        "kind": "building",
        "name": "",
        "osm_tags": {
          "building": "yes"
        }
      }
    },
    {
      "type": "Feature",
      "id": "way/443772857",
      "geometry": {
        "type": "LineString",
        "coordinates": [
          [
            116.26853780000002,
            40.1572451
          ],
          [
            116.2685733,
            40.15719140000001
          ],
          [
            116.2685935,
            40.1571618
          ],
          [
            116.2686175,
            40.157126399999996
          ],
          [
            116.2686583,
            40.157083199999995
          ],
          [
            116.2686907,
            40.15705689999999
          ],
          [
            116.2687575,
            40.157006900000006
          ],
          [
            116.26882910000002,
            40.1569607
          ],
          [
            116.2688914,
            40.156929
          ],
          [
            116.26896690000001,
            40.15689989999999
          ],
          [
            116.2690435,
            40.1568829
          ],
          [
            116.2691005,
            40.1568751
          ],
          [
            116.26920659999999,
            40.1568681
          ],
          [
            116.269333,
            40.1568712
          ],
          [
            116.2694347,
            40.15688430000001
          ],
          [
            116.26957539999998,
            40.1569135
          ]
        ]
      },
      "properties": {
        "kind": "road",
        "name": "北沙河中路",
        "osm_tags": {
          "cycleway:right": "track",
          "highway": "primary",
          "name": "北沙河中路",
          "oneway": "yes"
        }
      }
    },
    {
      "type": "Feature",
      "id": "way/446085853",
      "geometry": {
        "type": "Polygon",
        "coordinates": [
          [
            [
              116.26923780000001,
              40.1524642
            ],
            [
              116.2692716,
              40.15238720000001
            ],
            [
              116.26725069999999,
              40.1518879
            ],
            [
              116.2672114,
              40.15197020000001
            ],
            [
              116.26923780000001,
              40.1524642
            ]
          ]
        ]
      },
      "properties": {
        "kind": "pitch",
        "name": "体能锻炼走廊",
        "osm_tags": {
          "leisure": "pitch",
          "lit": "no",
          "loc_name": "TD线",
          "loc_name:en": "TD",
          "name": "体能锻炼走廊",
          "name:zh": "体能锻炼走廊",
          "name:zh-Hans": "体能锻炼走廊",
          "name:zh-Hant": "體能鍛煉走廊",
          "sport": "running"
        }
      }
    },
    {
      "type": "Feature",
      "id": "way/446085854",
      "geometry": {
        "type": "Polygon",
        "coordinates": [
          [
            [
              116.2701857,
              40.15210019999999
            ],
            [
              116.2702257,
              40.152009799999995
            ],
            [
              116.27027850000002,
              40.15188330000001
            ],
            [
              116.2703294,
              40.15177200000001
            ],
            [
              116.27037309999999,
              40.1516775
            ],
            [
              116.27031670000001,
              40.1517192
            ],
            [
              116.2702494,
              40.15177760000002
            ],
            [
              116.2701329,
              40.15183319999999
            ],
            [
              116.2700147,
              40.1518638
            ],
            [
              116.26984,
              40.15186099999999
            ],
            [
              116.2697254,
              40.1518443
            ],
            [
              116.26961079999998,
              40.151801199999994
            ],
            [
              116.26954529999999,
              40.15177340000001
            ],
            [
              116.26948530000001,
              40.151735900000006
            ],
            [
              116.2694489,
              40.1516983
            ],
            [
              116.2692469,
              40.15167749999999
            ],
            [
              116.2691851,
              40.1518179
            ],
            [
              116.2701857,
              40.15210019999999
            ]
          ]
        ]
      },
      "properties": {
        "kind": "pitch",
        "name": "心理素质拓展",
        "osm_tags": {
          "leisure": "pitch",
          "lit": "no",
          "name": "心理素质拓展"
        }
      }
    },
    {
      "type": "Feature",
      "id": "way/446085857",
      "geometry": {
        "type": "LineString",
        "coordinates": [
          [
            116.27079709999998,
            40.1508688
          ],
          [
            116.27052760000001,
            40.15082159999999
          ],
          [
            116.27056959999999,
            40.150765
          ],
          [
            116.27060419999998,
            40.1506723
          ],
          [
            116.2706297,
            40.150564200000005
          ],
          [
            116.2705716,
            40.1504921
          ],
          [
            116.270522,
            40.150416599999986
          ]
        ]
      },
      "properties": {
        "kind": "road",
        "name": "",
        "osm_tags": {
          "highway": "service"
        }
      }
    },
    {
      "type": "Feature",
      "id": "way/446085858",
      "geometry": {
        "type": "LineString",
        "coordinates": [
          [
            116.270522,
            40.150416599999986
          ],
          [
            116.27049249999999,
            40.15036649999998
          ],
          [
            116.27045130000002,
            40.1502763
          ],
          [
            116.2704458,
            40.1502348
          ],
          [
            116.27049190000001,
            40.1501332
          ]
        ]
      },
      "properties": {
        "kind": "road",
        "name": "",
        "osm_tags": {
          "highway": "service"
        }
      }
    },
    {
      "type": "Feature",
      "id": "way/446085861",
      "geometry": {
        "type": "LineString",
        "coordinates": [
          [
            116.26714000000001,
            40.1500576
          ],
          [
            116.267027,
            40.150351099999995
          ],
          [
            116.2667987,
            40.1508923
          ],
          [
            116.2665577,
            40.151467700000005
          ],
          [
            116.2664595,
            40.1516962
          ],
          [
            116.266301,
            40.15208210000001
          ],
          [
            116.2662065,
            40.1523104
          ],
          [
            116.26617849999998,
            40.1523826
          ]
        ]
      },
      "properties": {
        "kind": "road",
        "name": "",
        "osm_tags": {
          "highway": "service"
        }
      }
    },
    {
      "type": "Feature",
      "id": "way/446085863",
      "geometry": {
        "type": "LineString",
        "coordinates": [
          [
            116.26676580000002,
            40.1517671
          ],
          [
            116.2667582,
            40.151654
          ],
          [
            116.26673919999999,
            40.1515563
          ],
          [
            116.26675599999999,
            40.15151579999999
          ]
        ]
      },
      "properties": {
        "kind": "path",
        "name": "",
        "osm_tags": {
          "highway": "footway"
        }
      }
    },
    {
      "type": "Feature",
      "id": "way/446085864",
      "geometry": {
        "type": "LineString",
        "coordinates": [
          [
            116.2669499,
            40.15092229999999
          ],
          [
            116.2669892,
            40.1508375
          ],
          [
            116.2670198,
            40.15075219999999
          ],
          [
            116.26710369999999,
            40.1506919
          ],
          [
            116.26715800000001,
            40.150661700000015
          ],
          [
            116.26722219999999,
            40.150608899999995
          ],
          [
            116.2672469,
            40.150559799999996
          ],
          [
            116.2672328,
            40.1504862
          ],
          [
            116.26719340000001,
            40.150392599999996
          ]
        ]
      },
      "properties": {
        "kind": "path",
        "name": "",
        "osm_tags": {
          "highway": "footway"
        }
      }
    },
    {
      "type": "Feature",
      "id": "way/446085865",
      "geometry": {
        "type": "LineString",
        "coordinates": [
          [
            116.26719340000001,
            40.150392599999996
          ],
          [
            116.2672814,
            40.1503183
          ],
          [
            116.26739,
            40.1502731
          ],
          [
            116.2675819,
            40.1502129
          ]
        ]
      },
      "properties": {
        "kind": "path",
        "name": "",
        "osm_tags": {
          "highway": "footway"
        }
      }
    },
    {
      "type": "Feature",
      "id": "way/446085866",
      "geometry": {
        "type": "LineString",
        "coordinates": [
          [
            116.26675599999999,
            40.15151579999999
          ],
          [
            116.2667841,
            40.1514734
          ],
          [
            116.2668618,
            40.1514201
          ],
          [
            116.26695070000001,
            40.1513597
          ],
          [
            116.2670247,
            40.15129929999999
          ],
          [
            116.26705930000001,
            40.15123899999998
          ],
          [
            116.26710910000001,
            40.1511136
          ],
          [
            116.2671282,
            40.1510683
          ]
        ]
      },
      "properties": {
        "kind": "path",
        "name": "",
        "osm_tags": {
          "highway": "footway"
        }
      }
    },
    {
      "type": "Feature",
      "id": "way/446085867",
      "geometry": {
        "type": "LineString",
        "coordinates": [
          [
            116.26667800000001,
            40.151537100000006
          ],
          [
            116.26669560000002,
            40.1515043
          ],
          [
            116.2667225,
            40.1514541
          ],
          [
            116.2667841,
            40.1514734
          ],
          [
            116.2668311,
            40.1514881
          ],
          [
            116.2668065,
            40.151534099999985
          ],
          [
            116.26678659999999,
            40.15157109999999
          ],
          [
            116.26673919999999,
            40.1515563
          ],
          [
            116.26667800000001,
            40.151537100000006
          ]
        ]
      },
      "properties": {
        "kind": "path",
        "name": "",
        "osm_tags": {
          "area": "yes",
          "highway": "pedestrian",
          "noname": "yes"
        }
      }
    },
    {
      "type": "Feature",
      "id": "way/446085868",
      "geometry": {
        "type": "LineString",
        "coordinates": [
          [
            116.2669711,
            40.1510522
          ],
          [
            116.26696059999999,
            40.151077099999995
          ],
          [
            116.26710910000001,
            40.1511136
          ],
          [
            116.2671282,
            40.1510683
          ],
          [
            116.2671475,
            40.151022399999995
          ],
          [
            116.26707160000001,
            40.15100369999999
          ],
          [
            116.26710580000001,
            40.1509225
          ],
          [
            116.2670651,
            40.15091249999998
          ],
          [
            116.26708660000001,
            40.15086139999999
          ],
          [
            116.2669892,
            40.1508375
          ],
          [
            116.26691439999999,
            40.15081909999999
          ],
          [
            116.26687830000002,
            40.1509048
          ],
          [
            116.26683079999998,
            40.1510177
          ],
          [
            116.2669711,
            40.1510522
          ]
        ]
      },
      "properties": {
        "kind": "path",
        "name": "",
        "osm_tags": {
          "area": "yes",
          "highway": "pedestrian",
          "noname": "yes"
        }
      }
    },
    {
      "type": "Feature",
      "id": "way/446085869",
      "geometry": {
        "type": "LineString",
        "coordinates": [
          [
            116.26713099999999,
            40.150461699999994
          ],
          [
            116.26716250000001,
            40.1503851
          ],
          [
            116.26719340000001,
            40.150392599999996
          ],
          [
            116.2672644,
            40.15040969999998
          ],
          [
            116.2672328,
            40.1504862
          ],
          [
            116.26713099999999,
            40.150461699999994
          ]
        ]
      },
      "properties": {
        "kind": "path",
        "name": "",
        "osm_tags": {
          "area": "yes",
          "highway": "pedestrian",
          "noname": "yes"
        }
      }
    },
    {
      "type": "Feature",
      "id": "way/446085870",
      "geometry": {
        "type": "LineString",
        "coordinates": [
          [
            116.2665577,
            40.151467700000005
          ],
          [
            116.26665399999999,
            40.15149340000001
          ],
          [
            116.26669560000002,
            40.1515043
          ],
          [
            116.26675599999999,
            40.15151579999999
          ]
        ]
      },
      "properties": {
        "kind": "path",
        "name": "",
        "osm_tags": {
          "highway": "footway"
        }
      }
    },
    {
      "type": "Feature",
      "id": "way/446085871",
      "geometry": {
        "type": "LineString",
        "coordinates": [
          [
            116.26675599999999,
            40.15151579999999
          ],
          [
            116.2668065,
            40.151534099999985
          ],
          [
            116.26687150000001,
            40.15155599999999
          ],
          [
            116.26695979999998,
            40.151589099999995
          ],
          [
            116.26701039999999,
            40.1516025
          ]
        ]
      },
      "properties": {
        "kind": "path",
        "name": "",
        "osm_tags": {
          "highway": "footway"
        }
      }
    },
    {
      "type": "Feature",
      "id": "way/446085872",
      "geometry": {
        "type": "LineString",
        "coordinates": [
          [
            116.2667987,
            40.1508923
          ],
          [
            116.26687830000002,
            40.1509048
          ],
          [
            116.2669499,
            40.15092229999999
          ],
          [
            116.26705699999998,
            40.150947
          ],
          [
            116.2670193,
            40.15103779999999
          ]
        ]
      },
      "properties": {
        "kind": "path",
        "name": "",
        "osm_tags": {
          "highway": "footway"
        }
      }
    },
    {
      "type": "Feature",
      "id": "way/446085873",
      "geometry": {
        "type": "LineString",
        "coordinates": [
          [
            116.2670193,
            40.15103779999999
          ],
          [
            116.2671282,
            40.1510683
          ],
          [
            116.2672199,
            40.1510931
          ]
        ]
      },
      "properties": {
        "kind": "path",
        "name": "",
        "osm_tags": {
          "highway": "footway"
        }
      }
    },
    {
      "type": "Feature",
      "id": "way/446085874",
      "geometry": {
        "type": "LineString",
        "coordinates": [
          [
            116.2674633,
            40.1505011
          ],
          [
            116.2673855,
            40.15046409999999
          ],
          [
            116.2673073,
            40.150420999999994
          ],
          [
            116.2672644,
            40.15040969999998
          ],
          [
            116.26719340000001,
            40.150392599999996
          ]
        ]
      },
      "properties": {
        "kind": "path",
        "name": "",
        "osm_tags": {
          "highway": "footway"
        }
      }
    },
    {
      "type": "Feature",
      "id": "way/446085875",
      "geometry": {
        "type": "LineString",
        "coordinates": [
          [
            116.267027,
            40.150351099999995
          ],
          [
            116.26716250000001,
            40.1503851
          ],
          [
            116.26719340000001,
            40.150392599999996
          ]
        ]
      },
      "properties": {
        "kind": "path",
        "name": "",
        "osm_tags": {
          "highway": "footway"
        }
      }
    },
    {
      "type": "Feature",
      "id": "way/446085876",
      "geometry": {
        "type": "LineString",
        "coordinates": [
          [
            116.2675286,
            40.15061659999999
          ],
          [
            116.267592,
            40.1506374
          ],
          [
            116.2677301,
            40.1506806
          ],
          [
            116.2677993,
            40.150673700000006
          ],
          [
            116.2678684,
            40.15045539999999
          ],
          [
            116.2679466,
            40.1502829
          ],
          [
            116.2680103,
            40.1501397
          ],
          [
            116.2680885,
            40.14999089999999
          ],
          [
            116.2678756,
            40.1499453
          ],
          [
            116.26780310000001,
            40.1499242
          ]
        ]
      },
      "properties": {
        "kind": "road",
        "name": "",
        "osm_tags": {
          "highway": "service"
        }
      }
    },
    {
      "type": "Feature",
      "id": "way/446085877",
      "geometry": {
        "type": "LineString",
        "coordinates": [
          [
            116.2680885,
            40.14999089999999
          ],
          [
            116.26824140000001,
            40.1495932
          ]
        ]
      },
      "properties": {
        "kind": "road",
        "name": "",
        "osm_tags": {
          "highway": "service"
        }
      }
    },
    {
      "type": "Feature",
      "id": "way/446085878",
      "geometry": {
        "type": "LineString",
        "coordinates": [
          [
            116.2677993,
            40.150673700000006
          ],
          [
            116.267832,
            40.150764099999996
          ],
          [
            116.26793389999999,
            40.1508058
          ],
          [
            116.2682887,
            40.1508767
          ],
          [
            116.2685361,
            40.1508892
          ],
          [
            116.26860710000001,
            40.15075850000001
          ],
          [
            116.26878350000001,
            40.1503094
          ]
        ]
      },
      "properties": {
        "kind": "road",
        "name": "",
        "osm_tags": {
          "highway": "service"
        }
      }
    },
    {
      "type": "Feature",
      "id": "way/446085879",
      "geometry": {
        "type": "LineString",
        "coordinates": [
          [
            116.264845,
            40.1519106
          ],
          [
            116.26487810000002,
            40.151873900000005
          ],
          [
            116.2649317,
            40.151855299999994
          ],
          [
            116.26497710000001,
            40.15183439999999
          ],
          [
            116.2650208,
            40.15180799999999
          ],
          [
            116.2650626,
            40.15176209999999
          ],
          [
            116.2651027,
            40.15170789999999
          ],
          [
            116.26511540000001,
            40.1516258
          ],
          [
            116.26511900000001,
            40.151556299999996
          ],
          [
            116.2651354,
            40.1515104
          ],
          [
            116.26517909999998,
            40.15146039999999
          ],
          [
            116.2652046,
            40.15139920000001
          ],
          [
            116.2651809,
            40.1513338
          ],
          [
            116.2651736,
            40.15126009999999
          ],
          [
            116.26514090000002,
            40.1512059
          ],
          [
            116.2650317,
            40.151154399999996
          ],
          [
            116.2649407,
            40.151120999999996
          ],
          [
            116.26481330000001,
            40.1510915
          ],
          [
            116.26459279999999,
            40.15104600000001
          ],
          [
            116.2645132,
            40.151046
          ],
          [
            116.2643713,
            40.1510682
          ],
          [
            116.26428400000002,
            40.15112659999999
          ],
          [
            116.2642039,
            40.151204499999984
          ],
          [
            116.26417120000002,
            40.151275399999996
          ],
          [
            116.2642076,
            40.151353300000004
          ],
          [
            116.2642749,
            40.151478399999995
          ],
          [
            116.2643331,
            40.151563299999985
          ],
          [
            116.2643261,
            40.1517041
          ],
          [
            116.2643284,
            40.1517571
          ]
        ]
      },
      "properties": {
        "kind": "path",
        "name": "",
        "osm_tags": {
          "access": "no",
          "bicycle": "yes",
          "foot": "yes",
          "highway": "footway",
          "horse": "yes"
        }
      }
    },
    {
      "type": "Feature",
      "id": "way/446085881",
      "geometry": {
        "type": "LineString",
        "coordinates": [
          [
            116.266301,
            40.15208210000001
          ],
          [
            116.2662689,
            40.1520753
          ],
          [
            116.266185,
            40.1520478
          ],
          [
            116.2661341,
            40.15202260000001
          ],
          [
            116.2661521,
            40.15191949999999
          ],
          [
            116.2661341,
            40.151878299999986
          ],
          [
            116.26597530000001,
            40.15183019999999
          ],
          [
            116.26584939999998,
            40.15177520000001
          ],
          [
            116.2657235,
            40.15174089999999
          ],
          [
            116.26567560000001,
            40.1517844
          ],
          [
            116.26563960000001,
            40.1518554
          ],
          [
            116.2655737,
            40.1518898
          ],
          [
            116.2655197,
            40.15187830000001
          ],
          [
            116.2654448,
            40.15185770000001
          ],
          [
            116.26536390000001,
            40.15181650000001
          ],
          [
            116.26532490000001,
            40.1517867
          ],
          [
            116.26531,
            40.151718
          ],
          [
            116.26532490000001,
            40.1516836
          ],
          [
            116.2654119,
            40.15167439999999
          ],
          [
            116.26547180000001,
            40.151676699999996
          ],
          [
            116.26550480000002,
            40.1516676
          ],
          [
            116.2655347,
            40.1516309
          ],
          [
            116.2655347,
            40.1515828
          ],
          [
            116.26550480000002,
            40.1515462
          ],
          [
            116.26544180000002,
            40.15152330000001
          ],
          [
            116.26538489999999,
            40.15150719999999
          ],
          [
            116.26535189999998,
            40.15149120000001
          ],
          [
            116.26537289999999,
            40.1513927
          ],
          [
            116.2653939,
            40.1513515
          ],
          [
            116.2654178,
            40.15129879999999
          ],
          [
            116.2652407,
            40.15126829999999
          ],
          [
            116.2652653,
            40.15122219999999
          ],
          [
            116.2653175,
            40.15113749999998
          ]
        ]
      },
      "properties": {
        "kind": "path",
        "name": "",
        "osm_tags": {
          "highway": "footway"
        }
      }
    },
    {
      "type": "Feature",
      "id": "way/446085883",
      "geometry": {
        "type": "LineString",
        "coordinates": [
          [
            116.266301,
            40.15208210000001
          ],
          [
            116.2664667,
            40.15211419999999
          ]
        ]
      },
      "properties": {
        "kind": "path",
        "name": "",
        "osm_tags": {
          "highway": "footway"
        }
      }
    },
    {
      "type": "Feature",
      "id": "way/446085884",
      "geometry": {
        "type": "LineString",
        "coordinates": [
          [
            116.2660831,
            40.151738599999995
          ],
          [
            116.2661491,
            40.15175000000001
          ],
          [
            116.26619700000002,
            40.1516515
          ],
          [
            116.2664595,
            40.1516962
          ],
          [
            116.26676580000002,
            40.1517671
          ],
          [
            116.26687800000002,
            40.15179309999999
          ],
          [
            116.2669277,
            40.1518035
          ],
          [
            116.2670448,
            40.15183240000001
          ]
        ]
      },
      "properties": {
        "kind": "road",
        "name": "",
        "osm_tags": {
          "access": "yes",
          "highway": "service"
        }
      }
    },
    {
      "type": "Feature",
      "id": "way/446085885",
      "geometry": {
        "type": "LineString",
        "coordinates": [
          [
            116.26514090000002,
            40.1512059
          ],
          [
            116.2652653,
            40.15122219999999
          ]
        ]
      },
      "properties": {
        "kind": "path",
        "name": "",
        "osm_tags": {
          "highway": "footway"
        }
      }
    },
    {
      "type": "Feature",
      "id": "way/446354607",
      "geometry": {
        "type": "Polygon",
        "coordinates": [
          [
            [
              116.26628619999998,
              40.1546197
            ],
            [
              116.2666847,
              40.15471329999999
            ],
            [
              116.2666799,
              40.1547316
            ],
            [
              116.26672309999998,
              40.154740800000006
            ],
            [
              116.2667327,
              40.1547243
            ],
            [
              116.26715280000002,
              40.15483250000001
            ],
            [
              116.2672127,
              40.154726000000004
            ],
            [
              116.2668575,
              40.15462519999999
            ],
            [
              116.267136,
              40.153927999999986
            ],
            [
              116.2672032,
              40.153940799999994
            ],
            [
              116.26725850000001,
              40.1538142
            ],
            [
              116.26669560000002,
              40.153675299999996
            ],
            [
              116.2666754,
              40.15372469999999
            ],
            [
              116.2666067,
              40.15370159999999
            ],
            [
              116.26624350000002,
              40.154564
            ],
            [
              116.2663037,
              40.1545833
            ],
            [
              116.26628619999998,
              40.1546197
            ]
          ]
        ]
      },
      "properties": {
        "kind": "building",
        "name": "三公寓",
        "osm_tags": {
          "building": "apartments",
          "name": "三公寓",
          "name:zh": "三公寓",
          "name:zh-Hans": "三公寓",
          "name:zh-Hant": "三公寓"
        }
      }
    },
    {
      "type": "Feature",
      "id": "way/446354609",
      "geometry": {
        "type": "Polygon",
        "coordinates": [
          [
            [
              116.26755520000002,
              40.1535897
            ],
            [
              116.2676106,
              40.1534705
            ],
            [
              116.2672776,
              40.15338549999999
            ],
            [
              116.2672977,
              40.153340400000005
            ],
            [
              116.2673532,
              40.15335509999999
            ],
            [
              116.2673888,
              40.1532858
            ],
            [
              116.2674245,
              40.15319910000001
            ],
            [
              116.26744839999999,
              40.1531545
            ],
            [
              116.2673772,
              40.153133399999994
            ],
            [
              116.267397,
              40.153088
            ],
            [
              116.26770940000002,
              40.1531606
            ],
            [
              116.26777660000002,
              40.15305180000001
            ],
            [
              116.26700950000001,
              40.152846199999985
            ],
            [
              116.2670135,
              40.15289159999999
            ],
            [
              116.2669225,
              40.1528916
            ],
            [
              116.26690269999999,
              40.152970100000005
            ],
            [
              116.2670016,
              40.1529943
            ],
            [
              116.26702140000002,
              40.1529701
            ],
            [
              116.26736929999998,
              40.1530699
            ],
            [
              116.2673496,
              40.15310919999999
            ],
            [
              116.26727839999998,
              40.153103099999996
            ],
            [
              116.2671756,
              40.153311699999996
            ],
            [
              116.2672293,
              40.1533253
            ],
            [
              116.26720720000002,
              40.153369100000006
            ],
            [
              116.2667604,
              40.153269400000006
            ],
            [
              116.26670499999999,
              40.1533872
            ],
            [
              116.26755520000002,
              40.1535897
            ]
          ]
        ]
      },
      "properties": {
        "kind": "building",
        "name": "二公寓",
        "osm_tags": {
          "building": "apartments",
          "name": "二公寓"
        }
      }
    },
    {
      "type": "Feature",
      "id": "way/446354610",
      "geometry": {
        "type": "Polygon",
        "coordinates": [
          [
            [
              116.26862819999998,
              40.153876800000006
            ],
            [
              116.2688654,
              40.1533388
            ],
            [
              116.26800400000002,
              40.1530986
            ],
            [
              116.26798880000001,
              40.153136999999994
            ],
            [
              116.2679559,
              40.153127299999994
            ],
            [
              116.26794010000002,
              40.15316349999999
            ],
            [
              116.2679757,
              40.15317259999999
            ],
            [
              116.267948,
              40.1532361
            ],
            [
              116.2682565,
              40.15331770000001
            ],
            [
              116.26824070000002,
              40.153363
            ],
            [
              116.26817339999998,
              40.153354
            ],
            [
              116.2680864,
              40.1535323
            ],
            [
              116.26814569999999,
              40.1535534
            ],
            [
              116.2681299,
              40.1536048
            ],
            [
              116.2678294,
              40.15352620000001
            ],
            [
              116.2678215,
              40.1535625
            ],
            [
              116.267782,
              40.1535504
            ],
            [
              116.267774,
              40.15360179999999
            ],
            [
              116.26774640000001,
              40.15365620000001
            ],
            [
              116.26862819999998,
              40.153876800000006
            ]
          ]
        ]
      },
      "properties": {
        "kind": "building",
        "name": "一公寓",
        "osm_tags": {
          "building": "apartments",
          "name": "一公寓"
        }
      }
    },
    {
      "type": "Feature",
      "id": "way/446354611",
      "geometry": {
        "type": "Polygon",
        "coordinates": [
          [
            [
              116.2686074,
              40.1552579
            ],
            [
              116.26862789999998,
              40.1552116
            ],
            [
              116.26877969999998,
              40.15525219999999
            ],
            [
              116.26922880000001,
              40.1542283
            ],
            [
              116.2688583,
              40.15413219999999
            ],
            [
              116.268799,
              40.1542614
            ],
            [
              116.2687459,
              40.1542524
            ],
            [
              116.2686786,
              40.15440550000001
            ],
            [
              116.26867760000002,
              40.154432699999994
            ],
            [
              116.2686919,
              40.1544545
            ],
            [
              116.26853539999999,
              40.15482299999999
            ],
            [
              116.2685052,
              40.1548328
            ],
            [
              116.26847959999999,
              40.1548541
            ],
            [
              116.2684111,
              40.15500879999999
            ],
            [
              116.26847090000001,
              40.15502440000001
            ],
            [
              116.2684083,
              40.1551593
            ],
            [
              116.2685315,
              40.1551907
            ],
            [
              116.2685107,
              40.155231699999995
            ],
            [
              116.2686074,
              40.1552579
            ]
          ]
        ]
      },
      "properties": {
        "kind": "building",
        "name": "沙河第一食堂",
        "osm_tags": {
          "amenity": "restaurant",
          "building": "yes",
          "fast_food": "cafeteria",
          "name": "沙河第一食堂",
          "name:zh": "沙河第一食堂",
          "name:zh-Hans": "沙河第一食堂",
          "name:zh-Hant": "沙河第一食堂"
        }
      }
    },
    {
      "type": "Feature",
      "id": "way/446354612",
      "geometry": {
        "type": "Polygon",
        "coordinates": [
          [
            [
              116.2694135,
              40.15387199999999
            ],
            [
              116.2694582,
              40.15377819999999
            ],
            [
              116.26934759999999,
              40.1537513
            ],
            [
              116.2693336,
              40.15377649999999
            ],
            [
              116.26924050000001,
              40.153757399999996
            ],
            [
              116.2692076,
              40.15375459999999
            ],
            [
              116.2691584,
              40.1537554
            ],
            [
              116.26908510000001,
              40.15376729999999
            ],
            [
              116.2690335,
              40.153786399999994
            ],
            [
              116.26898069999999,
              40.1538292
            ],
            [
              116.2689459,
              40.1538713
            ],
            [
              116.2689257,
              40.1539074
            ],
            [
              116.26891250000001,
              40.153941200000006
            ],
            [
              116.26888739999998,
              40.15393689999999
            ],
            [
              116.2688582,
              40.15400639999999
            ],
            [
              116.2690144,
              40.154047600000006
            ],
            [
              116.2693024,
              40.1541236
            ],
            [
              116.2694135,
              40.15387199999999
            ]
          ]
        ]
      },
      "properties": {
        "kind": "building",
        "name": "沙河西区综合服务中心",
        "osm_tags": {
          "building": "yes",
          "name": "沙河西区综合服务中心",
          "name:zh": "沙河西区综合服务中心",
          "name:zh-Hans": "沙河西区综合服务中心",
          "name:zh-Hant": "沙河西區綜合服務中心"
        }
      }
    },
    {
      "type": "Feature",
      "id": "way/446354614",
      "geometry": {
        "type": "LineString",
        "coordinates": [
          [
            116.26902110000002,
            40.153304
          ],
          [
            116.26911480000001,
            40.153487199999994
          ],
          [
            116.2689792,
            40.153566699999985
          ]
        ]
      },
      "properties": {
        "kind": "path",
        "name": "",
        "osm_tags": {
          "highway": "footway"
        }
      }
    },
    {
      "type": "Feature",
      "id": "way/446354615",
      "geometry": {
        "type": "LineString",
        "coordinates": [
          [
            116.26911480000001,
            40.153487199999994
          ],
          [
            116.26944980000002,
            40.15338479999999
          ]
        ]
      },
      "properties": {
        "kind": "path",
        "name": "",
        "osm_tags": {
          "access": "no",
          "bicycle": "yes",
          "foot": "yes",
          "highway": "footway",
          "horse": "yes"
        }
      }
    },
    {
      "type": "Feature",
      "id": "way/446354616",
      "geometry": {
        "type": "LineString",
        "coordinates": [
          [
            116.26909380000001,
            40.1530157
          ],
          [
            116.26926140000002,
            40.1530307
          ],
          [
            116.26939259999999,
            40.15301950000001
          ],
          [
            116.2694728,
            40.1529872
          ],
          [
            116.2695121,
            40.15292710000001
          ],
          [
            116.26959959999999,
            40.152762199999984
          ],
          [
            116.26965930000001,
            40.1526464
          ],
          [
            116.26964910000001,
            40.15257059999999
          ],
          [
            116.2695998,
            40.15251169999999
          ],
          [
            116.26955970000002,
            40.15248609999998
          ],
          [
            116.26934399999999,
            40.152434500000005
          ],
          [
            116.26928390000002,
            40.152417
          ]
        ]
      },
      "properties": {
        "kind": "path",
        "name": "",
        "osm_tags": {
          "highway": "footway"
        }
      }
    },
    {
      "type": "Feature",
      "id": "way/446354618",
      "geometry": {
        "type": "Polygon",
        "coordinates": [
          [
            [
              116.2664984,
              40.1512803
            ],
            [
              116.2666277,
              40.1510032
            ],
            [
              116.26635579999999,
              40.15093780000001
            ],
            [
              116.26622950000001,
              40.1512092
            ],
            [
              116.2664984,
              40.1512803
            ]
          ]
        ]
      },
      "properties": {
        "kind": "building",
        "name": "教003",
        "osm_tags": {
          "building": "university",
          "name": "教003",
          "name:zh": "教003",
          "name:zh-Hans": "教003",
          "name:zh-Hant": "教003"
        }
      }
    },
    {
      "type": "Feature",
      "id": "way/446354619",
      "geometry": {
        "type": "Polygon",
        "coordinates": [
          [
            [
              116.26609110000001,
              40.1511726
            ],
            [
              116.26610219999999,
              40.151153199999996
            ],
            [
              116.2661539,
              40.15116619999999
            ],
            [
              116.2662644,
              40.1509158
            ],
            [
              116.2661329,
              40.15088419999999
            ],
            [
              116.26611330000001,
              40.1509349
            ],
            [
              116.2661021,
              40.1509635
            ],
            [
              116.26602420000002,
              40.1511546
            ],
            [
              116.26609110000001,
              40.1511726
            ]
          ]
        ]
      },
      "properties": {
        "kind": "building",
        "name": "",
        "osm_tags": {
          "building": "university"
        }
      }
    },
    {
      "type": "Feature",
      "id": "way/446354620",
      "geometry": {
        "type": "Polygon",
        "coordinates": [
          [
            [
              116.2663092,
              40.15063339999998
            ],
            [
              116.26631679999998,
              40.150613199999995
            ],
            [
              116.2663816,
              40.1506285
            ],
            [
              116.2664773,
              40.15040419999999
            ],
            [
              116.2663493,
              40.1503715
            ],
            [
              116.26636650000002,
              40.1503309
            ],
            [
              116.26609619999999,
              40.1502657
            ],
            [
              116.26593099999998,
              40.1502279
            ],
            [
              116.26590950000002,
              40.150289400000005
            ],
            [
              116.2658451,
              40.1502773
            ],
            [
              116.2657837,
              40.1504331
            ],
            [
              116.26584699999998,
              40.150444499999985
            ],
            [
              116.2658218,
              40.1505136
            ],
            [
              116.2659716,
              40.150543799999994
            ],
            [
              116.2660488,
              40.1503397
            ],
            [
              116.26633440000002,
              40.15040979999999
            ],
            [
              116.2662491,
              40.1506205
            ],
            [
              116.2663092,
              40.15063339999998
            ]
          ]
        ]
      },
      "properties": {
        "kind": "building",
        "name": "",
        "osm_tags": {
          "building": "university"
        }
      }
    },
    {
      "type": "Feature",
      "id": "way/446354621",
      "geometry": {
        "type": "Polygon",
        "coordinates": [
          [
            [
              116.2658146,
              40.1508976
            ],
            [
              116.2661021,
              40.1509635
            ],
            [
              116.26611330000001,
              40.1509349
            ],
            [
              116.2658416,
              40.1508674
            ],
            [
              116.26586220000002,
              40.15081539999999
            ],
            [
              116.2657322,
              40.150786700000005
            ],
            [
              116.26558650000001,
              40.1511196
            ],
            [
              116.2656535,
              40.15113300000001
            ],
            [
              116.26568240000002,
              40.151072000000006
            ],
            [
              116.26573200000001,
              40.15108409999999
            ],
            [
              116.2658146,
              40.1508976
            ]
          ]
        ]
      },
      "properties": {
        "kind": "building",
        "name": "",
        "osm_tags": {
          "building": "university"
        }
      }
    },
    {
      "type": "Feature",
      "id": "way/446354622",
      "geometry": {
        "type": "Polygon",
        "coordinates": [
          [
            [
              116.2667768,
              40.1506655
            ],
            [
              116.266844,
              40.150498
            ],
            [
              116.26655040000001,
              40.150422899999995
            ],
            [
              116.26647460000001,
              40.150586
            ],
            [
              116.2667768,
              40.1506655
            ]
          ]
        ]
      },
      "properties": {
        "kind": "building",
        "name": "教004",
        "osm_tags": {
          "building": "university",
          "name": "教004",
          "name:zh": "教004",
          "name:zh-Hans": "教004",
          "name:zh-Hant": "教004"
        }
      }
    },
    {
      "type": "Feature",
      "id": "way/446354623",
      "geometry": {
        "type": "Polygon",
        "coordinates": [
          [
            [
              116.26635099999999,
              40.15026629999999
            ],
            [
              116.26644210000002,
              40.150059399999996
            ],
            [
              116.26620669999998,
              40.150002099999995
            ],
            [
              116.2661207,
              40.1502074
            ],
            [
              116.26635099999999,
              40.15026629999999
            ]
          ]
        ]
      },
      "properties": {
        "kind": "building",
        "name": "教001",
        "osm_tags": {
          "building": "university",
          "name": "教001",
          "name:zh": "教001",
          "name:zh-Hans": "教001",
          "name:zh-Hant": "教001"
        }
      }
    },
    {
      "type": "Feature",
      "id": "way/446354624",
      "geometry": {
        "type": "Polygon",
        "coordinates": [
          [
            [
              116.26537820000001,
              40.150997
            ],
            [
              116.26552950000001,
              40.1510354
            ],
            [
              116.26561380000001,
              40.1508535
            ],
            [
              116.2653511,
              40.150783899999986
            ],
            [
              116.2652675,
              40.150968899999995
            ],
            [
              116.26537820000001,
              40.150997
            ]
          ]
        ]
      },
      "properties": {
        "kind": "building",
        "name": "教002",
        "osm_tags": {
          "building": "university",
          "name": "教002",
          "name:zh": "教002",
          "name:zh-Hans": "教002",
          "name:zh-Hant": "教002"
        }
      }
    },
    {
      "type": "Feature",
      "id": "way/446354625",
      "geometry": {
        "type": "Polygon",
        "coordinates": [
          [
            [
              116.2649727,
              40.1507408
            ],
            [
              116.2651387,
              40.15034529999999
            ],
            [
              116.26492450000002,
              40.1502871
            ],
            [
              116.2647508,
              40.150686099999994
            ],
            [
              116.2649727,
              40.1507408
            ]
          ]
        ]
      },
      "properties": {
        "kind": "park",
        "name": "",
        "osm_tags": {
          "landuse": "grass"
        }
      }
    },
    {
      "type": "Feature",
      "id": "way/446354626",
      "geometry": {
        "type": "Polygon",
        "coordinates": [
          [
            [
              116.26501679999998,
              40.1502713
            ],
            [
              116.2650478,
              40.1502031
            ],
            [
              116.2649763,
              40.1501813
            ],
            [
              116.26494590000001,
              40.150249599999995
            ],
            [
              116.26501679999998,
              40.1502713
            ]
          ]
        ]
      },
      "properties": {
        "kind": "park",
        "name": "",
        "osm_tags": {
          "landuse": "grass"
        }
      }
    },
    {
      "type": "Feature",
      "id": "way/446354627",
      "geometry": {
        "type": "Polygon",
        "coordinates": [
          [
            [
              116.26515980000002,
              40.15030209999999
            ],
            [
              116.26518590000002,
              40.1502429
            ],
            [
              116.2651198,
              40.1502237
            ],
            [
              116.26509149999998,
              40.150283599999995
            ],
            [
              116.26515980000002,
              40.15030209999999
            ]
          ]
        ]
      },
      "properties": {
        "kind": "park",
        "name": "",
        "osm_tags": {
          "landuse": "grass"
        }
      }
    },
    {
      "type": "Feature",
      "id": "way/446354628",
      "geometry": {
        "type": "Polygon",
        "coordinates": [
          [
            [
              116.2650603,
              40.1501716
            ],
            [
              116.26508930000001,
              40.15010910000001
            ],
            [
              116.26501940000001,
              40.1500888
            ],
            [
              116.2649902,
              40.15015019999999
            ],
            [
              116.2650603,
              40.1501716
            ]
          ]
        ]
      },
      "properties": {
        "kind": "park",
        "name": "",
        "osm_tags": {
          "landuse": "grass"
        }
      }
    },
    {
      "type": "Feature",
      "id": "way/446354629",
      "geometry": {
        "type": "Polygon",
        "coordinates": [
          [
            [
              116.265202,
              40.15020630000001
            ],
            [
              116.26523150000001,
              40.150145
            ],
            [
              116.26516380000001,
              40.15012569999999
            ],
            [
              116.26513739999999,
              40.150188299999996
            ],
            [
              116.265202,
              40.15020630000001
            ]
          ]
        ]
      },
      "properties": {
        "kind": "park",
        "name": "",
        "osm_tags": {
          "landuse": "grass"
        }
      }
    },
    {
      "type": "Feature",
      "id": "way/446354630",
      "geometry": {
        "type": "Polygon",
        "coordinates": [
          [
            [
              116.2653999,
              40.149894599999996
            ],
            [
              116.2654815,
              40.1496974
            ],
            [
              116.2652746,
              40.149649499999995
            ],
            [
              116.26519439999998,
              40.1498445
            ],
            [
              116.2653999,
              40.149894599999996
            ]
          ]
        ]
      },
      "properties": {
        "kind": "park",
        "name": "",
        "osm_tags": {
          "landuse": "grass"
        }
      }
    },
    {
      "type": "Feature",
      "id": "way/446354631",
      "geometry": {
        "type": "Polygon",
        "coordinates": [
          [
            [
              116.2655413,
              40.1495081
            ],
            [
              116.2656127,
              40.149337599999996
            ],
            [
              116.26545239999999,
              40.14929859999999
            ],
            [
              116.26537950000001,
              40.149468
            ],
            [
              116.2655413,
              40.1495081
            ]
          ]
        ]
      },
      "properties": {
        "kind": "park",
        "name": "",
        "osm_tags": {
          "landuse": "grass"
        }
      }
    },
    {
      "type": "Feature",
      "id": "way/446354632",
      "geometry": {
        "type": "Polygon",
        "coordinates": [
          [
            [
              116.2657366,
              40.14904800000001
            ],
            [
              116.2658051,
              40.1488864
            ],
            [
              116.2656418,
              40.1488474
            ],
            [
              116.2655762,
              40.149010100000005
            ],
            [
              116.2657366,
              40.14904800000001
            ]
          ]
        ]
      },
      "properties": {
        "kind": "park",
        "name": "",
        "osm_tags": {
          "landuse": "grass"
        }
      }
    },
    {
      "type": "Feature",
      "id": "way/446354634",
      "geometry": {
        "type": "Polygon",
        "coordinates": [
          [
            [
              116.26474250000001,
              40.15032490000001
            ],
            [
              116.26480979999998,
              40.1501708
            ],
            [
              116.26460020000002,
              40.15011640000001
            ],
            [
              116.26451710000002,
              40.15025539999999
            ],
            [
              116.26474250000001,
              40.15032490000001
            ]
          ]
        ]
      },
      "properties": {
        "kind": "park",
        "name": "",
        "osm_tags": {
          "landuse": "grass"
        }
      }
    },
    {
      "type": "Feature",
      "id": "way/539397233",
      "geometry": {
        "type": "LineString",
        "coordinates": [
          [
            116.2567496,
            40.1549719
          ],
          [
            116.25603880000001,
            40.1566389
          ],
          [
            116.255832,
            40.1571446
          ],
          [
            116.2552921,
            40.158400099999994
          ],
          [
            116.25524713823202,
            40.15851125110513
          ]
        ]
      },
      "properties": {
        "kind": "road",
        "name": "北沙河西三路",
        "osm_tags": {
          "highway": "primary",
          "name": "北沙河西三路",
          "oneway": "yes"
        }
      }
    },
    {
      "type": "Feature",
      "id": "way/539397234",
      "geometry": {
        "type": "LineString",
        "coordinates": [
          [
            116.25508119202033,
            40.1585101835889
          ],
          [
            116.25535800000002,
            40.15785960000001
          ],
          [
            116.25551649999998,
            40.1574777
          ],
          [
            116.25589320000002,
            40.15660549999999
          ],
          [
            116.25656209999998,
            40.1549237
          ]
        ]
      },
      "properties": {
        "kind": "road",
        "name": "北沙河西三路",
        "osm_tags": {
          "highway": "primary",
          "name": "北沙河西三路",
          "oneway": "yes"
        }
      }
    },
    {
      "type": "Feature",
      "id": "way/606446498",
      "geometry": {
        "type": "LineString",
        "coordinates": [
          [
            116.27397885657071,
            40.14449360205926
          ],
          [
            116.27348740000001,
            40.1457898
          ],
          [
            116.2734391,
            40.1459115
          ],
          [
            116.27337960000001,
            40.146061
          ]
        ]
      },
      "properties": {
        "kind": "road",
        "name": "北沙河中路",
        "osm_tags": {
          "highway": "primary",
          "name": "北沙河中路",
          "oneway": "yes"
        }
      }
    },
    {
      "type": "Feature",
      "id": "way/606446499",
      "geometry": {
        "type": "LineString",
        "coordinates": [
          [
            116.27327,
            40.145867100000004
          ],
          [
            116.2733162,
            40.14574699999999
          ],
          [
            116.27379270000002,
            40.14450639999999
          ],
          [
            116.27379786590436,
            40.144492467128615
          ]
        ]
      },
      "properties": {
        "kind": "road",
        "name": "北沙河中路",
        "osm_tags": {
          "highway": "primary",
          "name": "北沙河中路",
          "oneway": "yes"
        }
      }
    },
    {
      "type": "Feature",
      "id": "way/606446512",
      "geometry": {
        "type": "LineString",
        "coordinates": [
          [
            116.27011471208773,
            40.14446930986951
          ],
          [
            116.26993770000001,
            40.144879100000004
          ],
          [
            116.2698863,
            40.1449982
          ]
        ]
      },
      "properties": {
        "kind": "road",
        "name": "北沙河西一路",
        "osm_tags": {
          "highway": "secondary",
          "name": "北沙河西一路",
          "oneway": "yes"
        }
      }
    },
    {
      "type": "Feature",
      "id": "way/606446513",
      "geometry": {
        "type": "LineString",
        "coordinates": [
          [
            116.26973430000001,
            40.144959599999986
          ],
          [
            116.26978980000001,
            40.144841099999994
          ],
          [
            116.26996431235304,
            40.144468361764666
          ]
        ]
      },
      "properties": {
        "kind": "road",
        "name": "北沙河西一路",
        "osm_tags": {
          "highway": "secondary",
          "name": "北沙河西一路",
          "oneway": "yes"
        }
      }
    },
    {
      "type": "Feature",
      "id": "way/607421941",
      "geometry": {
        "type": "Polygon",
        "coordinates": [
          [
            [
              116.2708145,
              40.1505254
            ],
            [
              116.27071869999999,
              40.1503858
            ],
            [
              116.270597,
              40.1504345
            ],
            [
              116.27069280000002,
              40.150574199999994
            ],
            [
              116.2708145,
              40.1505254
            ]
          ]
        ]
      },
      "properties": {
        "kind": "pitch",
        "name": "攀岩训练设施",
        "osm_tags": {
          "leisure": "pitch",
          "name": "攀岩训练设施",
          "sport": "climbing"
        }
      }
    },
    {
      "type": "Feature",
      "id": "way/657921281",
      "geometry": {
        "type": "LineString",
        "coordinates": [
          [
            116.2534526965459,
            40.148820995993425
          ],
          [
            116.253747,
            40.1488932
          ]
        ]
      },
      "properties": {
        "kind": "road",
        "name": "",
        "osm_tags": {
          "bridge": "yes",
          "highway": "tertiary",
          "layer": "1",
          "oneway": "yes"
        }
      }
    },
    {
      "type": "Feature",
      "id": "way/657921282",
      "geometry": {
        "type": "LineString",
        "coordinates": [
          [
            116.2536228,
            40.1490985
          ],
          [
            116.25345650000001,
            40.1492338
          ],
          [
            116.25344802108037,
            40.14924803162768
          ]
        ]
      },
      "properties": {
        "kind": "path",
        "name": "",
        "osm_tags": {
          "highway": "path",
          "oneway": "no"
        }
      }
    },
    {
      "type": "Feature",
      "id": "way/657921284",
      "geometry": {
        "type": "LineString",
        "coordinates": [
          [
            116.253747,
            40.1488932
          ],
          [
            116.2537956,
            40.148903
          ],
          [
            116.25430859999999,
            40.14903090000001
          ],
          [
            116.2547402,
            40.149128299999994
          ],
          [
            116.25553330000001,
            40.1493313
          ],
          [
            116.2590007,
            40.150225299999995
          ]
        ]
      },
      "properties": {
        "kind": "road",
        "name": "",
        "osm_tags": {
          "highway": "secondary",
          "oneway": "yes"
        }
      }
    },
    {
      "type": "Feature",
      "id": "way/657921286",
      "geometry": {
        "type": "LineString",
        "coordinates": [
          [
            116.2591157,
            40.1503609
          ],
          [
            116.2589365,
            40.15035329999999
          ],
          [
            116.2587545,
            40.15030769999999
          ],
          [
            116.2569097,
            40.14983010000001
          ],
          [
            116.2546454,
            40.14923449999999
          ],
          [
            116.25370169999998,
            40.14899040000001
          ]
        ]
      },
      "properties": {
        "kind": "road",
        "name": "",
        "osm_tags": {
          "highway": "secondary",
          "oneway": "yes"
        }
      }
    },
    {
      "type": "Feature",
      "id": "way/657921289",
      "geometry": {
        "type": "LineString",
        "coordinates": [
          [
            116.25662620000001,
            40.15478910000001
          ],
          [
            116.25695170000002,
            40.1541828
          ],
          [
            116.25764420000002,
            40.15285449999998
          ],
          [
            116.2589365,
            40.15035329999999
          ]
        ]
      },
      "properties": {
        "kind": "road",
        "name": "北沙河西三路",
        "osm_tags": {
          "highway": "primary",
          "name": "北沙河西三路",
          "oneway": "yes"
        }
      }
    },
    {
      "type": "Feature",
      "id": "way/657921301",
      "geometry": {
        "type": "Polygon",
        "coordinates": [
          [
            [
              116.26177400000002,
              40.152530999999996
            ],
            [
              116.2620125,
              40.1519668
            ],
            [
              116.26213989999998,
              40.1519959
            ],
            [
              116.26227990000001,
              40.15202779999999
            ],
            [
              116.2620313,
              40.152588599999994
            ],
            [
              116.262596,
              40.15272480000001
            ],
            [
              116.2629032,
              40.15279879999999
            ],
            [
              116.2631358,
              40.1522375
            ],
            [
              116.2632429,
              40.15197910000001
            ],
            [
              116.2623818,
              40.15177269999999
            ],
            [
              116.2622459,
              40.1517369
            ],
            [
              116.2621216,
              40.1517042
            ],
            [
              116.26115970000001,
              40.15146829999999
            ],
            [
              116.26104830000001,
              40.1517289
            ],
            [
              116.26080470000001,
              40.1522989
            ],
            [
              116.26177400000002,
              40.152530999999996
            ]
          ]
        ]
      },
      "properties": {
        "kind": "building",
        "name": "原国家实验室二期",
        "osm_tags": {
          "building": "yes",
          "name": "原国家实验室二期",
          "name:zh": "原国家实验室二期",
          "name:zh-Hans": "原国家实验室二期",
          "name:zh-Hant": "原國家實驗室二期"
        }
      }
    },
    {
      "type": "Feature",
      "id": "way/683140635",
      "geometry": {
        "type": "LineString",
        "coordinates": [
          [
            116.27507571235867,
            40.151380332957196
          ],
          [
            116.27502400000002,
            40.1514789
          ],
          [
            116.27487109999998,
            40.1518084
          ],
          [
            116.27428879999998,
            40.152991400000005
          ],
          [
            116.27419390000001,
            40.15318330000001
          ],
          [
            116.27389419999999,
            40.15383409999999
          ]
        ]
      },
      "properties": {
        "kind": "road",
        "name": "",
        "osm_tags": {
          "highway": "residential",
          "oneway": "yes"
        }
      }
    },
    {
      "type": "Feature",
      "id": "way/683140636",
      "geometry": {
        "type": "LineString",
        "coordinates": [
          [
            116.27375820000002,
            40.15380029999999
          ],
          [
            116.27397240000002,
            40.15335269999999
          ],
          [
            116.27416419999999,
            40.15295559999999
          ],
          [
            116.274747,
            40.1517722
          ],
          [
            116.2748973,
            40.1514407
          ],
          [
            116.27499199999998,
            40.15125329999999
          ],
          [
            116.27507889185391,
            40.15108129111573
          ]
        ]
      },
      "properties": {
        "kind": "road",
        "name": "",
        "osm_tags": {
          "highway": "residential",
          "oneway": "yes"
        }
      }
    },
    {
      "type": "Feature",
      "id": "way/683140637",
      "geometry": {
        "type": "LineString",
        "coordinates": [
          [
            116.2711083,
            40.15312629999999
          ],
          [
            116.27231520000001,
            40.15344399999999
          ],
          [
            116.27375820000002,
            40.15380029999999
          ],
          [
            116.27389419999999,
            40.15383409999999
          ],
          [
            116.2744494,
            40.1539773
          ],
          [
            116.2748768,
            40.15410049999999
          ],
          [
            116.27504627190147,
            40.15414909023979
          ]
        ]
      },
      "properties": {
        "kind": "road",
        "name": "",
        "osm_tags": {
          "highway": "residential"
        }
      }
    },
    {
      "type": "Feature",
      "id": "way/683140638",
      "geometry": {
        "type": "LineString",
        "coordinates": [
          [
            116.2711083,
            40.15312629999999
          ],
          [
            116.2710503,
            40.153090899999995
          ],
          [
            116.2710143,
            40.15303190000001
          ],
          [
            116.27120659999999,
            40.152588999999985
          ],
          [
            116.27179129999999,
            40.15124219999999
          ]
        ]
      },
      "properties": {
        "kind": "road",
        "name": "",
        "osm_tags": {
          "highway": "residential"
        }
      }
    },
    {
      "type": "Feature",
      "id": "way/683140639",
      "geometry": {
        "type": "LineString",
        "coordinates": [
          [
            116.27179129999999,
            40.15124219999999
          ],
          [
            116.27277419999999,
            40.1508528
          ]
        ]
      },
      "properties": {
        "kind": "road",
        "name": "",
        "osm_tags": {
          "highway": "residential"
        }
      }
    },
    {
      "type": "Feature",
      "id": "way/683140640",
      "geometry": {
        "type": "LineString",
        "coordinates": [
          [
            116.27277419999999,
            40.1508528
          ],
          [
            116.2734425,
            40.151044299999995
          ],
          [
            116.2748973,
            40.1514407
          ],
          [
            116.27502400000002,
            40.1514789
          ],
          [
            116.27507450026874,
            40.15149433276207
          ]
        ]
      },
      "properties": {
        "kind": "road",
        "name": "",
        "osm_tags": {
          "highway": "residential"
        }
      }
    },
    {
      "type": "Feature",
      "id": "way/683140642",
      "geometry": {
        "type": "LineString",
        "coordinates": [
          [
            116.27231520000001,
            40.15344399999999
          ],
          [
            116.2725537,
            40.152972199999994
          ]
        ]
      },
      "properties": {
        "kind": "road",
        "name": "",
        "osm_tags": {
          "highway": "residential"
        }
      }
    },
    {
      "type": "Feature",
      "id": "way/683140643",
      "geometry": {
        "type": "LineString",
        "coordinates": [
          [
            116.272819,
            40.152594500000006
          ],
          [
            116.27318129999999,
            40.152693799999994
          ],
          [
            116.27416419999999,
            40.15295559999999
          ],
          [
            116.27428879999998,
            40.152991400000005
          ],
          [
            116.2748295,
            40.1531537
          ],
          [
            116.27505616480198,
            40.15321874543057
          ]
        ]
      },
      "properties": {
        "kind": "road",
        "name": "",
        "osm_tags": {
          "highway": "residential"
        }
      }
    },
    {
      "type": "Feature",
      "id": "way/683140646",
      "geometry": {
        "type": "LineString",
        "coordinates": [
          [
            116.2748361,
            40.1541843
          ],
          [
            116.2748768,
            40.15410049999999
          ],
          [
            116.2750505883197,
            40.1537431724379
          ]
        ]
      },
      "properties": {
        "kind": "road",
        "name": "",
        "osm_tags": {
          "highway": "residential"
        }
      }
    },
    {
      "type": "Feature",
      "id": "way/683140647",
      "geometry": {
        "type": "LineString",
        "coordinates": [
          [
            116.27487109999998,
            40.1518084
          ],
          [
            116.274747,
            40.1517722
          ],
          [
            116.27376660000002,
            40.15151540000001
          ],
          [
            116.2733695,
            40.15140159999999
          ]
        ]
      },
      "properties": {
        "kind": "road",
        "name": "",
        "osm_tags": {
          "highway": "residential"
        }
      }
    },
    {
      "type": "Feature",
      "id": "way/683140648",
      "geometry": {
        "type": "LineString",
        "coordinates": [
          [
            116.2733695,
            40.15140159999999
          ],
          [
            116.27331210000001,
            40.151380100000004
          ],
          [
            116.27329659999998,
            40.151352499999994
          ]
        ]
      },
      "properties": {
        "kind": "road",
        "name": "",
        "osm_tags": {
          "highway": "residential"
        }
      }
    },
    {
      "type": "Feature",
      "id": "way/683140649",
      "geometry": {
        "type": "LineString",
        "coordinates": [
          [
            116.27329659999998,
            40.151352499999994
          ],
          [
            116.2734425,
            40.151044299999995
          ]
        ]
      },
      "properties": {
        "kind": "road",
        "name": "",
        "osm_tags": {
          "highway": "residential"
        }
      }
    },
    {
      "type": "Feature",
      "id": "way/683140793",
      "geometry": {
        "type": "Polygon",
        "coordinates": [
          [
            [
              116.27229620000001,
              40.15336639999999
            ],
            [
              116.272459,
              40.153033099999995
            ],
            [
              116.27132890000001,
              40.1527107
            ],
            [
              116.2711661,
              40.153043999999994
            ],
            [
              116.27229620000001,
              40.15336639999999
            ]
          ]
        ]
      },
      "properties": {
        "kind": "building",
        "name": "",
        "osm_tags": {
          "building": "school"
        }
      }
    },
    {
      "type": "Feature",
      "id": "way/683140794",
      "geometry": {
        "type": "Polygon",
        "coordinates": [
          [
            [
              116.27389410000002,
              40.15309679999999
            ],
            [
              116.27394759999999,
              40.152989099999985
            ],
            [
              116.27286120000001,
              40.152673600000014
            ],
            [
              116.2728076,
              40.1527814
            ],
            [
              116.27389410000002,
              40.15309679999999
            ]
          ]
        ]
      },
      "properties": {
        "kind": "building",
        "name": "",
        "osm_tags": {
          "building": "school"
        }
      }
    },
    {
      "type": "Feature",
      "id": "way/683140795",
      "geometry": {
        "type": "Polygon",
        "coordinates": [
          [
            [
              116.27354790000001,
              40.1536628
            ],
            [
              116.2736605,
              40.153425000000006
            ],
            [
              116.2726681,
              40.1530437
            ],
            [
              116.2724589,
              40.15340859999999
            ],
            [
              116.27354790000001,
              40.1536628
            ]
          ]
        ]
      },
      "properties": {
        "kind": "building",
        "name": "",
        "osm_tags": {
          "building": "school"
        }
      }
    },
    {
      "type": "Feature",
      "id": "way/683142063",
      "geometry": {
        "type": "Polygon",
        "coordinates": [
          [
            [
              116.27504685911143,
              40.154093869253124
            ],
            [
              116.27504810832522,
              40.15397639318299
            ],
            [
              116.27499820000001,
              40.1540802
            ],
            [
              116.27504685911143,
              40.154093869253124
            ]
          ]
        ]
      },
      "properties": {
        "kind": "building",
        "name": "",
        "osm_tags": {
          "building": "school"
        }
      }
    },
    {
      "type": "Feature",
      "id": "way/683142068",
      "geometry": {
        "type": "Polygon",
        "coordinates": [
          [
            [
              116.2746918,
              40.15162370000001
            ],
            [
              116.2747487,
              40.1515039
            ],
            [
              116.27347320000001,
              40.151149700000005
            ],
            [
              116.27341629999998,
              40.15126949999999
            ],
            [
              116.2746918,
              40.15162370000001
            ]
          ]
        ]
      },
      "properties": {
        "kind": "building",
        "name": "",
        "osm_tags": {
          "building": "school"
        }
      }
    },
    {
      "type": "Feature",
      "id": "way/683142069",
      "geometry": {
        "type": "Polygon",
        "coordinates": [
          [
            [
              116.27391690000002,
              40.15181020000001
            ],
            [
              116.27393319999999,
              40.1517766
            ],
            [
              116.27375949999998,
              40.151727199999996
            ],
            [
              116.2733434,
              40.1525819
            ],
            [
              116.27341130000002,
              40.1526012
            ],
            [
              116.2736038,
              40.15220599999999
            ],
            [
              116.2741085,
              40.15234950000001
            ],
            [
              116.27431590000002,
              40.15192369999999
            ],
            [
              116.27391690000002,
              40.15181020000001
            ]
          ]
        ]
      },
      "properties": {
        "kind": "building",
        "name": "",
        "osm_tags": {
          "building": "school"
        }
      }
    },
    {
      "type": "Feature",
      "id": "way/683142070",
      "geometry": {
        "type": "Polygon",
        "coordinates": [
          [
            [
              116.27161670000001,
              40.15250250000001
            ],
            [
              116.2716682,
              40.15258310000001
            ],
            [
              116.2717293,
              40.1526419
            ],
            [
              116.27182939999999,
              40.1527063
            ],
            [
              116.27191309999999,
              40.15274550000001
            ],
            [
              116.27200829999998,
              40.1527731
            ],
            [
              116.27212900000002,
              40.1527843
            ],
            [
              116.27224430000001,
              40.1527731
            ],
            [
              116.2723882,
              40.15274179999999
            ],
            [
              116.27251310000001,
              40.15266400000001
            ],
            [
              116.27265470000002,
              40.1525327
            ],
            [
              116.27308649999999,
              40.1516824
            ],
            [
              116.2730793,
              40.1515169
            ],
            [
              116.2730281,
              40.15142489999999
            ],
            [
              116.2729579,
              40.151337999999996
            ],
            [
              116.2728344,
              40.151256
            ],
            [
              116.27265590000002,
              40.151197199999984
            ],
            [
              116.2724965,
              40.1511822
            ],
            [
              116.2722336,
              40.151231400000015
            ],
            [
              116.2720834,
              40.15120269999999
            ],
            [
              116.2720458,
              40.151272399999996
            ],
            [
              116.27188489999999,
              40.1513134
            ],
            [
              116.2714075,
              40.152428699999994
            ],
            [
              116.27161670000001,
              40.15250250000001
            ]
          ]
        ]
      },
      "properties": {
        "kind": "pitch",
        "name": "",
        "osm_tags": {
          "leisure": "stadium"
        }
      }
    },
    {
      "type": "Feature",
      "id": "way/683142071",
      "geometry": {
        "type": "Polygon",
        "coordinates": [
          [
            [
              116.27308889999999,
              40.152633200000004
            ],
            [
              116.2734947,
              40.151827099999984
            ],
            [
              116.2730938,
              40.1517092
            ],
            [
              116.27268800000002,
              40.15251529999999
            ],
            [
              116.27308889999999,
              40.152633200000004
            ]
          ]
        ]
      },
      "properties": {
        "kind": "pitch",
        "name": "",
        "osm_tags": {
          "leisure": "pitch",
          "sport": "basketball"
        }
      }
    },
    {
      "type": "Feature",
      "id": "way/683142072",
      "geometry": {
        "type": "Polygon",
        "coordinates": [
          [
            [
              116.27310270000001,
              40.151697399999996
            ],
            [
              116.2734936,
              40.1518051
            ],
            [
              116.273632,
              40.15151159999999
            ],
            [
              116.27324100000001,
              40.1514039
            ],
            [
              116.27310270000001,
              40.151697399999996
            ]
          ]
        ]
      },
      "properties": {
        "kind": "pitch",
        "name": "",
        "osm_tags": {
          "leisure": "pitch",
          "sport": "tennis"
        }
      }
    },
    {
      "type": "Feature",
      "id": "way/683142073",
      "geometry": {
        "type": "LineString",
        "coordinates": [
          [
            116.27318129999999,
            40.152693799999994
          ],
          [
            116.27376660000002,
            40.15151540000001
          ]
        ]
      },
      "properties": {
        "kind": "road",
        "name": "",
        "osm_tags": {
          "highway": "residential"
        }
      }
    },
    {
      "type": "Feature",
      "id": "way/683142394",
      "geometry": {
        "type": "LineString",
        "coordinates": [
          [
            116.2744494,
            40.1539773
          ],
          [
            116.2747263,
            40.1533814
          ]
        ]
      },
      "properties": {
        "kind": "path",
        "name": "",
        "osm_tags": {
          "highway": "footway"
        }
      }
    },
    {
      "type": "Feature",
      "id": "way/683142395",
      "geometry": {
        "type": "LineString",
        "coordinates": [
          [
            116.27419390000001,
            40.15318330000001
          ],
          [
            116.27431120000001,
            40.15322940000001
          ],
          [
            116.2743966,
            40.153262700000006
          ],
          [
            116.2744629,
            40.1532642
          ],
          [
            116.2745471,
            40.1532976
          ]
        ]
      },
      "properties": {
        "kind": "path",
        "name": "",
        "osm_tags": {
          "highway": "footway"
        }
      }
    },
    {
      "type": "Feature",
      "id": "way/683142396",
      "geometry": {
        "type": "LineString",
        "coordinates": [
          [
            116.27505384306802,
            40.15343708905332
          ],
          [
            116.27499590000001,
            40.1534149
          ],
          [
            116.27492000000001,
            40.1534062
          ],
          [
            116.2749155,
            40.15340490000001
          ]
        ]
      },
      "properties": {
        "kind": "path",
        "name": "",
        "osm_tags": {
          "highway": "footway"
        }
      }
    },
    {
      "type": "Feature",
      "id": "way/683142397",
      "geometry": {
        "type": "LineString",
        "coordinates": [
          [
            116.2746256,
            40.15335269999999
          ],
          [
            116.27462830000002,
            40.15334430000001
          ],
          [
            116.2746393,
            40.153319200000006
          ],
          [
            116.2746539,
            40.15328780000001
          ],
          [
            116.2747442,
            40.1533123
          ],
          [
            116.27483209999998,
            40.15333619999999
          ],
          [
            116.2748141,
            40.153374899999996
          ],
          [
            116.2748004,
            40.1534046
          ],
          [
            116.2747263,
            40.1533814
          ],
          [
            116.2746256,
            40.15335269999999
          ]
        ]
      },
      "properties": {
        "kind": "path",
        "name": "",
        "osm_tags": {
          "highway": "footway"
        }
      }
    },
    {
      "type": "Feature",
      "id": "way/683142398",
      "geometry": {
        "type": "LineString",
        "coordinates": [
          [
            116.2747442,
            40.1533123
          ],
          [
            116.2747971,
            40.1532083
          ],
          [
            116.2748295,
            40.1531537
          ]
        ]
      },
      "properties": {
        "kind": "path",
        "name": "",
        "osm_tags": {
          "highway": "footway"
        }
      }
    },
    {
      "type": "Feature",
      "id": "way/683142399",
      "geometry": {
        "type": "LineString",
        "coordinates": [
          [
            116.2745471,
            40.1532976
          ],
          [
            116.274577,
            40.15325709999999
          ],
          [
            116.27462170000001,
            40.1532254
          ],
          [
            116.2746768,
            40.153205699999994
          ],
          [
            116.27473729999998,
            40.1531998
          ],
          [
            116.2747971,
            40.1532083
          ],
          [
            116.27485240000001,
            40.1532313
          ],
          [
            116.27489530000001,
            40.1532664
          ],
          [
            116.2749216,
            40.153310100000006
          ],
          [
            116.2749286,
            40.1533579
          ],
          [
            116.2749155,
            40.15340490000001
          ]
        ]
      },
      "properties": {
        "kind": "path",
        "name": "",
        "osm_tags": {
          "highway": "footway"
        }
      }
    },
    {
      "type": "Feature",
      "id": "way/683142400",
      "geometry": {
        "type": "LineString",
        "coordinates": [
          [
            116.2745471,
            40.1532976
          ],
          [
            116.2746393,
            40.153319200000006
          ]
        ]
      },
      "properties": {
        "kind": "path",
        "name": "",
        "osm_tags": {
          "highway": "footway"
        }
      }
    },
    {
      "type": "Feature",
      "id": "way/683142401",
      "geometry": {
        "type": "LineString",
        "coordinates": [
          [
            116.2749155,
            40.15340490000001
          ],
          [
            116.2748141,
            40.153374899999996
          ]
        ]
      },
      "properties": {
        "kind": "path",
        "name": "",
        "osm_tags": {
          "highway": "footway"
        }
      }
    },
    {
      "type": "Feature",
      "id": "way/683142499",
      "geometry": {
        "type": "LineString",
        "coordinates": [
          [
            116.27259450000001,
            40.1529838
          ],
          [
            116.272819,
            40.152594500000006
          ]
        ]
      },
      "properties": {
        "kind": "road",
        "name": "",
        "osm_tags": {
          "highway": "residential"
        }
      }
    },
    {
      "type": "Feature",
      "id": "way/683142501",
      "geometry": {
        "type": "LineString",
        "coordinates": [
          [
            116.27120659999999,
            40.152588999999985
          ],
          [
            116.2725537,
            40.152972199999994
          ],
          [
            116.27259450000001,
            40.1529838
          ],
          [
            116.27397240000002,
            40.15335269999999
          ]
        ]
      },
      "properties": {
        "kind": "road",
        "name": "",
        "osm_tags": {
          "highway": "residential"
        }
      }
    },
    {
      "type": "Feature",
      "id": "way/683349459",
      "geometry": {
        "type": "LineString",
        "coordinates": [
          [
            116.25387569999998,
            40.151391000000004
          ],
          [
            116.2547642,
            40.15161659999999
          ],
          [
            116.2549414,
            40.1516616
          ],
          [
            116.25554970000002,
            40.1518161
          ],
          [
            116.2560318,
            40.151938599999994
          ],
          [
            116.25678079999999,
            40.15212880000001
          ]
        ]
      },
      "properties": {
        "kind": "road",
        "name": "",
        "osm_tags": {
          "highway": "residential"
        }
      }
    },
    {
      "type": "Feature",
      "id": "way/683349460",
      "geometry": {
        "type": "LineString",
        "coordinates": [
          [
            116.2545253,
            40.1522047
          ],
          [
            116.2547642,
            40.15161659999999
          ]
        ]
      },
      "properties": {
        "kind": "road",
        "name": "",
        "osm_tags": {
          "highway": "residential"
        }
      }
    },
    {
      "type": "Feature",
      "id": "way/683350564",
      "geometry": {
        "type": "LineString",
        "coordinates": [
          [
            116.2549414,
            40.1516616
          ],
          [
            116.2556894,
            40.14996649999999
          ]
        ]
      },
      "properties": {
        "kind": "road",
        "name": "",
        "osm_tags": {
          "highway": "residential"
        }
      }
    },
    {
      "type": "Feature",
      "id": "way/683350565",
      "geometry": {
        "type": "LineString",
        "coordinates": [
          [
            116.2556894,
            40.14996649999999
          ],
          [
            116.25574630000001,
            40.149914300000006
          ],
          [
            116.2558298,
            40.14991429999999
          ]
        ]
      },
      "properties": {
        "kind": "road",
        "name": "",
        "osm_tags": {
          "highway": "residential"
        }
      }
    },
    {
      "type": "Feature",
      "id": "way/683350566",
      "geometry": {
        "type": "LineString",
        "coordinates": [
          [
            116.2558298,
            40.14991429999999
          ],
          [
            116.25677050000002,
            40.15016370000001
          ],
          [
            116.25751400000001,
            40.15036079999999
          ]
        ]
      },
      "properties": {
        "kind": "road",
        "name": "",
        "osm_tags": {
          "highway": "residential"
        }
      }
    },
    {
      "type": "Feature",
      "id": "way/683350567",
      "geometry": {
        "type": "LineString",
        "coordinates": [
          [
            116.25677050000002,
            40.15016370000001
          ],
          [
            116.2568088,
            40.1500723
          ],
          [
            116.2569097,
            40.14983010000001
          ]
        ]
      },
      "properties": {
        "kind": "road",
        "name": "",
        "osm_tags": {
          "highway": "residential"
        }
      }
    },
    {
      "type": "Feature",
      "id": "way/683350568",
      "geometry": {
        "type": "LineString",
        "coordinates": [
          [
            116.25678079999999,
            40.15212880000001
          ],
          [
            116.25754429999999,
            40.150415900000006
          ]
        ]
      },
      "properties": {
        "kind": "road",
        "name": "",
        "osm_tags": {
          "highway": "residential"
        }
      }
    },
    {
      "type": "Feature",
      "id": "way/683350569",
      "geometry": {
        "type": "LineString",
        "coordinates": [
          [
            116.25754429999999,
            40.150415900000006
          ],
          [
            116.25751400000001,
            40.15036079999999
          ]
        ]
      },
      "properties": {
        "kind": "road",
        "name": "",
        "osm_tags": {
          "highway": "residential"
        }
      }
    },
    {
      "type": "Feature",
      "id": "way/683350570",
      "geometry": {
        "type": "LineString",
        "coordinates": [
          [
            116.25764420000002,
            40.15285449999998
          ],
          [
            116.25742049999998,
            40.15279069999999
          ],
          [
            116.2566833,
            40.15257590000001
          ]
        ]
      },
      "properties": {
        "kind": "road",
        "name": "",
        "osm_tags": {
          "highway": "residential"
        }
      }
    },
    {
      "type": "Feature",
      "id": "way/683350571",
      "geometry": {
        "type": "LineString",
        "coordinates": [
          [
            116.2566833,
            40.15257590000001
          ],
          [
            116.25678079999999,
            40.15212880000001
          ]
        ]
      },
      "properties": {
        "kind": "road",
        "name": "",
        "osm_tags": {
          "highway": "residential"
        }
      }
    },
    {
      "type": "Feature",
      "id": "way/683350572",
      "geometry": {
        "type": "Polygon",
        "coordinates": [
          [
            [
              116.2573846,
              40.151415099999994
            ],
            [
              116.2574682,
              40.151220499999994
            ],
            [
              116.25568800000002,
              40.15077329999999
            ],
            [
              116.25560440000001,
              40.1509679
            ],
            [
              116.2573846,
              40.151415099999994
            ]
          ]
        ]
      },
      "properties": {
        "kind": "building",
        "name": "",
        "osm_tags": {
          "building": "university",
          "layer": "1"
        }
      }
    },
    {
      "type": "Feature",
      "id": "way/683350573",
      "geometry": {
        "type": "Polygon",
        "coordinates": [
          [
            [
              116.2557684,
              40.1507385
            ],
            [
              116.2558898,
              40.1504496
            ],
            [
              116.2575922,
              40.15086779999999
            ],
            [
              116.2576542,
              40.15072039999999
            ],
            [
              116.2556936,
              40.15023879999999
            ],
            [
              116.2555102,
              40.1506751
            ],
            [
              116.2557684,
              40.1507385
            ]
          ]
        ]
      },
      "properties": {
        "kind": "building",
        "name": "",
        "osm_tags": {
          "building": "university",
          "layer": "1"
        }
      }
    },
    {
      "type": "Feature",
      "id": "way/683350574",
      "geometry": {
        "type": "Polygon",
        "coordinates": [
          [
            [
              116.25752459999998,
              40.15263529999999
            ],
            [
              116.25832589999999,
              40.150896599999996
            ],
            [
              116.25773879999998,
              40.150738499999996
            ],
            [
              116.257663,
              40.150903099999994
            ],
            [
              116.2580851,
              40.15101669999999
            ],
            [
              116.2579297,
              40.1513538
            ],
            [
              116.2575238,
              40.15124459999999
            ],
            [
              116.25744400000002,
              40.151417699999996
            ],
            [
              116.25779549999999,
              40.1515123
            ],
            [
              116.257654,
              40.15181940000001
            ],
            [
              116.257131,
              40.15167859999999
            ],
            [
              116.2570384,
              40.1518796
            ],
            [
              116.25751190000001,
              40.15200709999999
            ],
            [
              116.25737429999998,
              40.1523056
            ],
            [
              116.25690440000001,
              40.1521791
            ],
            [
              116.25678580000002,
              40.1524364
            ],
            [
              116.25752459999998,
              40.15263529999999
            ]
          ]
        ]
      },
      "properties": {
        "kind": "building",
        "name": "",
        "osm_tags": {
          "building": "university"
        }
      }
    },
    {
      "type": "Feature",
      "id": "way/683350575",
      "geometry": {
        "type": "Polygon",
        "coordinates": [
          [
            [
              116.25379019999998,
              40.15298810000001
            ],
            [
              116.25396779999998,
              40.15261180000001
            ],
            [
              116.2539373,
              40.1526034
            ],
            [
              116.25399389999998,
              40.1524835
            ],
            [
              116.2537362,
              40.1524125
            ],
            [
              116.253502,
              40.152908700000005
            ],
            [
              116.25379019999998,
              40.15298810000001
            ]
          ]
        ]
      },
      "properties": {
        "kind": "building",
        "name": "",
        "osm_tags": {
          "building": "university"
        }
      }
    },
    {
      "type": "Feature",
      "id": "way/683351165",
      "geometry": {
        "type": "Polygon",
        "coordinates": [
          [
            [
              116.2552438,
              40.15237370000001
            ],
            [
              116.2552985,
              40.15222239999999
            ],
            [
              116.2549147,
              40.1521413
            ],
            [
              116.2549984,
              40.15190980000001
            ],
            [
              116.25537600000001,
              40.151989599999986
            ],
            [
              116.25542640000002,
              40.1518501
            ],
            [
              116.2547962,
              40.1517171
            ],
            [
              116.25460740000001,
              40.1522393
            ],
            [
              116.2552438,
              40.15237370000001
            ]
          ]
        ]
      },
      "properties": {
        "kind": "building",
        "name": "",
        "osm_tags": {
          "building": "university"
        }
      }
    },
    {
      "type": "Feature",
      "id": "way/683351166",
      "geometry": {
        "type": "Polygon",
        "coordinates": [
          [
            [
              116.2558031,
              40.1523616
            ],
            [
              116.2559609,
              40.15198989999999
            ],
            [
              116.255588,
              40.1518974
            ],
            [
              116.2554302,
              40.1522691
            ],
            [
              116.2558031,
              40.1523616
            ]
          ]
        ]
      },
      "properties": {
        "kind": "building",
        "name": "",
        "osm_tags": {
          "building": "university"
        }
      }
    },
    {
      "type": "Feature",
      "id": "way/683351167",
      "geometry": {
        "type": "Polygon",
        "coordinates": [
          [
            [
              116.25642309999999,
              40.15272350000001
            ],
            [
              116.2566551,
              40.1521786
            ],
            [
              116.2560608,
              40.1520307
            ],
            [
              116.2560014,
              40.15217049999999
            ],
            [
              116.25645439999998,
              40.1522832
            ],
            [
              116.2563492,
              40.15253039999999
            ],
            [
              116.255883,
              40.1524145
            ],
            [
              116.2558157,
              40.152572400000004
            ],
            [
              116.25642309999999,
              40.15272350000001
            ]
          ]
        ]
      },
      "properties": {
        "kind": "building",
        "name": "",
        "osm_tags": {
          "building": "university"
        }
      }
    },
    {
      "type": "Feature",
      "id": "way/683351168",
      "geometry": {
        "type": "Polygon",
        "coordinates": [
          [
            [
              116.2571088,
              40.1528683
            ],
            [
              116.25716750000001,
              40.15273570000001
            ],
            [
              116.2566395,
              40.15259940000001
            ],
            [
              116.25658090000002,
              40.152732
            ],
            [
              116.2571088,
              40.1528683
            ]
          ]
        ]
      },
      "properties": {
        "kind": "building",
        "name": "",
        "osm_tags": {
          "building": "university"
        }
      }
    },
    {
      "type": "Feature",
      "id": "way/683351169",
      "geometry": {
        "type": "Polygon",
        "coordinates": [
          [
            [
              116.25497430000001,
              40.1513635
            ],
            [
              116.2556497,
              40.14986230000001
            ],
            [
              116.2546078,
              40.14958839999999
            ],
            [
              116.25393239999998,
              40.15108970000001
            ],
            [
              116.25497430000001,
              40.1513635
            ]
          ]
        ]
      },
      "properties": {
        "kind": "pitch",
        "name": "",
        "osm_tags": {
          "leisure": "pitch",
          "sport": "soccer"
        }
      }
    },
    {
      "type": "Feature",
      "id": "way/683351170",
      "geometry": {
        "type": "Polygon",
        "coordinates": [
          [
            [
              116.25421,
              40.1514242
            ],
            [
              116.2543006,
              40.15120760000001
            ],
            [
              116.25394289999998,
              40.151120199999994
            ],
            [
              116.2538524,
              40.151336900000004
            ],
            [
              116.25421,
              40.1514242
            ]
          ]
        ]
      },
      "properties": {
        "kind": "pitch",
        "name": "",
        "osm_tags": {
          "leisure": "pitch",
          "sport": "tennis"
        }
      }
    },
    {
      "type": "Feature",
      "id": "way/683351171",
      "geometry": {
        "type": "Polygon",
        "coordinates": [
          [
            [
              116.2543978,
              40.151389099999996
            ],
            [
              116.25437400000001,
              40.151447099999984
            ],
            [
              116.254516,
              40.1514811
            ],
            [
              116.25459549999998,
              40.1512873
            ],
            [
              116.25431480000002,
              40.15122
            ],
            [
              116.25425909999998,
              40.15135589999999
            ],
            [
              116.2543978,
              40.151389099999996
            ]
          ]
        ]
      },
      "properties": {
        "kind": "pitch",
        "name": "",
        "osm_tags": {
          "leisure": "pitch",
          "sport": "volleyball"
        }
      }
    },
    {
      "type": "Feature",
      "id": "way/683351257",
      "geometry": {
        "type": "LineString",
        "coordinates": [
          [
            116.25554970000002,
            40.1518161
          ],
          [
            116.25530349999998,
            40.1523744
          ]
        ]
      },
      "properties": {
        "kind": "road",
        "name": "",
        "osm_tags": {
          "highway": "residential"
        }
      }
    },
    {
      "type": "Feature",
      "id": "way/683351259",
      "geometry": {
        "type": "LineString",
        "coordinates": [
          [
            116.2560318,
            40.151938599999994
          ],
          [
            116.2557911,
            40.152473300000004
          ]
        ]
      },
      "properties": {
        "kind": "road",
        "name": "",
        "osm_tags": {
          "highway": "residential"
        }
      }
    },
    {
      "type": "Feature",
      "id": "way/683360755",
      "geometry": {
        "type": "Polygon",
        "coordinates": [
          [
            [
              116.2562372,
              40.14896250000002
            ],
            [
              116.2556429,
              40.1488229
            ],
            [
              116.25592900000001,
              40.1481112
            ],
            [
              116.256381,
              40.1482174
            ],
            [
              116.25628380000002,
              40.148459199999984
            ],
            [
              116.2564344,
              40.14849459999999
            ],
            [
              116.25658420000002,
              40.1481221
            ],
            [
              116.2558062,
              40.147939399999984
            ],
            [
              116.25541510000001,
              40.148912300000006
            ],
            [
              116.2561847,
              40.149093
            ],
            [
              116.2562372,
              40.14896250000002
            ]
          ]
        ]
      },
      "properties": {
        "kind": "building",
        "name": "",
        "osm_tags": {
          "building": "university"
        }
      }
    },
    {
      "type": "Feature",
      "id": "way/683360756",
      "geometry": {
        "type": "Polygon",
        "coordinates": [
          [
            [
              116.2567759,
              40.1492749
            ],
            [
              116.2569168,
              40.1489348
            ],
            [
              116.25760760000001,
              40.1491019
            ],
            [
              116.2574674,
              40.14944040000001
            ],
            [
              116.2580773,
              40.14958800000001
            ],
            [
              116.2581386,
              40.14944
            ],
            [
              116.25770540000002,
              40.14933520000001
            ],
            [
              116.25783830000002,
              40.1490142
            ],
            [
              116.25677020000002,
              40.148755799999996
            ],
            [
              116.2566456,
              40.149056899999984
            ],
            [
              116.2563123,
              40.1489763
            ],
            [
              116.2562421,
              40.1491458
            ],
            [
              116.2567759,
              40.1492749
            ]
          ]
        ]
      },
      "properties": {
        "kind": "building",
        "name": "",
        "osm_tags": {
          "building": "university"
        }
      }
    },
    {
      "type": "Feature",
      "id": "way/683360757",
      "geometry": {
        "type": "Polygon",
        "coordinates": [
          [
            [
              116.25877260000001,
              40.149796699999996
            ],
            [
              116.25892290000002,
              40.149440299999995
            ],
            [
              116.2584199,
              40.14931639999999
            ],
            [
              116.2582696,
              40.14967270000001
            ],
            [
              116.25877260000001,
              40.149796699999996
            ]
          ]
        ]
      },
      "properties": {
        "kind": "building",
        "name": "",
        "osm_tags": {
          "building": "university"
        }
      }
    },
    {
      "type": "Feature",
      "id": "way/683360758",
      "geometry": {
        "type": "Polygon",
        "coordinates": [
          [
            [
              116.2590693,
              40.1492799
            ],
            [
              116.2592715,
              40.148790099999985
            ],
            [
              116.2584958,
              40.14860310000001
            ],
            [
              116.2584119,
              40.1488064
            ],
            [
              116.2589167,
              40.14892819999999
            ],
            [
              116.25879849999998,
              40.1492146
            ],
            [
              116.2590693,
              40.1492799
            ]
          ]
        ]
      },
      "properties": {
        "kind": "building",
        "name": "",
        "osm_tags": {
          "building": "university"
        }
      }
    },
    {
      "type": "Feature",
      "id": "way/683360759",
      "geometry": {
        "type": "Polygon",
        "coordinates": [
          [
            [
              116.2561401,
              40.1476445
            ],
            [
              116.2562604,
              40.1473596
            ],
            [
              116.2564871,
              40.14740200000001
            ],
            [
              116.2563734,
              40.14768029999999
            ],
            [
              116.25667780000002,
              40.1477532
            ],
            [
              116.2567554,
              40.14764050000001
            ],
            [
              116.25681049999999,
              40.1474658
            ],
            [
              116.2568138,
              40.14727160000001
            ],
            [
              116.25665779999999,
              40.14723409999999
            ],
            [
              116.2565696,
              40.1472979
            ],
            [
              116.25630790000001,
              40.14724330000001
            ],
            [
              116.25650060000001,
              40.14677189999999
            ],
            [
              116.2570457,
              40.14690350000001
            ],
            [
              116.2570963,
              40.146781000000004
            ],
            [
              116.2563351,
              40.14659730000001
            ],
            [
              116.2559241,
              40.1475924
            ],
            [
              116.2561401,
              40.1476445
            ]
          ]
        ]
      },
      "properties": {
        "kind": "building",
        "name": "",
        "osm_tags": {
          "building": "university"
        }
      }
    },
    {
      "type": "Feature",
      "id": "way/683360760",
      "geometry": {
        "type": "Polygon",
        "coordinates": [
          [
            [
              116.25762179999998,
              40.147583600000004
            ],
            [
              116.25787379999998,
              40.1469836
            ],
            [
              116.2573302,
              40.1468501
            ],
            [
              116.25727549999999,
              40.1469803
            ],
            [
              116.25763010000001,
              40.147067299999996
            ],
            [
              116.2575098,
              40.147354
            ],
            [
              116.25712940000001,
              40.147260599999996
            ],
            [
              116.2570524,
              40.1474438
            ],
            [
              116.25762179999998,
              40.147583600000004
            ]
          ]
        ]
      },
      "properties": {
        "kind": "building",
        "name": "",
        "osm_tags": {
          "building": "university"
        }
      }
    },
    {
      "type": "Feature",
      "id": "way/683360761",
      "geometry": {
        "type": "Polygon",
        "coordinates": [
          [
            [
              116.25934899999999,
              40.148424
            ],
            [
              116.2597299,
              40.1474358
            ],
            [
              116.2589896,
              40.147271800000006
            ],
            [
              116.2589199,
              40.147439899999995
            ],
            [
              116.2594778,
              40.147562900000004
            ],
            [
              116.2593758,
              40.1478172
            ],
            [
              116.2592471,
              40.1477844
            ],
            [
              116.25917739999998,
              40.14769009999999
            ],
            [
              116.2589681,
              40.147673700000006
            ],
            [
              116.25882330000002,
              40.1477106
            ],
            [
              116.25877500000001,
              40.14783769999999
            ],
            [
              116.2588072,
              40.1478869
            ],
            [
              116.2589199,
              40.1479238
            ],
            [
              116.2589413,
              40.1478828
            ],
            [
              116.2593222,
              40.1479894
            ],
            [
              116.25923640000002,
              40.148219000000005
            ],
            [
              116.258716,
              40.148095999999995
            ],
            [
              116.25864630000001,
              40.1482641
            ],
            [
              116.25934899999999,
              40.148424
            ]
          ]
        ]
      },
      "properties": {
        "kind": "building",
        "name": "",
        "osm_tags": {
          "building": "university"
        }
      }
    },
    {
      "type": "Feature",
      "id": "way/683360762",
      "geometry": {
        "type": "Polygon",
        "coordinates": [
          [
            [
              116.2582049,
              40.14778259999999
            ],
            [
              116.2582405,
              40.147693799999985
            ],
            [
              116.25858909999998,
              40.1477753
            ],
            [
              116.2586344,
              40.147662200000006
            ],
            [
              116.25829760000002,
              40.14758340000001
            ],
            [
              116.2584208,
              40.147276
            ],
            [
              116.2587434,
              40.14735149999999
            ],
            [
              116.2587944,
              40.14722429999999
            ],
            [
              116.2583242,
              40.14711429999999
            ],
            [
              116.2581505,
              40.1475479
            ],
            [
              116.25809660000002,
              40.1475353
            ],
            [
              116.2580153,
              40.14773829999999
            ],
            [
              116.2582049,
              40.14778259999999
            ]
          ]
        ]
      },
      "properties": {
        "kind": "building",
        "name": "",
        "osm_tags": {
          "building": "university"
        }
      }
    },
    {
      "type": "Feature",
      "id": "way/683360763",
      "geometry": {
        "type": "LineString",
        "coordinates": [
          [
            116.25973599999999,
            40.14881629999999
          ],
          [
            116.2595415,
            40.14876400000001
          ],
          [
            116.25842069999999,
            40.148497799999994
          ]
        ]
      },
      "properties": {
        "kind": "road",
        "name": "",
        "osm_tags": {
          "highway": "residential"
        }
      }
    },
    {
      "type": "Feature",
      "id": "way/683360764",
      "geometry": {
        "type": "LineString",
        "coordinates": [
          [
            116.25842069999999,
            40.148497799999994
          ],
          [
            116.25823349999999,
            40.148973
          ],
          [
            116.25661879999998,
            40.148601299999996
          ],
          [
            116.2570266,
            40.1475662
          ],
          [
            116.2578043,
            40.14774520000001
          ],
          [
            116.25864129999998,
            40.147937799999994
          ],
          [
            116.25842069999999,
            40.148497799999994
          ]
        ]
      },
      "properties": {
        "kind": "road",
        "name": "",
        "osm_tags": {
          "highway": "residential"
        }
      }
    },
    {
      "type": "Feature",
      "id": "way/683360765",
      "geometry": {
        "type": "Polygon",
        "coordinates": [
          [
            [
              116.25631579999998,
              40.148789499999985
            ],
            [
              116.2563807,
              40.148633899999986
            ],
            [
              116.2562142,
              40.1485933
            ],
            [
              116.2561493,
              40.14874900000001
            ],
            [
              116.25631579999998,
              40.148789499999985
            ]
          ]
        ]
      },
      "properties": {
        "kind": "building",
        "name": "",
        "osm_tags": {
          "building": "university"
        }
      }
    },
    {
      "type": "Feature",
      "id": "way/683360766",
      "geometry": {
        "type": "LineString",
        "coordinates": [
          [
            116.2578043,
            40.14774520000001
          ],
          [
            116.25812870000001,
            40.14696850000001
          ],
          [
            116.25817140000001,
            40.146866199999984
          ],
          [
            116.25819569999999,
            40.14680799999999
          ]
        ]
      },
      "properties": {
        "kind": "road",
        "name": "",
        "osm_tags": {
          "highway": "residential"
        }
      }
    },
    {
      "type": "Feature",
      "id": "way/683361161",
      "geometry": {
        "type": "LineString",
        "coordinates": [
          [
            116.25714,
            40.145184399999984
          ],
          [
            116.25757602112814,
            40.144389596440696
          ]
        ]
      },
      "properties": {
        "kind": "road",
        "name": "",
        "osm_tags": {
          "highway": "residential"
        }
      }
    },
    {
      "type": "Feature",
      "id": "way/683361162",
      "geometry": {
        "type": "LineString",
        "coordinates": [
          [
            116.26047170000001,
            40.147378
          ],
          [
            116.25819569999999,
            40.14680799999999
          ]
        ]
      },
      "properties": {
        "kind": "road",
        "name": "",
        "osm_tags": {
          "highway": "residential"
        }
      }
    },
    {
      "type": "Feature",
      "id": "way/739536522",
      "geometry": {
        "type": "LineString",
        "coordinates": [
          [
            116.27012590000001,
            40.15349839999999
          ],
          [
            116.270176,
            40.1533756
          ],
          [
            116.2717011,
            40.1498367
          ]
        ]
      },
      "properties": {
        "kind": "road",
        "name": "北沙河中路",
        "osm_tags": {
          "highway": "primary",
          "name": "北沙河中路",
          "name:zh": "北沙河中路",
          "name:zh-Hans": "北沙河中路",
          "name:zh-Hant": "北沙河中路",
          "oneway": "yes"
        }
      }
    },
    {
      "type": "Feature",
      "id": "way/739536523",
      "geometry": {
        "type": "LineString",
        "coordinates": [
          [
            116.27031060000002,
            40.153545
          ],
          [
            116.27025600000002,
            40.153674
          ],
          [
            116.2701759,
            40.1538596
          ],
          [
            116.2694809,
            40.15547049999999
          ],
          [
            116.26910969999999,
            40.1562926
          ],
          [
            116.2690724,
            40.156397
          ],
          [
            116.26905869999999,
            40.1564803
          ],
          [
            116.2690643,
            40.156550599999996
          ],
          [
            116.269076,
            40.1565957
          ],
          [
            116.2690879,
            40.15662780000001
          ],
          [
            116.2691053,
            40.156658199999995
          ],
          [
            116.2691281,
            40.1566956
          ],
          [
            116.2691629,
            40.1567315
          ],
          [
            116.2692149,
            40.156775799999984
          ],
          [
            116.2692586,
            40.156802500000005
          ],
          [
            116.26932149999999,
            40.1568337
          ],
          [
            116.2694456,
            40.1568769
          ],
          [
            116.26957539999998,
            40.1569135
          ]
        ]
      },
      "properties": {
        "kind": "road",
        "name": "北沙河中路",
        "osm_tags": {
          "highway": "primary",
          "name": "北沙河中路",
          "name:zh": "北沙河中路",
          "name:zh-Hans": "北沙河中路",
          "name:zh-Hant": "北沙河中路",
          "oneway": "yes"
        }
      }
    },
    {
      "type": "Feature",
      "id": "way/739536524",
      "geometry": {
        "type": "LineString",
        "coordinates": [
          [
            116.27174080000002,
            40.14973319999999
          ],
          [
            116.27191820000002,
            40.14978489999999
          ]
        ]
      },
      "properties": {
        "kind": "road",
        "name": "高教园南三街",
        "osm_tags": {
          "highway": "tertiary",
          "name": "高教园南三街",
          "oneway": "yes"
        }
      }
    },
    {
      "type": "Feature",
      "id": "way/739536525",
      "geometry": {
        "type": "LineString",
        "coordinates": [
          [
            116.2717011,
            40.1498367
          ],
          [
            116.27174080000002,
            40.14973319999999
          ],
          [
            116.272525,
            40.1477747
          ],
          [
            116.2731728,
            40.1460982
          ],
          [
            116.273207,
            40.1460159
          ],
          [
            116.27327,
            40.145867100000004
          ]
        ]
      },
      "properties": {
        "kind": "road",
        "name": "北沙河中路",
        "osm_tags": {
          "highway": "primary",
          "name": "北沙河中路",
          "name:zh": "北沙河中路",
          "name:zh-Hans": "北沙河中路",
          "name:zh-Hant": "北沙河中路",
          "oneway": "yes"
        }
      }
    },
    {
      "type": "Feature",
      "id": "way/739536526",
      "geometry": {
        "type": "LineString",
        "coordinates": [
          [
            116.2718809,
            40.14989
          ],
          [
            116.2703559,
            40.1534302
          ],
          [
            116.27031060000002,
            40.153545
          ]
        ]
      },
      "properties": {
        "kind": "road",
        "name": "北沙河中路",
        "osm_tags": {
          "highway": "primary",
          "name": "北沙河中路",
          "name:zh": "北沙河中路",
          "name:zh-Hans": "北沙河中路",
          "name:zh-Hant": "北沙河中路",
          "oneway": "yes"
        }
      }
    },
    {
      "type": "Feature",
      "id": "way/739536527",
      "geometry": {
        "type": "LineString",
        "coordinates": [
          [
            116.27191820000002,
            40.14978489999999
          ],
          [
            116.2728143,
            40.150047
          ],
          [
            116.27508298900848,
            40.15069593382195
          ]
        ]
      },
      "properties": {
        "kind": "road",
        "name": "高教园南三街",
        "osm_tags": {
          "highway": "secondary",
          "name": "高教园南三街",
          "oneway": "yes"
        }
      }
    },
    {
      "type": "Feature",
      "id": "way/741597018",
      "geometry": {
        "type": "LineString",
        "coordinates": [
          [
            116.26683420000002,
            40.1524953
          ],
          [
            116.2667826,
            40.152480000000004
          ],
          [
            116.2666562,
            40.1524424
          ]
        ]
      },
      "properties": {
        "kind": "path",
        "name": "",
        "osm_tags": {
          "bicycle": "no",
          "crossing": "marked",
          "crossing:markings": "zebra",
          "footway": "crossing",
          "highway": "footway",
          "motor_vehicle": "no"
        }
      }
    },
    {
      "type": "Feature",
      "id": "way/741597019",
      "geometry": {
        "type": "LineString",
        "coordinates": [
          [
            116.2666562,
            40.1524424
          ],
          [
            116.2666256,
            40.15235929999999
          ],
          [
            116.2665806,
            40.1522952
          ],
          [
            116.26648470000002,
            40.15225850000001
          ],
          [
            116.26645770000002,
            40.152198999999996
          ],
          [
            116.2664667,
            40.15211419999999
          ],
          [
            116.26652670000001,
            40.15205699999999
          ],
          [
            116.26665549999998,
            40.15201570000001
          ],
          [
            116.2667274,
            40.151988299999985
          ],
          [
            116.2667934,
            40.1519264
          ],
          [
            116.2668323,
            40.1518623
          ],
          [
            116.26687800000002,
            40.15179309999999
          ]
        ]
      },
      "properties": {
        "kind": "path",
        "name": "",
        "osm_tags": {
          "highway": "footway"
        }
      }
    },
    {
      "type": "Feature",
      "id": "way/741597020",
      "geometry": {
        "type": "LineString",
        "coordinates": [
          [
            116.2666562,
            40.1524424
          ],
          [
            116.2669092,
            40.151848400000006
          ],
          [
            116.2669277,
            40.1518035
          ],
          [
            116.26701039999999,
            40.1516025
          ],
          [
            116.2672199,
            40.1510931
          ],
          [
            116.2674633,
            40.1505011
          ],
          [
            116.2675819,
            40.1502129
          ],
          [
            116.26759429999998,
            40.1501723
          ],
          [
            116.2676174,
            40.15012639999999
          ],
          [
            116.2679424,
            40.14939369999998
          ],
          [
            116.26801450000002,
            40.149231300000004
          ]
        ]
      },
      "properties": {
        "kind": "path",
        "name": "",
        "osm_tags": {
          "highway": "footway"
        }
      }
    },
    {
      "type": "Feature",
      "id": "way/741597021",
      "geometry": {
        "type": "LineString",
        "coordinates": [
          [
            116.268153,
            40.1492652
          ],
          [
            116.26808059999999,
            40.149430900000006
          ],
          [
            116.2680508,
            40.1495178
          ],
          [
            116.2678756,
            40.1499453
          ],
          [
            116.267592,
            40.1506374
          ],
          [
            116.2675236,
            40.150804300000004
          ],
          [
            116.26747930000002,
            40.1509123
          ],
          [
            116.26712230000001,
            40.1517834
          ],
          [
            116.267081,
            40.15188419999999
          ],
          [
            116.26683420000002,
            40.1524953
          ]
        ]
      },
      "properties": {
        "kind": "path",
        "name": "",
        "osm_tags": {
          "highway": "footway"
        }
      }
    },
    {
      "type": "Feature",
      "id": "way/741597022",
      "geometry": {
        "type": "LineString",
        "coordinates": [
          [
            116.25937050000002,
            40.1504955
          ],
          [
            116.2608283,
            40.15091609999999
          ],
          [
            116.26336930000001,
            40.1516493
          ],
          [
            116.26348240000002,
            40.1516819
          ],
          [
            116.263528,
            40.151695100000005
          ],
          [
            116.2636938,
            40.151742899999995
          ],
          [
            116.26398799999998,
            40.1518278
          ],
          [
            116.2646253,
            40.1520117
          ],
          [
            116.26477820000001,
            40.15205579999999
          ],
          [
            116.2650366,
            40.1521304
          ],
          [
            116.2651064,
            40.152150500000005
          ],
          [
            116.2665957,
            40.15258020000001
          ]
        ]
      },
      "properties": {
        "kind": "path",
        "name": "",
        "osm_tags": {
          "highway": "footway"
        }
      }
    },
    {
      "type": "Feature",
      "id": "way/741597023",
      "geometry": {
        "type": "LineString",
        "coordinates": [
          [
            116.2666562,
            40.1524424
          ],
          [
            116.2662065,
            40.1523104
          ],
          [
            116.264845,
            40.1519106
          ],
          [
            116.2643284,
            40.1517571
          ],
          [
            116.2637655,
            40.151596
          ],
          [
            116.2635722,
            40.15154010000001
          ],
          [
            116.2634403,
            40.151503
          ],
          [
            116.26247640000001,
            40.1512272
          ],
          [
            116.2618917,
            40.1510599
          ],
          [
            116.26088480000001,
            40.150771899999995
          ],
          [
            116.2594394,
            40.1503583
          ]
        ]
      },
      "properties": {
        "kind": "path",
        "name": "",
        "osm_tags": {
          "highway": "footway"
        }
      }
    },
    {
      "type": "Feature",
      "id": "way/741597025",
      "geometry": {
        "type": "LineString",
        "coordinates": [
          [
            116.2666562,
            40.1524424
          ],
          [
            116.2666256,
            40.152512
          ],
          [
            116.2665957,
            40.15258020000001
          ]
        ]
      },
      "properties": {
        "kind": "path",
        "name": "",
        "osm_tags": {
          "crossing": "marked",
          "crossing:markings": "zebra",
          "footway": "crossing",
          "highway": "footway"
        }
      }
    },
    {
      "type": "Feature",
      "id": "way/741597026",
      "geometry": {
        "type": "LineString",
        "coordinates": [
          [
            116.26683420000002,
            40.1524953
          ],
          [
            116.2668039,
            40.15256109999999
          ],
          [
            116.2667723,
            40.152630499999994
          ]
        ]
      },
      "properties": {
        "kind": "path",
        "name": "",
        "osm_tags": {
          "crossing": "marked",
          "crossing:markings": "zebra",
          "footway": "crossing",
          "highway": "footway"
        }
      }
    },
    {
      "type": "Feature",
      "id": "way/741597027",
      "geometry": {
        "type": "LineString",
        "coordinates": [
          [
            116.2667723,
            40.152630499999994
          ],
          [
            116.26783150000001,
            40.152938999999996
          ],
          [
            116.267898,
            40.1529581
          ],
          [
            116.2679445,
            40.1529714
          ],
          [
            116.2679918,
            40.152984999999994
          ],
          [
            116.2689238,
            40.1532351
          ]
        ]
      },
      "properties": {
        "kind": "path",
        "name": "",
        "osm_tags": {
          "highway": "footway"
        }
      }
    },
    {
      "type": "Feature",
      "id": "way/741597028",
      "geometry": {
        "type": "LineString",
        "coordinates": [
          [
            116.2665957,
            40.15258020000001
          ],
          [
            116.26671160000001,
            40.152609699999985
          ],
          [
            116.2667723,
            40.152630499999994
          ]
        ]
      },
      "properties": {
        "kind": "path",
        "name": "",
        "osm_tags": {
          "crossing": "marked",
          "crossing:markings": "zebra",
          "footway": "crossing",
          "highway": "footway"
        }
      }
    },
    {
      "type": "Feature",
      "id": "way/741597029",
      "geometry": {
        "type": "LineString",
        "coordinates": [
          [
            116.2689856,
            40.1531011
          ],
          [
            116.26800290000001,
            40.15282439999999
          ],
          [
            116.2679016,
            40.152795899999994
          ],
          [
            116.2678704,
            40.1527871
          ],
          [
            116.26683420000002,
            40.1524953
          ]
        ]
      },
      "properties": {
        "kind": "path",
        "name": "",
        "osm_tags": {
          "bicycle": "no",
          "highway": "footway",
          "motor_vehicle": "no"
        }
      }
    },
    {
      "type": "Feature",
      "id": "way/741597030",
      "geometry": {
        "type": "LineString",
        "coordinates": [
          [
            116.26911510000001,
            40.1531369
          ],
          [
            116.26904730000001,
            40.153118500000005
          ],
          [
            116.2689856,
            40.1531011
          ]
        ]
      },
      "properties": {
        "kind": "path",
        "name": "",
        "osm_tags": {
          "bicycle": "no",
          "crossing": "marked",
          "crossing:markings": "zebra",
          "footway": "crossing",
          "highway": "footway",
          "motor_vehicle": "no"
        }
      }
    },
    {
      "type": "Feature",
      "id": "way/741597031",
      "geometry": {
        "type": "LineString",
        "coordinates": [
          [
            116.2690715,
            40.1532783
          ],
          [
            116.26944980000002,
            40.15338479999999
          ],
          [
            116.2696094,
            40.1534304
          ],
          [
            116.26976109999998,
            40.153476700000006
          ],
          [
            116.2698124,
            40.153565799999996
          ]
        ]
      },
      "properties": {
        "kind": "path",
        "name": "",
        "osm_tags": {
          "highway": "footway"
        }
      }
    },
    {
      "type": "Feature",
      "id": "way/741597032",
      "geometry": {
        "type": "LineString",
        "coordinates": [
          [
            116.2689856,
            40.1531011
          ],
          [
            116.26895699999999,
            40.15316179999999
          ],
          [
            116.2689238,
            40.1532351
          ]
        ]
      },
      "properties": {
        "kind": "path",
        "name": "",
        "osm_tags": {
          "crossing": "marked",
          "crossing:markings": "zebra",
          "footway": "crossing",
          "highway": "footway"
        }
      }
    },
    {
      "type": "Feature",
      "id": "way/741597033",
      "geometry": {
        "type": "LineString",
        "coordinates": [
          [
            116.2689238,
            40.1532351
          ],
          [
            116.2689861,
            40.153252599999995
          ],
          [
            116.2690715,
            40.1532783
          ]
        ]
      },
      "properties": {
        "kind": "path",
        "name": "",
        "osm_tags": {
          "crossing": "marked",
          "crossing:markings": "zebra",
          "footway": "crossing",
          "highway": "footway"
        }
      }
    },
    {
      "type": "Feature",
      "id": "way/741597034",
      "geometry": {
        "type": "LineString",
        "coordinates": [
          [
            116.26783150000001,
            40.152938999999996
          ],
          [
            116.26787599999999,
            40.15285099999999
          ],
          [
            116.2679016,
            40.152795899999994
          ]
        ]
      },
      "properties": {
        "kind": "path",
        "name": "",
        "osm_tags": {
          "crossing": "marked",
          "crossing:markings": "zebra",
          "footway": "crossing",
          "highway": "footway"
        }
      }
    },
    {
      "type": "Feature",
      "id": "way/741597038",
      "geometry": {
        "type": "Polygon",
        "coordinates": [
          [
            [
              116.26335810000002,
              40.153706099999994
            ],
            [
              116.2637007,
              40.15378770000001
            ],
            [
              116.2647508,
              40.1540379
            ],
            [
              116.2652364,
              40.15415360000001
            ],
            [
              116.2654356,
              40.1537077
            ],
            [
              116.2646449,
              40.1535135
            ],
            [
              116.2645534,
              40.1537326
            ],
            [
              116.2638054,
              40.1535539
            ],
            [
              116.2639355,
              40.15350420000001
            ],
            [
              116.2639639,
              40.153445100000006
            ],
            [
              116.26340080000001,
              40.153311499999994
            ],
            [
              116.2633764,
              40.1533659
            ],
            [
              116.26345780000001,
              40.15347309999999
            ],
            [
              116.26238850000001,
              40.1532183
            ],
            [
              116.26228890000002,
              40.15345140000001
            ],
            [
              116.26335810000002,
              40.153706099999994
            ]
          ]
        ]
      },
      "properties": {
        "kind": "building",
        "name": "原国家实验室一期",
        "osm_tags": {
          "building": "university",
          "name": "原国家实验室一期",
          "name:zh": "原国家实验室一期",
          "name:zh-Hans": "原国家实验室一期",
          "name:zh-Hant": "原國家實驗室一期"
        }
      }
    },
    {
      "type": "Feature",
      "id": "way/741597039",
      "geometry": {
        "type": "Polygon",
        "coordinates": [
          [
            [
              116.26238850000001,
              40.1532183
            ],
            [
              116.26228890000002,
              40.15345140000001
            ],
            [
              116.26335810000002,
              40.153706099999994
            ],
            [
              116.26345780000001,
              40.15347309999999
            ],
            [
              116.26238850000001,
              40.1532183
            ]
          ]
        ]
      },
      "properties": {
        "kind": "building",
        "name": "沙河主楼B区",
        "osm_tags": {
          "building": "university",
          "name": "沙河主楼B区",
          "name:zh": "沙河主楼B区",
          "name:zh-Hans": "沙河主楼B区",
          "name:zh-Hant": "沙河主樓B區"
        }
      }
    },
    {
      "type": "Feature",
      "id": "way/741597040",
      "geometry": {
        "type": "Polygon",
        "coordinates": [
          [
            [
              116.2647508,
              40.1540379
            ],
            [
              116.26485220000002,
              40.15380389999999
            ],
            [
              116.2645534,
              40.1537326
            ],
            [
              116.2638054,
              40.1535539
            ],
            [
              116.2637007,
              40.15378770000001
            ],
            [
              116.2647508,
              40.1540379
            ]
          ]
        ]
      },
      "properties": {
        "kind": "building",
        "name": "沙河主楼A区",
        "osm_tags": {
          "building": "university",
          "name": "沙河主楼A区",
          "name:en": "Block A, Main Building",
          "name:zh": "沙河主楼A区",
          "name:zh-Hans": "沙河主楼A区",
          "name:zh-Hant": "沙河主樓A區"
        }
      }
    },
    {
      "type": "Feature",
      "id": "way/741597041",
      "geometry": {
        "type": "Polygon",
        "coordinates": [
          [
            [
              116.26104830000001,
              40.1517289
            ],
            [
              116.2620125,
              40.1519668
            ],
            [
              116.2621216,
              40.1517042
            ],
            [
              116.26115970000001,
              40.15146829999999
            ],
            [
              116.26104830000001,
              40.1517289
            ]
          ]
        ]
      },
      "properties": {
        "kind": "building",
        "name": "沙河主楼F区",
        "osm_tags": {
          "building": "university",
          "name": "沙河主楼F区",
          "name:zh": "沙河主楼F区",
          "name:zh-Hans": "沙河主楼F区",
          "name:zh-Hant": "沙河主樓F區"
        }
      }
    },
    {
      "type": "Feature",
      "id": "way/741597042",
      "geometry": {
        "type": "Polygon",
        "coordinates": [
          [
            [
              116.26282980000002,
              40.1521641
            ],
            [
              116.2631358,
              40.1522375
            ],
            [
              116.2632429,
              40.15197910000001
            ],
            [
              116.2623818,
              40.15177269999999
            ],
            [
              116.26227990000001,
              40.15202779999999
            ],
            [
              116.26282980000002,
              40.1521641
            ]
          ]
        ]
      },
      "properties": {
        "kind": "building",
        "name": "沙河主楼D区",
        "osm_tags": {
          "building": "university",
          "name": "沙河主楼D区",
          "name:zh": "沙河主楼D区",
          "name:zh-Hans": "沙河主楼D区",
          "name:zh-Hant": "沙河主樓D區"
        }
      }
    },
    {
      "type": "Feature",
      "id": "way/741602100",
      "geometry": {
        "type": "LineString",
        "coordinates": [
          [
            116.2655716,
            40.1536181
          ],
          [
            116.266121,
            40.15236219999999
          ]
        ]
      },
      "properties": {
        "kind": "planned",
        "name": "",
        "osm_tags": {
          "highway": "proposed"
        }
      }
    },
    {
      "type": "Feature",
      "id": "way/741602101",
      "geometry": {
        "type": "Polygon",
        "coordinates": [
          [
            [
              116.2655741,
              40.15337579999999
            ],
            [
              116.2659578,
              40.15248559999999
            ],
            [
              116.2651744,
              40.15228840000001
            ],
            [
              116.26479089999998,
              40.153178499999996
            ],
            [
              116.2655741,
              40.15337579999999
            ]
          ]
        ]
      },
      "properties": {
        "kind": "building",
        "name": "北航沙河校区图书",
        "osm_tags": {
          "amenity": "library",
          "building": "yes",
          "name": "北航沙河校区图书",
          "name:zh-Hans": "北航沙河校区图书馆",
          "name:zh-Hant": "北航沙河校區圖書館"
        }
      }
    },
    {
      "type": "Feature",
      "id": "way/741602102",
      "geometry": {
        "type": "LineString",
        "coordinates": [
          [
            116.26301820000002,
            40.1529802
          ],
          [
            116.2630385,
            40.1529294
          ],
          [
            116.2632482,
            40.15240579999998
          ],
          [
            116.26336290000002,
            40.1521193
          ],
          [
            116.2634286,
            40.151951099999984
          ],
          [
            116.263528,
            40.151695100000005
          ]
        ]
      },
      "properties": {
        "kind": "path",
        "name": "",
        "osm_tags": {
          "highway": "footway"
        }
      }
    },
    {
      "type": "Feature",
      "id": "way/741602103",
      "geometry": {
        "type": "LineString",
        "coordinates": [
          [
            116.26301820000002,
            40.1529802
          ],
          [
            116.26307610000002,
            40.1529942
          ],
          [
            116.2645344,
            40.153348700000016
          ]
        ]
      },
      "properties": {
        "kind": "path",
        "name": "",
        "osm_tags": {
          "highway": "footway"
        }
      }
    },
    {
      "type": "Feature",
      "id": "way/741602104",
      "geometry": {
        "type": "LineString",
        "coordinates": [
          [
            116.2645344,
            40.153348700000016
          ],
          [
            116.26455650000001,
            40.1532961
          ],
          [
            116.26477820000001,
            40.152768300000005
          ],
          [
            116.2648137,
            40.15268079999999
          ],
          [
            116.2649606,
            40.152317999999994
          ],
          [
            116.2650366,
            40.1521304
          ]
        ]
      },
      "properties": {
        "kind": "path",
        "name": "",
        "osm_tags": {
          "highway": "footway"
        }
      }
    },
    {
      "type": "Feature",
      "id": "way/741602105",
      "geometry": {
        "type": "LineString",
        "coordinates": [
          [
            116.26477820000001,
            40.152768300000005
          ],
          [
            116.26435150000002,
            40.15266309999999
          ],
          [
            116.2642375,
            40.1526349
          ],
          [
            116.2638123,
            40.15253359999999
          ],
          [
            116.2636983,
            40.152507699999994
          ],
          [
            116.2632482,
            40.15240579999998
          ]
        ]
      },
      "properties": {
        "kind": "path",
        "name": "",
        "osm_tags": {
          "highway": "footway"
        }
      }
    },
    {
      "type": "Feature",
      "id": "way/741602106",
      "geometry": {
        "type": "LineString",
        "coordinates": [
          [
            116.2634703,
            40.1530305
          ],
          [
            116.2636983,
            40.152507699999994
          ],
          [
            116.2637952,
            40.1522853
          ],
          [
            116.2638951,
            40.15205619999999
          ],
          [
            116.26398799999998,
            40.1518278
          ]
        ]
      },
      "properties": {
        "kind": "path",
        "name": "",
        "osm_tags": {
          "highway": "footway"
        }
      }
    },
    {
      "type": "Feature",
      "id": "way/741602107",
      "geometry": {
        "type": "LineString",
        "coordinates": [
          [
            116.26412660000001,
            40.153195399999994
          ],
          [
            116.26435150000002,
            40.15266309999999
          ],
          [
            116.26440679999999,
            40.15252929999998
          ],
          [
            116.26453910000001,
            40.152209600000006
          ],
          [
            116.2646253,
            40.1520117
          ]
        ]
      },
      "properties": {
        "kind": "path",
        "name": "",
        "osm_tags": {
          "highway": "footway"
        }
      }
    },
    {
      "type": "Feature",
      "id": "way/741602108",
      "geometry": {
        "type": "LineString",
        "coordinates": [
          [
            116.264845,
            40.1519106
          ],
          [
            116.2648152,
            40.15197539999999
          ],
          [
            116.26477820000001,
            40.15205579999999
          ]
        ]
      },
      "properties": {
        "kind": "path",
        "name": "",
        "osm_tags": {
          "crossing": "marked",
          "crossing:markings": "zebra",
          "footway": "crossing",
          "highway": "footway"
        }
      }
    },
    {
      "type": "Feature",
      "id": "way/741602109",
      "geometry": {
        "type": "LineString",
        "coordinates": [
          [
            116.2636938,
            40.151742899999995
          ],
          [
            116.26373209999998,
            40.1516645
          ],
          [
            116.2637655,
            40.151596
          ]
        ]
      },
      "properties": {
        "kind": "path",
        "name": "",
        "osm_tags": {
          "crossing": "marked",
          "crossing:markings": "zebra",
          "footway": "crossing",
          "highway": "footway"
        }
      }
    },
    {
      "type": "Feature",
      "id": "way/741602110",
      "geometry": {
        "type": "LineString",
        "coordinates": [
          [
            116.26336930000001,
            40.1516493
          ],
          [
            116.2634069,
            40.1515717
          ],
          [
            116.2634403,
            40.151503
          ]
        ]
      },
      "properties": {
        "kind": "path",
        "name": "",
        "osm_tags": {
          "crossing": "marked",
          "crossing:markings": "zebra",
          "footway": "crossing",
          "highway": "footway"
        }
      }
    },
    {
      "type": "Feature",
      "id": "way/741602111",
      "geometry": {
        "type": "LineString",
        "coordinates": [
          [
            116.26358299999998,
            40.1530589
          ],
          [
            116.2638123,
            40.15253359999999
          ],
          [
            116.26390240000002,
            40.15232359999999
          ],
          [
            116.2640055,
            40.1520833
          ],
          [
            116.26407590000001,
            40.1519191
          ],
          [
            116.26449500000001,
            40.152022699999996
          ],
          [
            116.2644282,
            40.15218149999999
          ],
          [
            116.26430389999999,
            40.15247709999999
          ],
          [
            116.2642375,
            40.1526349
          ],
          [
            116.2640133,
            40.153164800000006
          ]
        ]
      },
      "properties": {
        "kind": "path",
        "name": "",
        "osm_tags": {
          "highway": "footway"
        }
      }
    },
    {
      "type": "Feature",
      "id": "way/741602112",
      "geometry": {
        "type": "LineString",
        "coordinates": [
          [
            116.2644282,
            40.15218149999999
          ],
          [
            116.26453910000001,
            40.152209600000006
          ],
          [
            116.2649606,
            40.152317999999994
          ]
        ]
      },
      "properties": {
        "kind": "path",
        "name": "",
        "osm_tags": {
          "highway": "footway"
        }
      }
    },
    {
      "type": "Feature",
      "id": "way/741602113",
      "geometry": {
        "type": "LineString",
        "coordinates": [
          [
            116.2634286,
            40.151951099999984
          ],
          [
            116.2638951,
            40.15205619999999
          ],
          [
            116.2640055,
            40.1520833
          ]
        ]
      },
      "properties": {
        "kind": "path",
        "name": "",
        "osm_tags": {
          "highway": "footway"
        }
      }
    },
    {
      "type": "Feature",
      "id": "way/741602114",
      "geometry": {
        "type": "LineString",
        "coordinates": [
          [
            116.26336290000002,
            40.1521193
          ],
          [
            116.2637952,
            40.1522853
          ],
          [
            116.26390240000002,
            40.15232359999999
          ]
        ]
      },
      "properties": {
        "kind": "path",
        "name": "",
        "osm_tags": {
          "highway": "footway"
        }
      }
    },
    {
      "type": "Feature",
      "id": "way/741602115",
      "geometry": {
        "type": "LineString",
        "coordinates": [
          [
            116.26430389999999,
            40.15247709999999
          ],
          [
            116.26440679999999,
            40.15252929999998
          ],
          [
            116.2646443,
            40.15262539999999
          ],
          [
            116.2648137,
            40.15268079999999
          ]
        ]
      },
      "properties": {
        "kind": "path",
        "name": "",
        "osm_tags": {
          "highway": "footway"
        }
      }
    },
    {
      "type": "Feature",
      "id": "way/741602116",
      "geometry": {
        "type": "LineString",
        "coordinates": [
          [
            116.2630385,
            40.1529294
          ],
          [
            116.2634703,
            40.1530305
          ],
          [
            116.26358299999998,
            40.1530589
          ],
          [
            116.2640133,
            40.153164800000006
          ],
          [
            116.26412660000001,
            40.153195399999994
          ],
          [
            116.26455650000001,
            40.1532961
          ]
        ]
      },
      "properties": {
        "kind": "path",
        "name": "",
        "osm_tags": {
          "highway": "footway"
        }
      }
    },
    {
      "type": "Feature",
      "id": "way/741602117",
      "geometry": {
        "type": "LineString",
        "coordinates": [
          [
            116.2630629,
            40.153022799999995
          ],
          [
            116.26307610000002,
            40.1529942
          ]
        ]
      },
      "properties": {
        "kind": "path",
        "name": "",
        "osm_tags": {
          "crossing": "marked",
          "crossing:markings": "yes",
          "footway": "crossing",
          "highway": "footway"
        }
      }
    },
    {
      "type": "Feature",
      "id": "way/741602118",
      "geometry": {
        "type": "LineString",
        "coordinates": [
          [
            116.2689856,
            40.1531011
          ],
          [
            116.2692547,
            40.1524843
          ],
          [
            116.26928390000002,
            40.152417
          ],
          [
            116.2693201,
            40.152331
          ]
        ]
      },
      "properties": {
        "kind": "path",
        "name": "",
        "osm_tags": {
          "highway": "footway"
        }
      }
    },
    {
      "type": "Feature",
      "id": "way/741602119",
      "geometry": {
        "type": "LineString",
        "coordinates": [
          [
            116.267081,
            40.15188419999999
          ],
          [
            116.26702420000001,
            40.151876599999994
          ],
          [
            116.2669092,
            40.151848400000006
          ]
        ]
      },
      "properties": {
        "kind": "path",
        "name": "",
        "osm_tags": {
          "crossing": "marked",
          "crossing:markings": "zebra",
          "footway": "crossing",
          "highway": "footway"
        }
      }
    },
    {
      "type": "Feature",
      "id": "way/741602120",
      "geometry": {
        "type": "LineString",
        "coordinates": [
          [
            116.2589365,
            40.15035329999999
          ],
          [
            116.2590007,
            40.150225299999995
          ]
        ]
      },
      "properties": {
        "kind": "road",
        "name": "",
        "osm_tags": {
          "highway": "primary",
          "oneway": "yes"
        }
      }
    },
    {
      "type": "Feature",
      "id": "way/741602121",
      "geometry": {
        "type": "LineString",
        "coordinates": [
          [
            116.2591157,
            40.1503609
          ],
          [
            116.2586981,
            40.1511643
          ],
          [
            116.2572862,
            40.153880400000006
          ],
          [
            116.25681680000001,
            40.1548367
          ],
          [
            116.2567496,
            40.1549719
          ]
        ]
      },
      "properties": {
        "kind": "road",
        "name": "北沙河西三路",
        "osm_tags": {
          "highway": "primary",
          "name": "北沙河西三路",
          "oneway": "yes"
        }
      }
    },
    {
      "type": "Feature",
      "id": "way/741602122",
      "geometry": {
        "type": "LineString",
        "coordinates": [
          [
            116.2590007,
            40.150225299999995
          ],
          [
            116.25935850000002,
            40.1495396
          ],
          [
            116.25973599999999,
            40.14881629999999
          ],
          [
            116.26047170000001,
            40.147378
          ],
          [
            116.26071070000002,
            40.146924899999995
          ],
          [
            116.26076170000002,
            40.146796
          ]
        ]
      },
      "properties": {
        "kind": "road",
        "name": "",
        "osm_tags": {
          "highway": "primary",
          "oneway": "yes"
        }
      }
    },
    {
      "type": "Feature",
      "id": "way/741602123",
      "geometry": {
        "type": "LineString",
        "coordinates": [
          [
            116.2590007,
            40.150225299999995
          ],
          [
            116.2591157,
            40.1503609
          ]
        ]
      },
      "properties": {
        "kind": "road",
        "name": "",
        "osm_tags": {
          "highway": "secondary",
          "oneway": "yes"
        }
      }
    },
    {
      "type": "Feature",
      "id": "way/741602126",
      "geometry": {
        "type": "LineString",
        "coordinates": [
          [
            116.27508186129037,
            40.15080200193253
          ],
          [
            116.2718809,
            40.14989
          ]
        ]
      },
      "properties": {
        "kind": "road",
        "name": "",
        "osm_tags": {
          "highway": "secondary",
          "oneway": "yes"
        }
      }
    },
    {
      "type": "Feature",
      "id": "way/741602128",
      "geometry": {
        "type": "LineString",
        "coordinates": [
          [
            116.26076170000002,
            40.146796
          ],
          [
            116.2620942713646,
            40.144418477237956
          ]
        ]
      },
      "properties": {
        "kind": "road",
        "name": "",
        "osm_tags": {
          "highway": "primary",
          "oneway": "yes"
        }
      }
    },
    {
      "type": "Feature",
      "id": "way/741602129",
      "geometry": {
        "type": "LineString",
        "coordinates": [
          [
            116.26085570000001,
            40.14696579999999
          ],
          [
            116.26071070000002,
            40.146924899999995
          ]
        ]
      },
      "properties": {
        "kind": "road",
        "name": "",
        "osm_tags": {
          "highway": "tertiary",
          "oneway": "yes"
        }
      }
    },
    {
      "type": "Feature",
      "id": "way/741602130",
      "geometry": {
        "type": "LineString",
        "coordinates": [
          [
            116.26085570000001,
            40.14696579999999
          ],
          [
            116.26049290000002,
            40.147676499999996
          ],
          [
            116.2591157,
            40.1503609
          ]
        ]
      },
      "properties": {
        "kind": "road",
        "name": "",
        "osm_tags": {
          "highway": "primary",
          "oneway": "yes"
        }
      }
    },
    {
      "type": "Feature",
      "id": "way/741602131",
      "geometry": {
        "type": "LineString",
        "coordinates": [
          [
            116.2717011,
            40.1498367
          ],
          [
            116.2715475,
            40.149793
          ],
          [
            116.27090230000002,
            40.149616
          ],
          [
            116.26828600000002,
            40.148866199999986
          ],
          [
            116.2680516,
            40.1488058
          ],
          [
            116.2662013,
            40.148356600000014
          ],
          [
            116.26600209999998,
            40.1483049
          ],
          [
            116.26574129999999,
            40.1482372
          ],
          [
            116.26085570000001,
            40.14696579999999
          ]
        ]
      },
      "properties": {
        "kind": "road",
        "name": "高教园南三街",
        "osm_tags": {
          "highway": "secondary",
          "name": "高教园南三街",
          "name:zh": "高教园南三街",
          "name:zh-Hans": "高教园南三街",
          "name:zh-Hant": "高教園南三街",
          "oneway": "yes"
        }
      }
    },
    {
      "type": "Feature",
      "id": "way/742154893",
      "geometry": {
        "type": "Polygon",
        "coordinates": [
          [
            [
              116.27034339999999,
              40.1445049
            ],
            [
              116.27025760000001,
              40.1447017
            ],
            [
              116.27285390000002,
              40.14544799999999
            ],
            [
              116.27321525235196,
              40.14448881183684
            ],
            [
              116.27034525604097,
              40.1444707628162
            ],
            [
              116.27034339999999,
              40.1445049
            ]
          ]
        ]
      },
      "properties": {
        "kind": "landuse",
        "name": "顺沙路19号院一区",
        "osm_tags": {
          "landuse": "residential",
          "name": "顺沙路19号院一区",
          "residential": "apartments"
        }
      }
    },
    {
      "type": "Feature",
      "id": "way/742154894",
      "geometry": {
        "type": "Polygon",
        "coordinates": [
          [
            [
              116.26963529999999,
              40.1445541
            ],
            [
              116.26968028530257,
              40.14446657075382
            ],
            [
              116.26934307406735,
              40.144464443470795
            ],
            [
              116.26963529999999,
              40.1445541
            ]
          ]
        ]
      },
      "properties": {
        "kind": "landuse",
        "name": "顺沙路19号院三区",
        "osm_tags": {
          "landuse": "residential",
          "name": "顺沙路19号院三区",
          "residential": "apartments"
        }
      }
    },
    {
      "type": "Feature",
      "id": "way/747007515",
      "geometry": {
        "type": "Polygon",
        "coordinates": [
          [
            [
              116.26790230000002,
              40.1581546
            ],
            [
              116.2677526,
              40.15795000000001
            ],
            [
              116.2628305,
              40.1567004
            ],
            [
              116.26280550000001,
              40.15670269999999
            ],
            [
              116.2627754,
              40.15671069999999
            ],
            [
              116.262725,
              40.156727100000005
            ],
            [
              116.2626668,
              40.15674219999999
            ],
            [
              116.26261769999999,
              40.1567535
            ],
            [
              116.2625636,
              40.15675989999999
            ],
            [
              116.26252209999998,
              40.1567608
            ],
            [
              116.2622419,
              40.1566891
            ],
            [
              116.26219550000002,
              40.1566737
            ],
            [
              116.26215359999999,
              40.156649
            ],
            [
              116.26212810000001,
              40.1566321
            ],
            [
              116.26210499999999,
              40.1566102
            ],
            [
              116.26206410000002,
              40.156549
            ],
            [
              116.26204749999998,
              40.1565258
            ],
            [
              116.2620339,
              40.156506300000004
            ],
            [
              116.26200380000002,
              40.156489199999996
            ],
            [
              116.2570728,
              40.1552357
            ],
            [
              116.2567302,
              40.1553528
            ],
            [
              116.2555218,
              40.1582173
            ],
            [
              116.2574146,
              40.158140499999995
            ],
            [
              116.2575303,
              40.15829679999999
            ],
            [
              116.2580275,
              40.1583473
            ],
            [
              116.25803160000001,
              40.1582381
            ],
            [
              116.2586111,
              40.15836550000001
            ],
            [
              116.25859109999999,
              40.158476099999994
            ],
            [
              116.25896350000001,
              40.1584388
            ],
            [
              116.25935888456362,
              40.15853762561834
            ],
            [
              116.26772261800264,
              40.15859082358969
            ],
            [
              116.26790230000002,
              40.1581546
            ]
          ]
        ]
      },
      "properties": {
        "kind": "landuse",
        "name": "北京玫瑰园",
        "osm_tags": {
          "landuse": "residential",
          "name": "北京玫瑰园",
          "name:zh": "北京玫瑰园",
          "name:zh-Hans": "北京玫瑰园",
          "name:zh-Hant": "北京玫瑰園"
        }
      }
    },
    {
      "type": "Feature",
      "id": "way/747007517",
      "geometry": {
        "type": "Polygon",
        "coordinates": [
          [
            [
              116.25358199999998,
              40.158341
            ],
            [
              116.2537659,
              40.157562999999996
            ],
            [
              116.2546715,
              40.157796600000005
            ],
            [
              116.254589,
              40.1580268
            ],
            [
              116.25503709999998,
              40.158149300000005
            ],
            [
              116.25506460000001,
              40.1580591
            ],
            [
              116.2552817,
              40.15753070000001
            ],
            [
              116.25559680000002,
              40.1566558
            ],
            [
              116.25337387771965,
              40.156018723777755
            ],
            [
              116.2533467106925,
              40.158499011599545
            ],
            [
              116.25359297350178,
              40.15850059938878
            ],
            [
              116.25358199999998,
              40.158341
            ]
          ]
        ]
      },
      "properties": {
        "kind": "landuse",
        "name": "北街家园六区",
        "osm_tags": {
          "landuse": "residential",
          "name": "北街家园六区",
          "residential": "apartments"
        }
      }
    },
    {
      "type": "Feature",
      "id": "way/747007518",
      "geometry": {
        "type": "Polygon",
        "coordinates": [
          [
            [
              116.2688791,
              40.14879429999999
            ],
            [
              116.27140220000001,
              40.149438
            ],
            [
              116.2726396,
              40.14626059999999
            ],
            [
              116.2699001,
              40.145580100000004
            ],
            [
              116.2697626,
              40.14591240000001
            ],
            [
              116.2696388,
              40.14606919999999
            ],
            [
              116.26930440000001,
              40.14686960000001
            ],
            [
              116.268965,
              40.146775399999996
            ],
            [
              116.26655580000002,
              40.146042
            ],
            [
              116.26559930000002,
              40.1478729
            ],
            [
              116.26560269999999,
              40.1479164
            ],
            [
              116.2673424,
              40.1483578
            ],
            [
              116.2675155,
              40.14836729999999
            ],
            [
              116.2678626,
              40.1477072
            ],
            [
              116.26839199999999,
              40.1478629
            ],
            [
              116.2680994,
              40.14842399999999
            ],
            [
              116.2682365,
              40.14836789999998
            ],
            [
              116.2683613,
              40.14807319999999
            ],
            [
              116.2684945,
              40.147912299999994
            ],
            [
              116.26884089999999,
              40.147981699999995
            ],
            [
              116.2687999,
              40.1480799
            ],
            [
              116.2688125,
              40.14819589999999
            ],
            [
              116.26869059999999,
              40.14850309999999
            ],
            [
              116.2688791,
              40.14879429999999
            ]
          ]
        ]
      },
      "properties": {
        "kind": "landuse",
        "name": "中石化科学技术研究中心",
        "osm_tags": {
          "landuse": "commercial",
          "name": "中石化科学技术研究中心",
          "name:zh": "中石化科学技术研究中心",
          "name:zh-Hans": "中石化科学技术研究中心",
          "name:zh-Hant": "中石化科學技術研究中心"
        }
      }
    },
    {
      "type": "Feature",
      "id": "way/751510898",
      "geometry": {
        "type": "LineString",
        "coordinates": [
          [
            116.2678704,
            40.1527871
          ],
          [
            116.2678902,
            40.1527532
          ],
          [
            116.26791410000001,
            40.152739
          ],
          [
            116.2679371,
            40.152734300000006
          ],
          [
            116.2679609,
            40.152730899999995
          ],
          [
            116.2679786,
            40.1527323
          ],
          [
            116.2679919,
            40.152740400000006
          ],
          [
            116.26801130000001,
            40.1527573
          ],
          [
            116.2680166,
            40.152770800000006
          ],
          [
            116.2680175,
            40.152793700000004
          ],
          [
            116.26800290000001,
            40.15282439999999
          ]
        ]
      },
      "properties": {
        "kind": "path",
        "name": "",
        "osm_tags": {
          "highway": "footway"
        }
      }
    },
    {
      "type": "Feature",
      "id": "way/751510899",
      "geometry": {
        "type": "LineString",
        "coordinates": [
          [
            116.2690715,
            40.1532783
          ],
          [
            116.26902110000002,
            40.153304
          ],
          [
            116.2689272,
            40.1534891
          ],
          [
            116.2689792,
            40.153566699999985
          ],
          [
            116.2689712,
            40.1535903
          ]
        ]
      },
      "properties": {
        "kind": "path",
        "name": "",
        "osm_tags": {
          "highway": "footway"
        }
      }
    },
    {
      "type": "Feature",
      "id": "way/751510900",
      "geometry": {
        "type": "LineString",
        "coordinates": [
          [
            116.2698124,
            40.153565799999996
          ],
          [
            116.2698761,
            40.153429499999994
          ],
          [
            116.2699244,
            40.15332159999999
          ]
        ]
      },
      "properties": {
        "kind": "path",
        "name": "",
        "osm_tags": {
          "crossing": "marked",
          "crossing:markings": "zebra",
          "footway": "crossing",
          "highway": "footway"
        }
      }
    },
    {
      "type": "Feature",
      "id": "way/751510901",
      "geometry": {
        "type": "LineString",
        "coordinates": [
          [
            116.2699244,
            40.15332159999999
          ],
          [
            116.2700328,
            40.15334489999999
          ],
          [
            116.270176,
            40.1533756
          ],
          [
            116.2703559,
            40.1534302
          ],
          [
            116.2705286,
            40.1534678
          ]
        ]
      },
      "properties": {
        "kind": "path",
        "name": "",
        "osm_tags": {
          "crossing": "marked",
          "crossing:markings": "zebra",
          "footway": "crossing",
          "highway": "footway"
        }
      }
    },
    {
      "type": "Feature",
      "id": "way/751510902",
      "geometry": {
        "type": "LineString",
        "coordinates": [
          [
            116.2698124,
            40.153565799999996
          ],
          [
            116.2699195,
            40.1535927
          ],
          [
            116.2700685,
            40.1536301
          ],
          [
            116.27025600000002,
            40.153674
          ],
          [
            116.27038390000001,
            40.1537138
          ]
        ]
      },
      "properties": {
        "kind": "path",
        "name": "",
        "osm_tags": {
          "crossing": "marked",
          "crossing:markings": "zebra",
          "footway": "crossing",
          "highway": "footway"
        }
      }
    },
    {
      "type": "Feature",
      "id": "way/751510903",
      "geometry": {
        "type": "LineString",
        "coordinates": [
          [
            116.2698124,
            40.153565799999996
          ],
          [
            116.26982410000001,
            40.153605
          ],
          [
            116.26977050000002,
            40.15372270000002
          ]
        ]
      },
      "properties": {
        "kind": "path",
        "name": "",
        "osm_tags": {
          "highway": "footway"
        }
      }
    },
    {
      "type": "Feature",
      "id": "way/751510904",
      "geometry": {
        "type": "LineString",
        "coordinates": [
          [
            116.2699244,
            40.15332159999999
          ],
          [
            116.26982410000001,
            40.1533376
          ],
          [
            116.2696789,
            40.153292099999994
          ],
          [
            116.26911510000001,
            40.1531369
          ]
        ]
      },
      "properties": {
        "kind": "path",
        "name": "",
        "osm_tags": {
          "bicycle": "no",
          "highway": "footway",
          "motor_vehicle": "no"
        }
      }
    },
    {
      "type": "Feature",
      "id": "way/751510905",
      "geometry": {
        "type": "Polygon",
        "coordinates": [
          [
            [
              116.2629032,
              40.15279879999999
            ],
            [
              116.2631358,
              40.1522375
            ],
            [
              116.26282980000002,
              40.1521641
            ],
            [
              116.262596,
              40.15272480000001
            ],
            [
              116.2629032,
              40.15279879999999
            ]
          ]
        ]
      },
      "properties": {
        "kind": "building",
        "name": "沙河主楼C区",
        "osm_tags": {
          "building": "university",
          "name": "沙河主楼C区",
          "name:zh": "沙河主楼C区",
          "name:zh-Hans": "沙河主楼C区",
          "name:zh-Hant": "沙河主樓C區"
        }
      }
    },
    {
      "type": "Feature",
      "id": "way/751510906",
      "geometry": {
        "type": "Polygon",
        "coordinates": [
          [
            [
              116.26213989999998,
              40.1519959
            ],
            [
              116.26227990000001,
              40.15202779999999
            ],
            [
              116.2623818,
              40.15177269999999
            ],
            [
              116.2622459,
              40.1517369
            ],
            [
              116.2621216,
              40.1517042
            ],
            [
              116.2620125,
              40.1519668
            ],
            [
              116.26213989999998,
              40.1519959
            ]
          ]
        ]
      },
      "properties": {
        "kind": "building",
        "name": "沙河主楼E区",
        "osm_tags": {
          "building": "university",
          "name": "沙河主楼E区",
          "name:zh": "沙河主楼E区",
          "name:zh-Hans": "沙河主楼E区",
          "name:zh-Hant": "沙河主樓E區"
        }
      }
    },
    {
      "type": "Feature",
      "id": "way/791195279",
      "geometry": {
        "type": "LineString",
        "coordinates": [
          [
            116.26427365450672,
            40.15856895947954
          ],
          [
            116.2643095,
            40.1584843
          ],
          [
            116.26436539999999,
            40.15835240000001
          ],
          [
            116.2645278,
            40.15796899999999
          ],
          [
            116.2645415,
            40.1579331
          ],
          [
            116.2645866,
            40.15781500000001
          ],
          [
            116.26468439999998,
            40.15759059999999
          ],
          [
            116.26470070000002,
            40.1575375
          ],
          [
            116.26470710000001,
            40.157500399999996
          ],
          [
            116.26471019999998,
            40.157479699999996
          ],
          [
            116.26471400000001,
            40.1574541
          ],
          [
            116.26472600000001,
            40.1574111
          ],
          [
            116.2647444,
            40.157358699999996
          ],
          [
            116.2647712,
            40.15728599999999
          ],
          [
            116.26488350000001,
            40.1570366
          ],
          [
            116.2649357,
            40.156913800000005
          ],
          [
            116.2650598,
            40.156614700000006
          ],
          [
            116.26536350000002,
            40.1558704
          ],
          [
            116.26580580000001,
            40.15475990000001
          ],
          [
            116.2662192,
            40.153782699999994
          ],
          [
            116.26636110000001,
            40.1534472
          ],
          [
            116.2666985,
            40.1526495
          ],
          [
            116.26671160000001,
            40.152609699999985
          ],
          [
            116.2667511,
            40.15254680000001
          ]
        ]
      },
      "properties": {
        "kind": "road",
        "name": "",
        "osm_tags": {
          "highway": "residential"
        }
      }
    },
    {
      "type": "Feature",
      "id": "way/791195280",
      "geometry": {
        "type": "LineString",
        "coordinates": [
          [
            116.27031060000002,
            40.153545
          ],
          [
            116.27356320000001,
            40.154412599999986
          ],
          [
            116.27503914773098,
            40.15481903216727
          ]
        ]
      },
      "properties": {
        "kind": "planned",
        "name": "高教园南二街",
        "osm_tags": {
          "construction": "tertiary",
          "highway": "construction",
          "name": "高教园南二街",
          "name:zh": "高教园南二街",
          "name:zh-Hans": "高教园南二街",
          "name:zh-Hant": "高教園南二街"
        }
      }
    },
    {
      "type": "Feature",
      "id": "way/814515207",
      "geometry": {
        "type": "Polygon",
        "coordinates": [
          [
            [
              116.2562465,
              40.155035899999994
            ],
            [
              116.2540099,
              40.15447149999999
            ],
            [
              116.2534584,
              40.155811099999994
            ],
            [
              116.25552960000002,
              40.15639759999999
            ],
            [
              116.25559350000002,
              40.1564615
            ],
            [
              116.25573490000001,
              40.15646189999998
            ],
            [
              116.2562465,
              40.155035899999994
            ]
          ]
        ]
      },
      "properties": {
        "kind": "landuse",
        "name": "回迁房",
        "osm_tags": {
          "landuse": "construction",
          "name": "回迁房"
        }
      }
    },
    {
      "type": "Feature",
      "id": "way/814515208",
      "geometry": {
        "type": "Polygon",
        "coordinates": [
          [
            [
              116.25896350000001,
              40.1584388
            ],
            [
              116.25859109999999,
              40.158476099999994
            ],
            [
              116.2586111,
              40.15836550000001
            ],
            [
              116.25803160000001,
              40.1582381
            ],
            [
              116.2580275,
              40.1583473
            ],
            [
              116.2575303,
              40.15829679999999
            ],
            [
              116.2574146,
              40.158140499999995
            ],
            [
              116.2555218,
              40.1582173
            ],
            [
              116.25540995588622,
              40.15851229826448
            ],
            [
              116.25935888456362,
              40.15853762561834
            ],
            [
              116.25896350000001,
              40.1584388
            ]
          ]
        ]
      },
      "properties": {
        "kind": "landuse",
        "name": "",
        "osm_tags": {
          "landuse": "construction"
        }
      }
    },
    {
      "type": "Feature",
      "id": "way/814515209",
      "geometry": {
        "type": "Polygon",
        "coordinates": [
          [
            [
              116.25638410000002,
              40.15456910000001
            ],
            [
              116.2565272,
              40.154529100000005
            ],
            [
              116.25672310000002,
              40.1541334
            ],
            [
              116.25696950000001,
              40.1537622
            ],
            [
              116.25736700000002,
              40.15298179999999
            ],
            [
              116.25540039999998,
              40.15252879999999
            ],
            [
              116.2549074,
              40.153639
            ],
            [
              116.25466080000001,
              40.154130499999994
            ],
            [
              116.25638410000002,
              40.15456910000001
            ]
          ]
        ]
      },
      "properties": {
        "kind": "landuse",
        "name": "国家清洁能源与安全应急科技产业园",
        "osm_tags": {
          "landuse": "construction",
          "name": "国家清洁能源与安全应急科技产业园"
        }
      }
    },
    {
      "type": "Feature",
      "id": "way/814515210",
      "geometry": {
        "type": "Polygon",
        "coordinates": [
          [
            [
              116.25466080000001,
              40.154130499999994
            ],
            [
              116.2549074,
              40.153639
            ],
            [
              116.25340449016235,
              40.1532235072618
            ],
            [
              116.2533985538773,
              40.153765579013346
            ],
            [
              116.25466080000001,
              40.154130499999994
            ]
          ]
        ]
      },
      "properties": {
        "kind": "landuse",
        "name": "",
        "osm_tags": {
          "landuse": "construction"
        }
      }
    },
    {
      "type": "Feature",
      "id": "way/814515215",
      "geometry": {
        "type": "Polygon",
        "coordinates": [
          [
            [
              116.2570222,
              40.145215900000004
            ],
            [
              116.26079809999999,
              40.14630509999999
            ],
            [
              116.26191745916238,
              40.14441735036365
            ],
            [
              116.2574747946779,
              40.144388947378744
            ],
            [
              116.2570222,
              40.145215900000004
            ]
          ]
        ]
      },
      "properties": {
        "kind": "landuse",
        "name": "满井东队村社区",
        "osm_tags": {
          "landuse": "residential",
          "name": "满井东队村社区",
          "name:zh": "满井东队村社区",
          "name:zh-Hans": "满井东队村社区",
          "name:zh-Hant": "滿井東隊村社區"
        }
      }
    },
    {
      "type": "Feature",
      "id": "way/839541304",
      "geometry": {
        "type": "Polygon",
        "coordinates": [
          [
            [
              116.2545451,
              40.14556759999999
            ],
            [
              116.25522753206815,
              40.14437451518533
            ],
            [
              116.25350149523244,
              40.14436340075166
            ],
            [
              116.25349808656007,
              40.1446748038663
            ],
            [
              116.2541376,
              40.14491180000001
            ],
            [
              116.2542451,
              40.1447821
            ],
            [
              116.2545143,
              40.144910900000006
            ],
            [
              116.2542961,
              40.1454933
            ],
            [
              116.2538362,
              40.1453561
            ],
            [
              116.253562,
              40.14572989999999
            ],
            [
              116.25348671656525,
              40.14571348739015
            ],
            [
              116.25346297203424,
              40.147882447722615
            ],
            [
              116.2545451,
              40.14556759999999
            ]
          ]
        ]
      },
      "properties": {
        "kind": "park",
        "name": "",
        "osm_tags": {
          "leisure": "park"
        }
      }
    },
    {
      "type": "Feature",
      "id": "way/856670923",
      "geometry": {
        "type": "LineString",
        "coordinates": [
          [
            116.25345652348004,
            40.14847145452152
          ],
          [
            116.2547333,
            40.14549219999999
          ],
          [
            116.25554443286882,
            40.144376553002445
          ]
        ]
      },
      "properties": {
        "kind": "water",
        "name": "东沙河",
        "osm_tags": {
          "name": "东沙河",
          "name:zh": "东沙河",
          "name:zh-Hans": "东沙河",
          "name:zh-Hant": "東沙河",
          "waterway": "river"
        }
      }
    },
    {
      "type": "Feature",
      "id": "way/857421263",
      "geometry": {
        "type": "Polygon",
        "coordinates": [
          [
            [
              116.26904579999999,
              40.1539734
            ],
            [
              116.26907660000002,
              40.15389929999999
            ],
            [
              116.2689459,
              40.1538713
            ],
            [
              116.2689257,
              40.1539074
            ],
            [
              116.26891250000001,
              40.153941200000006
            ],
            [
              116.26904579999999,
              40.1539734
            ]
          ]
        ]
      },
      "properties": {
        "kind": "building",
        "name": "中国邮政",
        "osm_tags": {
          "brand": "中国邮政",
          "brand:en": "China Post",
          "brand:wikidata": "Q1066476",
          "brand:wikipedia": "en:China Post",
          "building": "yes",
          "disused": "yes",
          "disused:amenity": "post_office",
          "name": "中国邮政",
          "name:en": "China Post",
          "name:zh": "中国邮政",
          "name:zh-Hans": "中国邮政",
          "name:zh-Hant": "中國郵政",
          "note": "已搬迁至“沙河近邻宝”北面，原建筑暂不使用"
        }
      }
    },
    {
      "type": "Feature",
      "id": "way/857421264",
      "geometry": {
        "type": "Polygon",
        "coordinates": [
          [
            [
              116.26924050000001,
              40.153757399999996
            ],
            [
              116.2691351,
              40.1539923
            ],
            [
              116.26922760000001,
              40.1540182
            ],
            [
              116.2693045,
              40.153842700000006
            ],
            [
              116.2693336,
              40.15377649999999
            ],
            [
              116.26924050000001,
              40.153757399999996
            ]
          ]
        ]
      },
      "properties": {
        "kind": "building",
        "name": "优购超市沙河店",
        "osm_tags": {
          "building": "yes",
          "name": "优购超市沙河店",
          "name:zh": "优购超市沙河店",
          "name:zh-Hans": "优购超市沙河店",
          "name:zh-Hant": "優購超市沙河店",
          "operator": "优购超市",
          "shop": "supermarket"
        }
      }
    },
    {
      "type": "Feature",
      "id": "way/857421266",
      "geometry": {
        "type": "Polygon",
        "coordinates": [
          [
            [
              116.2678926,
              40.1558172
            ],
            [
              116.26858880000002,
              40.155994199999995
            ],
            [
              116.2687402,
              40.156032700000004
            ],
            [
              116.2688899,
              40.155684
            ],
            [
              116.26803709999999,
              40.155478499999994
            ],
            [
              116.2678926,
              40.1558172
            ]
          ]
        ]
      },
      "properties": {
        "kind": "building",
        "name": "沙河近邻宝",
        "osm_tags": {
          "amenity": "post_depot",
          "building": "yes",
          "check_date": "2024-04-14",
          "name": "沙河近邻宝",
          "name:en": "Delivery Service Center",
          "name:zh": "沙河近邻宝",
          "name:zh-Hans": "沙河近邻宝",
          "name:zh-Hant": "沙河近鄰寶"
        }
      }
    },
    {
      "type": "Feature",
      "id": "way/857421267",
      "geometry": {
        "type": "Polygon",
        "coordinates": [
          [
            [
              116.2678926,
              40.1558172
            ],
            [
              116.26764520000002,
              40.1563971
            ],
            [
              116.268343,
              40.1565668
            ],
            [
              116.26858880000002,
              40.155994199999995
            ],
            [
              116.2678926,
              40.1558172
            ]
          ]
        ]
      },
      "properties": {
        "kind": "landuse",
        "name": "校工宿舍",
        "osm_tags": {
          "landuse": "residential",
          "name": "校工宿舍",
          "name:zh": "校工宿舍",
          "name:zh-Hans": "校工宿舍",
          "name:zh-Hant": "校工宿舍",
          "residential": "dormitory"
        }
      }
    },
    {
      "type": "Feature",
      "id": "way/857421268",
      "geometry": {
        "type": "Polygon",
        "coordinates": [
          [
            [
              116.2681102,
              40.1551491
            ],
            [
              116.26817320000002,
              40.15499869999999
            ],
            [
              116.26797670000002,
              40.15495309999999
            ],
            [
              116.2676647,
              40.15488059999999
            ],
            [
              116.2676245,
              40.15487130000001
            ],
            [
              116.26740970000002,
              40.15482140000001
            ],
            [
              116.2673524,
              40.15495479999999
            ],
            [
              116.2681102,
              40.1551491
            ]
          ]
        ]
      },
      "properties": {
        "kind": "building",
        "name": "四公寓北",
        "osm_tags": {
          "building": "apartments",
          "name": "四公寓北",
          "name:zh": "四公寓北",
          "name:zh-Hans": "四公寓北",
          "name:zh-Hant": "四公寓北"
        }
      }
    },
    {
      "type": "Feature",
      "id": "way/857421269",
      "geometry": {
        "type": "Polygon",
        "coordinates": [
          [
            [
              116.2684522,
              40.15432620000001
            ],
            [
              116.26826930000001,
              40.1542784
            ],
            [
              116.2681216,
              40.154619200000006
            ],
            [
              116.26804879999999,
              40.1545995
            ],
            [
              116.2680733,
              40.15454479999999
            ],
            [
              116.26783610000001,
              40.1544761
            ],
            [
              116.2679568,
              40.154194
            ],
            [
              116.2679217,
              40.1541846
            ],
            [
              116.26790659999999,
              40.15422410000001
            ],
            [
              116.2678326,
              40.1542042
            ],
            [
              116.2675803,
              40.1547964
            ],
            [
              116.2676475,
              40.154812099999994
            ],
            [
              116.2676245,
              40.15487130000001
            ],
            [
              116.2676647,
              40.15488059999999
            ],
            [
              116.2677763,
              40.154616000000004
            ],
            [
              116.2680139,
              40.1546808
            ],
            [
              116.26803740000001,
              40.154629100000015
            ],
            [
              116.26810789999999,
              40.1546486
            ],
            [
              116.26797670000002,
              40.15495309999999
            ],
            [
              116.26817320000002,
              40.15499869999999
            ],
            [
              116.2684522,
              40.15432620000001
            ]
          ]
        ]
      },
      "properties": {
        "kind": "building",
        "name": "四公寓中",
        "osm_tags": {
          "building": "apartments",
          "name": "四公寓中",
          "name:zh": "四公寓中",
          "name:zh-Hans": "四公寓中",
          "name:zh-Hant": "四公寓中"
        }
      }
    },
    {
      "type": "Feature",
      "id": "way/857421270",
      "geometry": {
        "type": "Polygon",
        "coordinates": [
          [
            [
              116.2677312,
              40.15413310000001
            ],
            [
              116.2679217,
              40.1541846
            ],
            [
              116.2679568,
              40.154194
            ],
            [
              116.26826930000001,
              40.1542784
            ],
            [
              116.2684522,
              40.15432620000001
            ],
            [
              116.2685116,
              40.15419059999999
            ],
            [
              116.26777690000002,
              40.154007199999995
            ],
            [
              116.2677312,
              40.15413310000001
            ]
          ]
        ]
      },
      "properties": {
        "kind": "building",
        "name": "四公寓南",
        "osm_tags": {
          "building": "apartments",
          "name": "四公寓南",
          "name:zh": "四公寓南",
          "name:zh-Hans": "四公寓南",
          "name:zh-Hant": "四公寓南"
        }
      }
    },
    {
      "type": "Feature",
      "id": "way/870708486",
      "geometry": {
        "type": "LineString",
        "coordinates": [
          [
            116.27503447342431,
            40.15525858184114
          ],
          [
            116.2748517,
            40.15563860000001
          ],
          [
            116.2748034,
            40.1557697
          ]
        ]
      },
      "properties": {
        "kind": "road",
        "name": "",
        "osm_tags": {
          "highway": "residential",
          "source": "maxar"
        }
      }
    },
    {
      "type": "Feature",
      "id": "way/901928480",
      "geometry": {
        "type": "Polygon",
        "coordinates": [
          [
            [
              116.2535596,
              40.1485112
            ],
            [
              116.2542789,
              40.14683329999999
            ],
            [
              116.2546339,
              40.1459479
            ],
            [
              116.25478470000002,
              40.1456419
            ],
            [
              116.25459650000002,
              40.1455623
            ],
            [
              116.25346008037181,
              40.1481465724657
            ],
            [
              116.25345344724678,
              40.14875242955538
            ],
            [
              116.2535596,
              40.1485112
            ]
          ]
        ]
      },
      "properties": {
        "kind": "water",
        "name": "",
        "osm_tags": {
          "intermittent": "yes",
          "natural": "water",
          "water": "river"
        }
      }
    },
    {
      "type": "Feature",
      "id": "way/901928491",
      "geometry": {
        "type": "Polygon",
        "coordinates": [
          [
            [
              116.25503709999998,
              40.158149300000005
            ],
            [
              116.254589,
              40.1580268
            ],
            [
              116.2546715,
              40.157796600000005
            ],
            [
              116.2537659,
              40.157562999999996
            ],
            [
              116.25358199999998,
              40.158341
            ],
            [
              116.25359297350178,
              40.15850059938878
            ],
            [
              116.25488328999752,
              40.158508910193
            ],
            [
              116.25503709999998,
              40.158149300000005
            ]
          ]
        ]
      },
      "properties": {
        "kind": "landuse",
        "name": "",
        "osm_tags": {
          "landuse": "construction"
        }
      }
    },
    {
      "type": "Feature",
      "id": "way/901928492",
      "geometry": {
        "type": "Polygon",
        "coordinates": [
          [
            [
              116.2603597,
              40.1517076
            ],
            [
              116.2606666,
              40.15095300000001
            ],
            [
              116.2595592,
              40.1506572
            ],
            [
              116.2593725,
              40.150810199999995
            ],
            [
              116.259159,
              40.15088159999999
            ],
            [
              116.25882600000001,
              40.15156220000001
            ],
            [
              116.2603217,
              40.1518686
            ],
            [
              116.2603597,
              40.1517076
            ]
          ]
        ]
      },
      "properties": {
        "kind": "forest",
        "name": "",
        "osm_tags": {
          "natural": "scrub"
        }
      }
    },
    {
      "type": "Feature",
      "id": "way/901928493",
      "geometry": {
        "type": "Polygon",
        "coordinates": [
          [
            [
              116.26102679999998,
              40.150086099999996
            ],
            [
              116.2612003,
              40.14977
            ],
            [
              116.26146710000002,
              40.149555799999995
            ],
            [
              116.261854,
              40.1493213
            ],
            [
              116.262361,
              40.149137700000004
            ],
            [
              116.2613604,
              40.1488114
            ],
            [
              116.261307,
              40.14894399999999
            ],
            [
              116.26038640000002,
              40.148709399999994
            ],
            [
              116.25970600000001,
              40.150014799999994
            ],
            [
              116.2597594,
              40.1502085
            ],
            [
              116.2597193,
              40.15033090000001
            ],
            [
              116.2607733,
              40.1506164
            ],
            [
              116.26102679999998,
              40.150086099999996
            ]
          ]
        ]
      },
      "properties": {
        "kind": "forest",
        "name": "",
        "osm_tags": {
          "natural": "scrub"
        }
      }
    },
    {
      "type": "Feature",
      "id": "way/901928494",
      "geometry": {
        "type": "Polygon",
        "coordinates": [
          [
            [
              116.2632416,
              40.14926009999999
            ],
            [
              116.2629347,
              40.1492295
            ],
            [
              116.2626545,
              40.1493213
            ],
            [
              116.2621609,
              40.1494845
            ],
            [
              116.2619074,
              40.1496068
            ],
            [
              116.26153380000001,
              40.149872
            ],
            [
              116.26121359999999,
              40.15025949999998
            ],
            [
              116.26108019999998,
              40.1507082
            ],
            [
              116.26241439999998,
              40.1510957
            ],
            [
              116.2632416,
              40.14926009999999
            ]
          ]
        ]
      },
      "properties": {
        "kind": "park",
        "name": "",
        "osm_tags": {
          "leisure": "park"
        }
      }
    },
    {
      "type": "Feature",
      "id": "way/901928495",
      "geometry": {
        "type": "Polygon",
        "coordinates": [
          [
            [
              116.26418690000001,
              40.15150189999999
            ],
            [
              116.2641224,
              40.15132109999999
            ],
            [
              116.2641224,
              40.151184099999995
            ],
            [
              116.26388590000002,
              40.151112899999994
            ],
            [
              116.2637354,
              40.15148549999999
            ],
            [
              116.2642514,
              40.1516115
            ],
            [
              116.26418690000001,
              40.15150189999999
            ]
          ]
        ]
      },
      "properties": {
        "kind": "forest",
        "name": "",
        "osm_tags": {
          "landuse": "forest"
        }
      }
    },
    {
      "type": "Feature",
      "id": "way/901928496",
      "geometry": {
        "type": "Polygon",
        "coordinates": [
          [
            [
              116.264316,
              40.151003300000006
            ],
            [
              116.26393610000001,
              40.150893799999984
            ],
            [
              116.2639002,
              40.150981400000006
            ],
            [
              116.2642299,
              40.15107460000001
            ],
            [
              116.264316,
              40.151003300000006
            ]
          ]
        ]
      },
      "properties": {
        "kind": "forest",
        "name": "",
        "osm_tags": {
          "landuse": "forest"
        }
      }
    },
    {
      "type": "Feature",
      "id": "way/901928497",
      "geometry": {
        "type": "Polygon",
        "coordinates": [
          [
            [
              116.2646134,
              40.1507513
            ],
            [
              116.2646815,
              40.150537699999994
            ],
            [
              116.2645453,
              40.150439099999986
            ],
            [
              116.2643661,
              40.15038429999999
            ],
            [
              116.26408660000001,
              40.1504829
            ],
            [
              116.26406510000001,
              40.15057049999999
            ],
            [
              116.26415830000002,
              40.1507623
            ],
            [
              116.26418690000001,
              40.150828
            ],
            [
              116.264359,
              40.15083349999998
            ],
            [
              116.2646134,
              40.1507513
            ]
          ]
        ]
      },
      "properties": {
        "kind": "forest",
        "name": "",
        "osm_tags": {
          "landuse": "forest"
        }
      }
    },
    {
      "type": "Feature",
      "id": "way/901928498",
      "geometry": {
        "type": "Polygon",
        "coordinates": [
          [
            [
              116.26525490000002,
              40.148346200000006
            ],
            [
              116.26392169999998,
              40.148039399999995
            ],
            [
              116.26387870000002,
              40.14826949999999
            ],
            [
              116.26516170000001,
              40.1486147
            ],
            [
              116.26525490000002,
              40.148346200000006
            ]
          ]
        ]
      },
      "properties": {
        "kind": "forest",
        "name": "",
        "osm_tags": {
          "landuse": "forest"
        }
      }
    },
    {
      "type": "Feature",
      "id": "way/901928499",
      "geometry": {
        "type": "Polygon",
        "coordinates": [
          [
            [
              116.2635705,
              40.1479134
            ],
            [
              116.2611981,
              40.147305200000005
            ],
            [
              116.26096870000002,
              40.1473326
            ],
            [
              116.26081099999999,
              40.14767230000001
            ],
            [
              116.2620868,
              40.1479901
            ],
            [
              116.2622302,
              40.14787499999999
            ],
            [
              116.2634702,
              40.14817639999999
            ],
            [
              116.2635705,
              40.1479134
            ]
          ]
        ]
      },
      "properties": {
        "kind": "forest",
        "name": "",
        "osm_tags": {
          "landuse": "forest"
        }
      }
    },
    {
      "type": "Feature",
      "id": "way/901928500",
      "geometry": {
        "type": "Polygon",
        "coordinates": [
          [
            [
              116.2678782,
              40.1490365
            ],
            [
              116.26647340000001,
              40.1486092
            ],
            [
              116.26633720000001,
              40.14863110000001
            ],
            [
              116.2662369,
              40.14886669999999
            ],
            [
              116.26777789999998,
              40.149261199999984
            ],
            [
              116.2678782,
              40.1490365
            ]
          ]
        ]
      },
      "properties": {
        "kind": "forest",
        "name": "",
        "osm_tags": {
          "landuse": "forest"
        }
      }
    },
    {
      "type": "Feature",
      "id": "way/901928501",
      "geometry": {
        "type": "Polygon",
        "coordinates": [
          [
            [
              116.2639946,
              40.1444518
            ],
            [
              116.26306240000001,
              40.146263100000006
            ],
            [
              116.26187909999999,
              40.145915499999994
            ],
            [
              116.2613943,
              40.1467409
            ],
            [
              116.26141499999999,
              40.146809399999995
            ],
            [
              116.2655799,
              40.14786410000001
            ],
            [
              116.26655469999999,
              40.146022900000006
            ],
            [
              116.2689697,
              40.1467562
            ],
            [
              116.26928510000002,
              40.14599280000001
            ],
            [
              116.26930440000001,
              40.14581179999999
            ],
            [
              116.26945089999998,
              40.14545329999999
            ],
            [
              116.26610803381614,
              40.1444439854499
            ],
            [
              116.26392660356152,
              40.14443013931301
            ],
            [
              116.2639946,
              40.1444518
            ]
          ]
        ]
      },
      "properties": {
        "kind": "landuse",
        "name": "科华新城",
        "osm_tags": {
          "landuse": "residential",
          "name": "科华新城"
        }
      }
    },
    {
      "type": "Feature",
      "id": "way/901928504",
      "geometry": {
        "type": "MultiPolygon",
        "coordinates": [
          [
            [
              [
                116.27495320000001,
                40.1458559
              ],
              [
                116.27513389764226,
                40.145907107631814
              ],
              [
                116.27513889236607,
                40.1454372065634
              ],
              [
                116.27495320000001,
                40.1458559
              ]
            ]
          ],
          [
            [
              [
                116.274263,
                40.144961600000016
              ],
              [
                116.27514147985363,
                40.145193772697304
              ],
              [
                116.27514884396872,
                40.144500931825
              ],
              [
                116.27443691477045,
                40.144496473121734
              ],
              [
                116.274263,
                40.144961600000016
              ]
            ]
          ]
        ]
      },
      "properties": {
        "kind": "landuse",
        "name": "玖耀里西区",
        "osm_tags": {
          "landuse": "retail",
          "name": "玖耀里西区",
          "old_name": "0405-20地块",
          "start_date": "2023-07"
        }
      }
    },
    {
      "type": "Feature",
      "id": "way/992630360",
      "geometry": {
        "type": "Polygon",
        "coordinates": [
          [
            [
              116.2710995,
              40.1579184
            ],
            [
              116.27112499999998,
              40.1578365
            ],
            [
              116.27110969999998,
              40.15765319999999
            ],
            [
              116.27107910000001,
              40.1575557
            ],
            [
              116.27097189999999,
              40.15744649999999
            ],
            [
              116.2708392,
              40.1573489
            ],
            [
              116.26938470000002,
              40.15697449999999
            ],
            [
              116.2692214,
              40.156954999999996
            ],
            [
              116.26899170000002,
              40.156990099999994
            ],
            [
              116.2688335,
              40.15707200000001
            ],
            [
              116.2687059,
              40.157173399999984
            ],
            [
              116.26811182361044,
              40.1585932844402
            ],
            [
              116.2707924500989,
              40.15861019783774
            ],
            [
              116.2710995,
              40.1579184
            ]
          ]
        ]
      },
      "properties": {
        "kind": "park",
        "name": "",
        "osm_tags": {
          "landuse": "grass"
        }
      }
    },
    {
      "type": "Feature",
      "id": "way/992687690",
      "geometry": {
        "type": "Polygon",
        "coordinates": [
          [
            [
              116.2725016,
              40.15259069999999
            ],
            [
              116.27292630000001,
              40.15168030000001
            ],
            [
              116.2722331,
              40.15148250000001
            ],
            [
              116.27179369999999,
              40.1523631
            ],
            [
              116.2725016,
              40.15259069999999
            ]
          ]
        ]
      },
      "properties": {
        "kind": "pitch",
        "name": "",
        "osm_tags": {
          "leisure": "pitch",
          "sport": "soccer"
        }
      }
    },
    {
      "type": "Feature",
      "id": "way/992687691",
      "geometry": {
        "type": "Polygon",
        "coordinates": [
          [
            [
              116.2703682,
              40.15062429999999
            ],
            [
              116.269592,
              40.1505459
            ],
            [
              116.2694797,
              40.1515086
            ],
            [
              116.27026570000001,
              40.15156460000001
            ],
            [
              116.2703682,
              40.15062429999999
            ]
          ]
        ]
      },
      "properties": {
        "kind": "pitch",
        "name": "",
        "osm_tags": {
          "leisure": "pitch",
          "sport": "soccer"
        }
      }
    },
    {
      "type": "Feature",
      "id": "way/992727743",
      "geometry": {
        "type": "LineString",
        "coordinates": [
          [
            116.26225950000001,
            40.1509787
          ],
          [
            116.26229970000001,
            40.150898700000006
          ]
        ]
      },
      "properties": {
        "kind": "path",
        "name": "",
        "osm_tags": {
          "highway": "footway"
        }
      }
    },
    {
      "type": "Feature",
      "id": "way/992727744",
      "geometry": {
        "type": "LineString",
        "coordinates": [
          [
            116.2624231,
            40.15082700000001
          ],
          [
            116.26239090000001,
            40.150945899999996
          ],
          [
            116.2623373,
            40.1509971
          ],
          [
            116.26225950000001,
            40.1509787
          ],
          [
            116.26195770000001,
            40.150903
          ]
        ]
      },
      "properties": {
        "kind": "path",
        "name": "",
        "osm_tags": {
          "highway": "footway"
        }
      }
    },
    {
      "type": "Feature",
      "id": "way/992727745",
      "geometry": {
        "type": "LineString",
        "coordinates": [
          [
            116.262458,
            40.15068140000001
          ],
          [
            116.26261960000001,
            40.1507256
          ],
          [
            116.2626989,
            40.1507473
          ]
        ]
      },
      "properties": {
        "kind": "path",
        "name": "",
        "osm_tags": {
          "highway": "footway"
        }
      }
    },
    {
      "type": "Feature",
      "id": "way/992727746",
      "geometry": {
        "type": "LineString",
        "coordinates": [
          [
            116.2617016,
            40.15037589999999
          ],
          [
            116.26146719999998,
            40.1503348
          ]
        ]
      },
      "properties": {
        "kind": "path",
        "name": "",
        "osm_tags": {
          "highway": "footway"
        }
      }
    },
    {
      "type": "Feature",
      "id": "way/992727747",
      "geometry": {
        "type": "LineString",
        "coordinates": [
          [
            116.26169909999999,
            40.1501365
          ],
          [
            116.2617874,
            40.1502283
          ]
        ]
      },
      "properties": {
        "kind": "path",
        "name": "",
        "osm_tags": {
          "highway": "footway"
        }
      }
    },
    {
      "type": "Feature",
      "id": "way/992727748",
      "geometry": {
        "type": "LineString",
        "coordinates": [
          [
            116.2616965,
            40.1499331
          ],
          [
            116.2617451,
            40.1499652
          ],
          [
            116.2617721,
            40.15000969999999
          ],
          [
            116.2617727,
            40.15005879999999
          ],
          [
            116.2617469,
            40.1501037
          ],
          [
            116.26169909999999,
            40.1501365
          ],
          [
            116.261638,
            40.15015139999999
          ],
          [
            116.26157420000001,
            40.150145800000004
          ],
          [
            116.26151909999999,
            40.150120599999994
          ],
          [
            116.26148249999999,
            40.15008029999999
          ],
          [
            116.26147070000002,
            40.15003349999999
          ],
          [
            116.2614844,
            40.1499871
          ],
          [
            116.2615212,
            40.149948699999996
          ],
          [
            116.26157510000002,
            40.149924799999994
          ],
          [
            116.26163690000001,
            40.14991929999999
          ],
          [
            116.2616965,
            40.1499331
          ]
        ]
      },
      "properties": {
        "kind": "path",
        "name": "",
        "osm_tags": {
          "highway": "footway"
        }
      }
    },
    {
      "type": "Feature",
      "id": "way/992727749",
      "geometry": {
        "type": "LineString",
        "coordinates": [
          [
            116.26181420000002,
            40.1505276
          ],
          [
            116.26166939999999,
            40.15049279999999
          ]
        ]
      },
      "properties": {
        "kind": "path",
        "name": "",
        "osm_tags": {
          "highway": "footway"
        }
      }
    },
    {
      "type": "Feature",
      "id": "way/992727750",
      "geometry": {
        "type": "LineString",
        "coordinates": [
          [
            116.2624379,
            40.150344800000006
          ],
          [
            116.2623239,
            40.150322599999996
          ],
          [
            116.2622756,
            40.1503493
          ],
          [
            116.26222730000002,
            40.1504087
          ],
          [
            116.262179,
            40.1504825
          ],
          [
            116.2621415,
            40.150502999999986
          ],
          [
            116.26207710000001,
            40.15050920000001
          ],
          [
            116.2620181,
            40.150486599999994
          ],
          [
            116.2619618,
            40.15047020000001
          ],
          [
            116.2619001,
            40.1504764
          ],
          [
            116.2618598,
            40.15049890000001
          ],
          [
            116.26181420000002,
            40.1505276
          ],
          [
            116.2617955,
            40.15056859999999
          ],
          [
            116.2618196,
            40.1506322
          ],
          [
            116.2618411,
            40.15069369999999
          ],
          [
            116.26184369999999,
            40.150736800000004
          ],
          [
            116.26180130000002,
            40.15082809999999
          ],
          [
            116.2617499,
            40.15094160000002
          ]
        ]
      },
      "properties": {
        "kind": "path",
        "name": "",
        "osm_tags": {
          "highway": "footway"
        }
      }
    },
    {
      "type": "Feature",
      "id": "way/992727751",
      "geometry": {
        "type": "LineString",
        "coordinates": [
          [
            116.26225409999999,
            40.1497855
          ],
          [
            116.26221389999999,
            40.149730100000006
          ],
          [
            116.26217760000002,
            40.149716299999994
          ]
        ]
      },
      "properties": {
        "kind": "path",
        "name": "",
        "osm_tags": {
          "highway": "footway"
        }
      }
    },
    {
      "type": "Feature",
      "id": "way/992727752",
      "geometry": {
        "type": "LineString",
        "coordinates": [
          [
            116.2623748,
            40.149480000000004
          ],
          [
            116.2625089,
            40.14962559999999
          ],
          [
            116.26258290000001,
            40.149720499999994
          ]
        ]
      },
      "properties": {
        "kind": "path",
        "name": "",
        "osm_tags": {
          "highway": "footway"
        }
      }
    },
    {
      "type": "Feature",
      "id": "way/992727753",
      "geometry": {
        "type": "MultiLineString",
        "coordinates": [
          [
            [
              116.2622966,
              40.1493404
            ],
            [
              116.2623748,
              40.149480000000004
            ]
          ],
          [
            [
              116.2623748,
              40.149480000000004
            ],
            [
              116.2624553,
              40.14945749999999
            ],
            [
              116.26257060000002,
              40.1494472
            ],
            [
              116.2626779,
              40.14944309999999
            ],
            [
              116.26273690000001,
              40.149406199999994
            ],
            [
              116.2627664,
              40.149387700000005
            ],
            [
              116.2628522,
              40.14935489999999
            ],
            [
              116.26293,
              40.149348800000006
            ],
            [
              116.2629998,
              40.149371300000006
            ],
            [
              116.26305070000001,
              40.14940210000001
            ],
            [
              116.2630883,
              40.149439
            ],
            [
              116.26310439999999,
              40.14947690000002
            ],
            [
              116.26311340000001,
              40.1495287
            ],
            [
              116.263104,
              40.1495915
            ],
            [
              116.26295710000001,
              40.14993249999999
            ],
            [
              116.26261960000001,
              40.1507256
            ],
            [
              116.2625062,
              40.150992
            ],
            [
              116.2624727,
              40.15102889999999
            ],
            [
              116.26240029999998,
              40.1510689
            ],
            [
              116.2623373,
              40.15108630000002
            ],
            [
              116.26228499999999,
              40.1510863
            ],
            [
              116.2619242,
              40.1509869
            ],
            [
              116.2617499,
              40.15094160000002
            ],
            [
              116.26137170000001,
              40.15084339999999
            ],
            [
              116.26123489999999,
              40.150695799999994
            ],
            [
              116.2612563,
              40.150619899999995
            ],
            [
              116.26132880000002,
              40.150558399999994
            ],
            [
              116.2613878,
              40.150503
            ],
            [
              116.261428,
              40.1504354
            ],
            [
              116.2614655,
              40.1503698
            ],
            [
              116.26146719999998,
              40.1503348
            ],
            [
              116.2614682,
              40.1503144
            ],
            [
              116.2614655,
              40.1502468
            ],
            [
              116.26145750000002,
              40.15018119999999
            ],
            [
              116.26145750000002,
              40.150132000000006
            ],
            [
              116.26148249999999,
              40.15008029999999
            ],
            [
              116.26154870000002,
              40.1500151
            ],
            [
              116.2616158,
              40.14996589999999
            ],
            [
              116.26166939999999,
              40.14993510000001
            ],
            [
              116.2616965,
              40.1499331
            ],
            [
              116.26181420000002,
              40.1499126
            ],
            [
              116.2619081,
              40.149941299999995
            ],
            [
              116.26195370000002,
              40.1498859
            ],
            [
              116.2620208,
              40.1498429
            ],
            [
              116.26217760000002,
              40.149716299999994
            ],
            [
              116.26221120000001,
              40.1496891
            ],
            [
              116.2622353,
              40.1495866
            ],
            [
              116.26226220000001,
              40.14954360000001
            ],
            [
              116.26230780000002,
              40.14950050000001
            ],
            [
              116.2623748,
              40.149480000000004
            ]
          ]
        ]
      },
      "properties": {
        "kind": "path",
        "name": "",
        "osm_tags": {
          "highway": "footway"
        }
      }
    },
    {
      "type": "Feature",
      "id": "way/992727754",
      "geometry": {
        "type": "LineString",
        "coordinates": [
          [
            116.2628791,
            40.1499126
          ],
          [
            116.26287640000001,
            40.1498552
          ],
          [
            116.26283620000001,
            40.14979369999999
          ],
          [
            116.26279590000001,
            40.149750600000004
          ],
          [
            116.26270200000002,
            40.1497178
          ],
          [
            116.2626296,
            40.1497158
          ],
          [
            116.26258290000001,
            40.149720499999994
          ],
          [
            116.26252769999999,
            40.149726
          ],
          [
            116.26239360000001,
            40.1497547
          ],
          [
            116.26230240000001,
            40.149773200000006
          ],
          [
            116.26225409999999,
            40.1497855
          ],
          [
            116.26225950000001,
            40.14984079999999
          ],
          [
            116.2622219,
            40.149890000000006
          ],
          [
            116.26216559999999,
            40.14993099999999
          ],
          [
            116.26212000000001,
            40.1499515
          ],
          [
            116.26203419999999,
            40.1499597
          ],
          [
            116.26198590000001,
            40.14995969999999
          ],
          [
            116.2619081,
            40.149941299999995
          ],
          [
            116.2619242,
            40.1500479
          ],
          [
            116.2618867,
            40.150136100000005
          ],
          [
            116.26184369999999,
            40.15018119999999
          ],
          [
            116.2617874,
            40.1502283
          ],
          [
            116.2617418,
            40.1502611
          ],
          [
            116.2617177,
            40.150287799999994
          ],
          [
            116.2616882,
            40.150332899999995
          ],
          [
            116.2617016,
            40.15037589999999
          ],
          [
            116.26170690000001,
            40.1504497
          ],
          [
            116.26166939999999,
            40.15049279999999
          ],
          [
            116.26162109999999,
            40.15052759999999
          ],
          [
            116.2615675,
            40.150564499999994
          ],
          [
            116.2615272,
            40.15061579999999
          ],
          [
            116.2615219,
            40.15066300000001
          ],
          [
            116.26152989999999,
            40.1507183
          ],
          [
            116.26168010000002,
            40.150790100000016
          ],
          [
            116.26180130000002,
            40.15082809999999
          ],
          [
            116.2618759,
            40.150851599999996
          ],
          [
            116.2619702,
            40.1508718
          ]
        ]
      },
      "properties": {
        "kind": "path",
        "name": "",
        "osm_tags": {
          "highway": "footway"
        }
      }
    },
    {
      "type": "Feature",
      "id": "way/992727755",
      "geometry": {
        "type": "LineString",
        "coordinates": [
          [
            116.2628189,
            40.149939399999994
          ],
          [
            116.2628791,
            40.1499126
          ],
          [
            116.26295710000001,
            40.14993249999999
          ],
          [
            116.2630641,
            40.1499598
          ]
        ]
      },
      "properties": {
        "kind": "path",
        "name": "",
        "osm_tags": {
          "highway": "footway"
        }
      }
    },
    {
      "type": "Feature",
      "id": "way/992727756",
      "geometry": {
        "type": "MultiLineString",
        "coordinates": [
          [
            [
              116.2618917,
              40.1510599
            ],
            [
              116.2619242,
              40.1509869
            ],
            [
              116.26195770000001,
              40.150903
            ],
            [
              116.2619702,
              40.1508718
            ],
            [
              116.262002,
              40.1507921
            ],
            [
              116.2621093,
              40.1508167
            ],
            [
              116.26209590000002,
              40.15085979999999
            ],
            [
              116.26229970000001,
              40.150898700000006
            ],
            [
              116.26234529999999,
              40.1508003
            ],
            [
              116.2624231,
              40.15082700000001
            ],
            [
              116.262458,
              40.15068140000001
            ],
            [
              116.26246330000001,
              40.150622000000006
            ],
            [
              116.26251159999998,
              40.1505297
            ],
            [
              116.2624553,
              40.1504928
            ],
            [
              116.2624285,
              40.1504518
            ],
            [
              116.262415,
              40.150416899999996
            ],
            [
              116.26242039999998,
              40.15038620000001
            ],
            [
              116.2624379,
              40.150344800000006
            ],
            [
              116.2624499,
              40.1503165
            ],
            [
              116.26253040000002,
              40.1501402
            ],
            [
              116.2625561,
              40.15007500000001
            ]
          ],
          [
            [
              116.2625561,
              40.15007500000001
            ],
            [
              116.2625102,
              40.1500578
            ],
            [
              116.2624683,
              40.150029399999994
            ],
            [
              116.2624367,
              40.149990100000004
            ],
            [
              116.2624238,
              40.1499051
            ],
            [
              116.2624555,
              40.1498452
            ],
            [
              116.2625042,
              40.14980710000001
            ],
            [
              116.26259580000001,
              40.1497798
            ],
            [
              116.26267599999998,
              40.1497848
            ],
            [
              116.2627604,
              40.1498229
            ],
            [
              116.26280790000001,
              40.14988019999999
            ],
            [
              116.2628189,
              40.149939399999994
            ],
            [
              116.2628018,
              40.1499932
            ],
            [
              116.2627718,
              40.1500295
            ],
            [
              116.26271430000001,
              40.15006499999999
            ],
            [
              116.26265850000001,
              40.1500802
            ],
            [
              116.2626059,
              40.1500827
            ],
            [
              116.2625561,
              40.15007500000001
            ]
          ]
        ]
      },
      "properties": {
        "kind": "path",
        "name": "",
        "osm_tags": {
          "highway": "footway"
        }
      }
    },
    {
      "type": "Feature",
      "id": "way/992727757",
      "geometry": {
        "type": "LineString",
        "coordinates": [
          [
            116.26216559999999,
            40.15202829999999
          ],
          [
            116.26227830000002,
            40.1517229
          ]
        ]
      },
      "properties": {
        "kind": "road",
        "name": "",
        "osm_tags": {
          "highway": "residential",
          "layer": "-1",
          "tunnel": "building_passage"
        }
      }
    },
    {
      "type": "Feature",
      "id": "way/992727758",
      "geometry": {
        "type": "LineString",
        "coordinates": [
          [
            116.2618675,
            40.1527394
          ],
          [
            116.26216559999999,
            40.15202829999999
          ]
        ]
      },
      "properties": {
        "kind": "road",
        "name": "",
        "osm_tags": {
          "highway": "residential"
        }
      }
    },
    {
      "type": "Feature",
      "id": "way/992727759",
      "geometry": {
        "type": "LineString",
        "coordinates": [
          [
            116.2622917,
            40.1516839
          ],
          [
            116.26337839999998,
            40.15194280000001
          ]
        ]
      },
      "properties": {
        "kind": "road",
        "name": "",
        "osm_tags": {
          "highway": "residential"
        }
      }
    },
    {
      "type": "Feature",
      "id": "way/992727760",
      "geometry": {
        "type": "LineString",
        "coordinates": [
          [
            116.26227830000002,
            40.1517229
          ],
          [
            116.2622917,
            40.1516839
          ],
          [
            116.2611142,
            40.1513826
          ],
          [
            116.26069660000002,
            40.1524618
          ]
        ]
      },
      "properties": {
        "kind": "road",
        "name": "",
        "osm_tags": {
          "highway": "residential"
        }
      }
    },
    {
      "type": "Feature",
      "id": "way/992727761",
      "geometry": {
        "type": "LineString",
        "coordinates": [
          [
            116.26905080000002,
            40.1541204
          ],
          [
            116.26899050000002,
            40.15410709999999
          ]
        ]
      },
      "properties": {
        "kind": "road",
        "name": "",
        "osm_tags": {
          "highway": "residential",
          "layer": "-1",
          "tunnel": "building_passage"
        }
      }
    },
    {
      "type": "Feature",
      "id": "way/992727762",
      "geometry": {
        "type": "LineString",
        "coordinates": [
          [
            116.26917290000002,
            40.15415529999999
          ],
          [
            116.26905080000002,
            40.1541204
          ]
        ]
      },
      "properties": {
        "kind": "road",
        "name": "",
        "osm_tags": {
          "highway": "residential"
        }
      }
    },
    {
      "type": "Feature",
      "id": "way/992727763",
      "geometry": {
        "type": "LineString",
        "coordinates": [
          [
            116.26932309999998,
            40.154189099999996
          ],
          [
            116.26923989999999,
            40.15417169999999
          ]
        ]
      },
      "properties": {
        "kind": "road",
        "name": "",
        "osm_tags": {
          "highway": "residential"
        }
      }
    },
    {
      "type": "Feature",
      "id": "way/992727764",
      "geometry": {
        "type": "LineString",
        "coordinates": [
          [
            116.26923989999999,
            40.15417169999999
          ],
          [
            116.26917290000002,
            40.15415529999999
          ]
        ]
      },
      "properties": {
        "kind": "road",
        "name": "",
        "osm_tags": {
          "highway": "residential",
          "layer": "-1",
          "tunnel": "building_passage"
        }
      }
    },
    {
      "type": "Feature",
      "id": "way/992727765",
      "geometry": {
        "type": "LineString",
        "coordinates": [
          [
            116.2688656,
            40.1535685
          ],
          [
            116.2689712,
            40.1535903
          ],
          [
            116.26951890000001,
            40.15373910000001
          ],
          [
            116.26932309999998,
            40.154189099999996
          ]
        ]
      },
      "properties": {
        "kind": "road",
        "name": "",
        "osm_tags": {
          "highway": "residential"
        }
      }
    },
    {
      "type": "Feature",
      "id": "way/992727766",
      "geometry": {
        "type": "LineString",
        "coordinates": [
          [
            116.26899050000002,
            40.15410709999999
          ],
          [
            116.26868609999998,
            40.15403950000001
          ],
          [
            116.2688656,
            40.1535685
          ],
          [
            116.2689861,
            40.153252599999995
          ],
          [
            116.26901849999999,
            40.1531798
          ],
          [
            116.26904730000001,
            40.153118500000005
          ],
          [
            116.26909380000001,
            40.1530157
          ],
          [
            116.26934399999999,
            40.152434500000005
          ],
          [
            116.2693754,
            40.15234410000001
          ],
          [
            116.2693201,
            40.152331
          ],
          [
            116.26712230000001,
            40.1517834
          ],
          [
            116.2670718,
            40.1517671
          ]
        ]
      },
      "properties": {
        "kind": "road",
        "name": "",
        "osm_tags": {
          "highway": "residential"
        }
      }
    },
    {
      "type": "Feature",
      "id": "way/992727767",
      "geometry": {
        "type": "LineString",
        "coordinates": [
          [
            116.26798870000002,
            40.15288150000001
          ],
          [
            116.2679445,
            40.1529714
          ],
          [
            116.26761830000001,
            40.153767499999994
          ]
        ]
      },
      "properties": {
        "kind": "road",
        "name": "",
        "osm_tags": {
          "highway": "residential"
        }
      }
    },
    {
      "type": "Feature",
      "id": "way/992727768",
      "geometry": {
        "type": "LineString",
        "coordinates": [
          [
            116.26476239999998,
            40.15572660000001
          ],
          [
            116.26536350000002,
            40.1558704
          ]
        ]
      },
      "properties": {
        "kind": "road",
        "name": "",
        "osm_tags": {
          "highway": "residential"
        }
      }
    },
    {
      "type": "Feature",
      "id": "way/992727769",
      "geometry": {
        "type": "LineString",
        "coordinates": [
          [
            116.26090789999999,
            40.155569500000006
          ],
          [
            116.2641585,
            40.1564052
          ],
          [
            116.2643462,
            40.156421599999994
          ],
          [
            116.2644267,
            40.15640109999999
          ],
          [
            116.2645072,
            40.156356
          ],
          [
            116.26476239999998,
            40.15572660000001
          ],
          [
            116.2651938,
            40.15463400000001
          ],
          [
            116.26533650000002,
            40.1542502
          ],
          [
            116.2655716,
            40.1536181
          ]
        ]
      },
      "properties": {
        "kind": "road",
        "name": "",
        "osm_tags": {
          "highway": "residential"
        }
      }
    },
    {
      "type": "Feature",
      "id": "way/992727770",
      "geometry": {
        "type": "LineString",
        "coordinates": [
          [
            116.26872170000001,
            40.151228999999994
          ],
          [
            116.2687561,
            40.15113749999998
          ],
          [
            116.2690857,
            40.1503554
          ],
          [
            116.26919030000002,
            40.150062299999995
          ],
          [
            116.2692574,
            40.1500684
          ],
          [
            116.26977770000002,
            40.15018119999999
          ],
          [
            116.26984740000002,
            40.150175000000004
          ],
          [
            116.2699145,
            40.1501033
          ],
          [
            116.2699821,
            40.1499847
          ]
        ]
      },
      "properties": {
        "kind": "road",
        "name": "",
        "osm_tags": {
          "highway": "residential"
        }
      }
    },
    {
      "type": "Feature",
      "id": "way/992727771",
      "geometry": {
        "type": "LineString",
        "coordinates": [
          [
            116.26745830000002,
            40.15079159999999
          ],
          [
            116.2675236,
            40.150804300000004
          ],
          [
            116.2687561,
            40.15113749999998
          ],
          [
            116.2690234,
            40.1512098
          ]
        ]
      },
      "properties": {
        "kind": "road",
        "name": "",
        "osm_tags": {
          "highway": "residential"
        }
      }
    },
    {
      "type": "Feature",
      "id": "way/992727772",
      "geometry": {
        "type": "LineString",
        "coordinates": [
          [
            116.2674159,
            40.150900699999994
          ],
          [
            116.26747930000002,
            40.1509123
          ],
          [
            116.26872170000001,
            40.151228999999994
          ],
          [
            116.2690186,
            40.151304599999996
          ],
          [
            116.2690234,
            40.1512098
          ],
          [
            116.26908029999998,
            40.15058710000001
          ],
          [
            116.2692118,
            40.15060760000001
          ],
          [
            116.2692574,
            40.1502816
          ]
        ]
      },
      "properties": {
        "kind": "road",
        "name": "",
        "osm_tags": {
          "highway": "residential"
        }
      }
    },
    {
      "type": "Feature",
      "id": "way/992727773",
      "geometry": {
        "type": "LineString",
        "coordinates": [
          [
            116.2671566,
            40.15511039999999
          ],
          [
            116.2677204,
            40.1537935
          ]
        ]
      },
      "properties": {
        "kind": "road",
        "name": "",
        "osm_tags": {
          "highway": "residential"
        }
      }
    },
    {
      "type": "Feature",
      "id": "way/992727774",
      "geometry": {
        "type": "LineString",
        "coordinates": [
          [
            116.2676964,
            40.1502007
          ],
          [
            116.26759429999998,
            40.1501723
          ],
          [
            116.26714000000001,
            40.1500576
          ],
          [
            116.2656506,
            40.149675300000006
          ],
          [
            116.2655998,
            40.14966110000001
          ],
          [
            116.2651984,
            40.1495486
          ],
          [
            116.2650337,
            40.1495024
          ],
          [
            116.2639439,
            40.14919710000001
          ],
          [
            116.26380130000001,
            40.14917049999998
          ],
          [
            116.26350400000001,
            40.1491151
          ],
          [
            116.2634049,
            40.1491204
          ],
          [
            116.26280760000002,
            40.14915260000001
          ],
          [
            116.26274229999999,
            40.1491561
          ],
          [
            116.2622966,
            40.1493404
          ],
          [
            116.26208780000002,
            40.1494267
          ],
          [
            116.261605,
            40.14967270000001
          ],
          [
            116.2612885,
            40.1500131
          ],
          [
            116.26101490000002,
            40.1505256
          ],
          [
            116.26088480000001,
            40.150771899999995
          ],
          [
            116.26086260000001,
            40.150846999999985
          ],
          [
            116.2608283,
            40.15091609999999
          ],
          [
            116.2606662,
            40.1513949
          ],
          [
            116.2605053,
            40.1517967
          ],
          [
            116.26047850000002,
            40.15201400000001
          ],
          [
            116.26049989999999,
            40.1524732
          ],
          [
            116.26056970000002,
            40.15271099999999
          ],
          [
            116.26077889999999,
            40.1531251
          ],
          [
            116.2611651,
            40.153580299999994
          ],
          [
            116.26122950000001,
            40.1536393
          ],
          [
            116.2614334,
            40.15382629999999
          ],
          [
            116.2616667,
            40.1540005
          ],
          [
            116.2624258,
            40.1542937
          ],
          [
            116.2630892,
            40.1544536
          ],
          [
            116.26350939999999,
            40.154491900000004
          ],
          [
            116.2638869,
            40.15450200000001
          ],
          [
            116.26412090000001,
            40.154511
          ],
          [
            116.26444280000001,
            40.1545356
          ],
          [
            116.2651938,
            40.15463400000001
          ],
          [
            116.26580580000001,
            40.15475990000001
          ],
          [
            116.26644360000002,
            40.15492540000001
          ],
          [
            116.2671566,
            40.15511039999999
          ],
          [
            116.2681174,
            40.155359700000005
          ],
          [
            116.2688099,
            40.15551899999999
          ],
          [
            116.2689483,
            40.155547999999996
          ],
          [
            116.2691058,
            40.155580300000004
          ],
          [
            116.2692398,
            40.15560839999999
          ]
        ]
      },
      "properties": {
        "kind": "road",
        "name": "",
        "osm_tags": {
          "highway": "residential"
        }
      }
    },
    {
      "type": "Feature",
      "id": "way/992727775",
      "geometry": {
        "type": "LineString",
        "coordinates": [
          [
            116.2639137,
            40.15081450000001
          ],
          [
            116.26439719999999,
            40.15096639999999
          ],
          [
            116.2644213,
            40.1509992
          ],
          [
            116.2643865,
            40.15103810000001
          ],
          [
            116.2643713,
            40.1510682
          ]
        ]
      },
      "properties": {
        "kind": "path",
        "name": "",
        "osm_tags": {
          "highway": "footway"
        }
      }
    },
    {
      "type": "Feature",
      "id": "way/992727776",
      "geometry": {
        "type": "LineString",
        "coordinates": [
          [
            116.2642039,
            40.151204499999984
          ],
          [
            116.2641612,
            40.1511201
          ],
          [
            116.2638231,
            40.151017
          ]
        ]
      },
      "properties": {
        "kind": "path",
        "name": "",
        "osm_tags": {
          "highway": "footway"
        }
      }
    },
    {
      "type": "Feature",
      "id": "way/992727777",
      "geometry": {
        "type": "LineString",
        "coordinates": [
          [
            116.2620175,
            40.1489012
          ],
          [
            116.26238949999998,
            40.147978400000014
          ]
        ]
      },
      "properties": {
        "kind": "road",
        "name": "",
        "osm_tags": {
          "highway": "residential"
        }
      }
    },
    {
      "type": "Feature",
      "id": "way/992727778",
      "geometry": {
        "type": "LineString",
        "coordinates": [
          [
            116.2612617,
            40.14849799999999
          ],
          [
            116.2611946,
            40.14868859999999
          ],
          [
            116.2620175,
            40.1489012
          ],
          [
            116.2627262,
            40.1490843
          ],
          [
            116.26280760000002,
            40.14915260000001
          ]
        ]
      },
      "properties": {
        "kind": "road",
        "name": "",
        "osm_tags": {
          "highway": "residential"
        }
      }
    },
    {
      "type": "Feature",
      "id": "way/992727779",
      "geometry": {
        "type": "LineString",
        "coordinates": [
          [
            116.26413700000002,
            40.1484262
          ],
          [
            116.26238949999998,
            40.147978400000014
          ],
          [
            116.26228089999998,
            40.147950599999994
          ],
          [
            116.26146020000002,
            40.1477414
          ]
        ]
      },
      "properties": {
        "kind": "road",
        "name": "",
        "osm_tags": {
          "highway": "residential"
        }
      }
    },
    {
      "type": "Feature",
      "id": "way/992727780",
      "geometry": {
        "type": "LineString",
        "coordinates": [
          [
            116.26380130000001,
            40.14917049999998
          ],
          [
            116.26413700000002,
            40.1484262
          ],
          [
            116.2653649,
            40.1487555
          ],
          [
            116.265508,
            40.148791700000004
          ],
          [
            116.26593779999999,
            40.1489004
          ],
          [
            116.2660416,
            40.14892660000001
          ],
          [
            116.2679424,
            40.14939369999998
          ],
          [
            116.2680111,
            40.14941470000001
          ],
          [
            116.26808059999999,
            40.149430900000006
          ],
          [
            116.2699821,
            40.1499847
          ],
          [
            116.27049190000001,
            40.1501332
          ],
          [
            116.27085859999998,
            40.15023860000001
          ],
          [
            116.27094979999998,
            40.15029599999998
          ],
          [
            116.270982,
            40.150361600000004
          ],
          [
            116.27079709999998,
            40.1508688
          ],
          [
            116.2701023,
            40.1524527
          ],
          [
            116.2700164,
            40.15250600000001
          ],
          [
            116.2693754,
            40.15234410000001
          ]
        ]
      },
      "properties": {
        "kind": "road",
        "name": "",
        "osm_tags": {
          "highway": "residential"
        }
      }
    },
    {
      "type": "Feature",
      "id": "way/992727781",
      "geometry": {
        "type": "LineString",
        "coordinates": [
          [
            116.26242879999998,
            40.1512931
          ],
          [
            116.26247640000001,
            40.1512272
          ],
          [
            116.2626989,
            40.1507473
          ],
          [
            116.2630641,
            40.1499598
          ],
          [
            116.2634049,
            40.1491204
          ]
        ]
      },
      "properties": {
        "kind": "road",
        "name": "",
        "osm_tags": {
          "highway": "residential"
        }
      }
    },
    {
      "type": "Feature",
      "id": "way/992727782",
      "geometry": {
        "type": "LineString",
        "coordinates": [
          [
            116.2645855,
            40.15338409999999
          ],
          [
            116.2651064,
            40.152150500000005
          ],
          [
            116.26514579999998,
            40.152073300000005
          ]
        ]
      },
      "properties": {
        "kind": "road",
        "name": "",
        "osm_tags": {
          "highway": "residential"
        }
      }
    },
    {
      "type": "Feature",
      "id": "way/992727788",
      "geometry": {
        "type": "LineString",
        "coordinates": [
          [
            116.2630641,
            40.1499598
          ],
          [
            116.2641638,
            40.15025500000001
          ],
          [
            116.2639137,
            40.15081450000001
          ],
          [
            116.2638231,
            40.151017
          ],
          [
            116.2636569,
            40.15138869999999
          ],
          [
            116.2635722,
            40.15154010000001
          ],
          [
            116.2635339,
            40.1516093
          ],
          [
            116.26348240000002,
            40.1516819
          ],
          [
            116.26337839999998,
            40.15194280000001
          ],
          [
            116.2629576,
            40.152997799999994
          ]
        ]
      },
      "properties": {
        "kind": "road",
        "name": "",
        "osm_tags": {
          "highway": "residential"
        }
      }
    },
    {
      "type": "Feature",
      "id": "way/992727789",
      "geometry": {
        "type": "LineString",
        "coordinates": [
          [
            116.2662192,
            40.153782699999994
          ],
          [
            116.2655716,
            40.1536181
          ],
          [
            116.2645855,
            40.15338409999999
          ],
          [
            116.2630629,
            40.153022799999995
          ],
          [
            116.2629576,
            40.152997799999994
          ],
          [
            116.2618675,
            40.1527394
          ],
          [
            116.26069660000002,
            40.1524618
          ],
          [
            116.2606582,
            40.152452700000005
          ],
          [
            116.26049989999999,
            40.1524732
          ]
        ]
      },
      "properties": {
        "kind": "road",
        "name": "",
        "osm_tags": {
          "highway": "residential"
        }
      }
    },
    {
      "type": "Feature",
      "id": "way/992727791",
      "geometry": {
        "type": "LineString",
        "coordinates": [
          [
            116.268327,
            40.1487726
          ],
          [
            116.26980390000001,
            40.145216399999995
          ],
          [
            116.26982910000001,
            40.145138499999995
          ]
        ]
      },
      "properties": {
        "kind": "planned",
        "name": "北沙河西一路",
        "osm_tags": {
          "construction": "tertiary",
          "highway": "construction",
          "name": "北沙河西一路",
          "name:zh": "北沙河西一路",
          "name:zh-Hans": "北沙河西一路",
          "name:zh-Hant": "北沙河西一路"
        }
      }
    },
    {
      "type": "Feature",
      "id": "way/992727792",
      "geometry": {
        "type": "LineString",
        "coordinates": [
          [
            116.2607223,
            40.15598839999999
          ],
          [
            116.26078159999999,
            40.15584990000001
          ],
          [
            116.2608657,
            40.15565699999999
          ],
          [
            116.26090789999999,
            40.155569500000006
          ],
          [
            116.2614146,
            40.15455660000001
          ],
          [
            116.26144820000002,
            40.1544782
          ],
          [
            116.2616265,
            40.1540805
          ],
          [
            116.2616667,
            40.1540005
          ]
        ]
      },
      "properties": {
        "kind": "road",
        "name": "",
        "osm_tags": {
          "highway": "residential"
        }
      }
    },
    {
      "type": "Feature",
      "id": "way/992727793",
      "geometry": {
        "type": "LineString",
        "coordinates": [
          [
            116.2591157,
            40.1503609
          ],
          [
            116.2594845,
            40.150454399999994
          ],
          [
            116.26086260000001,
            40.150846999999985
          ],
          [
            116.26242879999998,
            40.1512931
          ],
          [
            116.2634069,
            40.1515717
          ],
          [
            116.2635339,
            40.1516093
          ],
          [
            116.26373209999998,
            40.1516645
          ],
          [
            116.2648152,
            40.15197539999999
          ],
          [
            116.26514579999998,
            40.152073300000005
          ],
          [
            116.266121,
            40.15236219999999
          ],
          [
            116.26617849999998,
            40.1523826
          ],
          [
            116.2666256,
            40.152512
          ],
          [
            116.2667511,
            40.15254680000001
          ]
        ]
      },
      "properties": {
        "kind": "road",
        "name": "",
        "osm_tags": {
          "highway": "residential"
        }
      }
    },
    {
      "type": "Feature",
      "id": "way/992727794",
      "geometry": {
        "type": "Polygon",
        "coordinates": [
          [
            [
              116.26698549999999,
              40.151768000000004
            ],
            [
              116.2675716,
              40.150362599999994
            ],
            [
              116.2676118,
              40.15026519999999
            ],
            [
              116.26718799999999,
              40.15015960000001
            ],
            [
              116.2665416,
              40.15168190000001
            ],
            [
              116.26689840000002,
              40.15176999999999
            ],
            [
              116.26698549999999,
              40.151768000000004
            ]
          ]
        ]
      },
      "properties": {
        "kind": "park",
        "name": "",
        "osm_tags": {
          "leisure": "garden"
        }
      }
    },
    {
      "type": "Feature",
      "id": "way/992742374",
      "geometry": {
        "type": "LineString",
        "coordinates": [
          [
            116.2669775,
            40.15198119999999
          ],
          [
            116.26702420000001,
            40.151876599999994
          ],
          [
            116.2670448,
            40.15183240000001
          ],
          [
            116.2670718,
            40.1517671
          ],
          [
            116.2674159,
            40.150900699999994
          ],
          [
            116.26745830000002,
            40.15079159999999
          ],
          [
            116.2675286,
            40.15061659999999
          ],
          [
            116.2676964,
            40.1502007
          ],
          [
            116.26780310000001,
            40.1499242
          ],
          [
            116.2680111,
            40.14941470000001
          ],
          [
            116.2680822,
            40.1492469
          ],
          [
            116.26828600000002,
            40.148866199999986
          ],
          [
            116.268327,
            40.1487726
          ]
        ]
      },
      "properties": {
        "kind": "road",
        "name": "",
        "osm_tags": {
          "highway": "residential"
        }
      }
    },
    {
      "type": "Feature",
      "id": "way/992742375",
      "geometry": {
        "type": "LineString",
        "coordinates": [
          [
            116.2667511,
            40.15254680000001
          ],
          [
            116.2667826,
            40.152480000000004
          ],
          [
            116.26695960000002,
            40.152044899999986
          ]
        ]
      },
      "properties": {
        "kind": "road",
        "name": "",
        "osm_tags": {
          "highway": "residential"
        }
      }
    },
    {
      "type": "Feature",
      "id": "way/992742376",
      "geometry": {
        "type": "LineString",
        "coordinates": [
          [
            116.2667511,
            40.15254680000001
          ],
          [
            116.2668039,
            40.15256109999999
          ],
          [
            116.26787599999999,
            40.15285099999999
          ],
          [
            116.26798870000002,
            40.15288150000001
          ],
          [
            116.26895699999999,
            40.15316179999999
          ],
          [
            116.26901849999999,
            40.1531798
          ],
          [
            116.2693777,
            40.1532827
          ],
          [
            116.2694194,
            40.1532946
          ],
          [
            116.26964510000002,
            40.153359300000005
          ],
          [
            116.2698761,
            40.153429499999994
          ],
          [
            116.2699821,
            40.1534594
          ],
          [
            116.27012590000001,
            40.15349839999999
          ]
        ]
      },
      "properties": {
        "kind": "road",
        "name": "",
        "osm_tags": {
          "highway": "residential"
        }
      }
    },
    {
      "type": "Feature",
      "id": "way/992742377",
      "geometry": {
        "type": "LineString",
        "coordinates": [
          [
            116.2662013,
            40.148356600000014
          ],
          [
            116.26602570000001,
            40.14871889999999
          ],
          [
            116.26593779999999,
            40.1489004
          ],
          [
            116.2655998,
            40.14966110000001
          ]
        ]
      },
      "properties": {
        "kind": "road",
        "name": "",
        "osm_tags": {
          "highway": "unclassified"
        }
      }
    },
    {
      "type": "Feature",
      "id": "way/992742378",
      "geometry": {
        "type": "LineString",
        "coordinates": [
          [
            116.2651984,
            40.1495486
          ],
          [
            116.265508,
            40.148791700000004
          ],
          [
            116.2655847,
            40.14860929999998
          ],
          [
            116.26574129999999,
            40.1482372
          ]
        ]
      },
      "properties": {
        "kind": "road",
        "name": "",
        "osm_tags": {
          "highway": "unclassified"
        }
      }
    },
    {
      "type": "Feature",
      "id": "way/992742379",
      "geometry": {
        "type": "Polygon",
        "coordinates": [
          [
            [
              116.2603217,
              40.1518686
            ],
            [
              116.2587718,
              40.151570499999984
            ],
            [
              116.25838200000001,
              40.152559000000004
            ],
            [
              116.26061270000001,
              40.1531237
            ],
            [
              116.2604508,
              40.1527212
            ],
            [
              116.2603217,
              40.1518686
            ]
          ]
        ]
      },
      "properties": {
        "kind": "landuse",
        "name": "",
        "osm_tags": {
          "landuse": "construction"
        }
      }
    },
    {
      "type": "Feature",
      "id": "way/992742381",
      "geometry": {
        "type": "LineString",
        "coordinates": [
          [
            116.26122950000001,
            40.1536393
          ],
          [
            116.26154810000001,
            40.1533805
          ],
          [
            116.26533650000002,
            40.1542502
          ]
        ]
      },
      "properties": {
        "kind": "road",
        "name": "",
        "osm_tags": {
          "highway": "unclassified"
        }
      }
    },
    {
      "type": "Feature",
      "id": "way/992742382",
      "geometry": {
        "type": "Polygon",
        "coordinates": [
          [
            [
              116.26159400000002,
              40.15381339999999
            ],
            [
              116.26212480000001,
              40.154067000000005
            ],
            [
              116.2632578,
              40.154398500000006
            ],
            [
              116.2636916,
              40.154390699999986
            ],
            [
              116.2642019,
              40.1544064
            ],
            [
              116.26453870000002,
              40.154464899999994
            ],
            [
              116.26504910000001,
              40.15454679999999
            ],
            [
              116.26514610000001,
              40.1545468
            ],
            [
              116.26521240000001,
              40.15436340000001
            ],
            [
              116.2651358,
              40.154273700000005
            ],
            [
              116.26165520000002,
              40.153466299999984
            ],
            [
              116.2613541,
              40.1536496
            ],
            [
              116.26159400000002,
              40.15381339999999
            ]
          ]
        ]
      },
      "properties": {
        "kind": "park",
        "name": "",
        "osm_tags": {
          "leisure": "park"
        }
      }
    },
    {
      "type": "Feature",
      "id": "way/992742383",
      "geometry": {
        "type": "Polygon",
        "coordinates": [
          [
            [
              116.25761240000001,
              40.14835050000001
            ],
            [
              116.2577171,
              40.1483091
            ],
            [
              116.25774230000002,
              40.14822089999999
            ],
            [
              116.2576846,
              40.1481436
            ],
            [
              116.2575799,
              40.148127099999996
            ],
            [
              116.2574861,
              40.1481629
            ],
            [
              116.25745360000002,
              40.148254
            ],
            [
              116.25749689999999,
              40.148322900000004
            ],
            [
              116.25761240000001,
              40.14835050000001
            ]
          ]
        ]
      },
      "properties": {
        "kind": "water",
        "name": "",
        "osm_tags": {
          "natural": "water",
          "water": "lake"
        }
      }
    },
    {
      "type": "Feature",
      "id": "way/1016272090",
      "geometry": {
        "type": "Polygon",
        "coordinates": [
          [
            [
              116.2575271,
              40.1545969
            ],
            [
              116.2584136,
              40.154805999999994
            ],
            [
              116.2584433,
              40.1547229
            ],
            [
              116.25769850000002,
              40.1545415
            ],
            [
              116.25788300000002,
              40.1540856
            ],
            [
              116.257738,
              40.154052899999996
            ],
            [
              116.2575271,
              40.1545969
            ]
          ]
        ]
      },
      "properties": {
        "kind": "building",
        "name": "西区学生公寓5号楼",
        "osm_tags": {
          "building": "apartments",
          "name": "西区学生公寓5号楼",
          "name:zh": "西区学生公寓5号楼",
          "name:zh-Hans": "西区学生公寓5号楼",
          "name:zh-Hant": "西區學生公寓5號樓"
        }
      }
    },
    {
      "type": "Feature",
      "id": "way/1016272091",
      "geometry": {
        "type": "Polygon",
        "coordinates": [
          [
            [
              116.25884860000001,
              40.1544357
            ],
            [
              116.25867069999998,
              40.15488160000001
            ],
            [
              116.2588157,
              40.154904200000004
            ],
            [
              116.2590332,
              40.154365199999994
            ],
            [
              116.2581335,
              40.1541486
            ],
            [
              116.25809060000002,
              40.1542569
            ],
            [
              116.25884860000001,
              40.1544357
            ]
          ]
        ]
      },
      "properties": {
        "kind": "building",
        "name": "西区学生公寓6号楼",
        "osm_tags": {
          "building": "apartments",
          "name": "西区学生公寓6号楼",
          "name:zh": "西区学生公寓6号楼",
          "name:zh-Hans": "西区学生公寓6号楼",
          "name:zh-Hant": "西區學生公寓6號樓"
        }
      }
    },
    {
      "type": "Feature",
      "id": "way/1016272092",
      "geometry": {
        "type": "Polygon",
        "coordinates": [
          [
            [
              116.2578731,
              40.15371280000001
            ],
            [
              116.258786,
              40.1539168
            ],
            [
              116.258819,
              40.153823599999996
            ],
            [
              116.25804120000001,
              40.1536372
            ],
            [
              116.25824879999999,
              40.1531889
            ],
            [
              116.25811040000002,
              40.1531662
            ],
            [
              116.2578731,
              40.15371280000001
            ]
          ]
        ]
      },
      "properties": {
        "kind": "building",
        "name": "西区学生公寓7号楼",
        "osm_tags": {
          "building": "apartments",
          "name": "西区学生公寓7号楼",
          "name:zh": "西区学生公寓7号楼",
          "name:zh-Hans": "西区学生公寓7号楼",
          "name:zh-Hant": "西區學生公寓7號樓"
        }
      }
    },
    {
      "type": "Feature",
      "id": "way/1016272093",
      "geometry": {
        "type": "Polygon",
        "coordinates": [
          [
            [
              116.2592277,
              40.1535188
            ],
            [
              116.2590299,
              40.153977299999994
            ],
            [
              116.25917160000002,
              40.154
            ],
            [
              116.25940230000002,
              40.1534559
            ],
            [
              116.25850589999999,
              40.15325180000001
            ],
            [
              116.25845649999998,
              40.15335509999999
            ],
            [
              116.2592277,
              40.1535188
            ]
          ]
        ]
      },
      "properties": {
        "kind": "building",
        "name": "西区学生公寓8号楼",
        "osm_tags": {
          "building": "apartments",
          "name": "西区学生公寓8号楼",
          "name:zh": "西区学生公寓8号楼",
          "name:zh-Hans": "西区学生公寓8号楼",
          "name:zh-Hant": "西區學生公寓8號樓"
        }
      }
    },
    {
      "type": "Feature",
      "id": "way/1016272094",
      "geometry": {
        "type": "Polygon",
        "coordinates": [
          [
            [
              116.2584037,
              40.153004999999986
            ],
            [
              116.25846960000001,
              40.1528614
            ],
            [
              116.25955390000001,
              40.15312589999999
            ],
            [
              116.2596067,
              40.1529924
            ],
            [
              116.2583971,
              40.1526926
            ],
            [
              116.25826199999999,
              40.1529672
            ],
            [
              116.2584037,
              40.153004999999986
            ]
          ]
        ]
      },
      "properties": {
        "kind": "building",
        "name": "西区学生公寓9号楼",
        "osm_tags": {
          "building": "apartments",
          "name": "西区学生公寓9号楼",
          "name:zh": "西区学生公寓9号楼",
          "name:zh-Hans": "西区学生公寓9号楼",
          "name:zh-Hant": "西區學生公寓9號樓"
        }
      }
    },
    {
      "type": "Feature",
      "id": "way/1016272095",
      "geometry": {
        "type": "Polygon",
        "coordinates": [
          [
            [
              116.26029050000001,
              40.1541644
            ],
            [
              116.260305,
              40.154128
            ],
            [
              116.2607304,
              40.1542282
            ],
            [
              116.2608916,
              40.153807599999986
            ],
            [
              116.25988540000002,
              40.15356229999998
            ],
            [
              116.25970389999999,
              40.1540229
            ],
            [
              116.26029050000001,
              40.1541644
            ]
          ]
        ]
      },
      "properties": {
        "kind": "building",
        "name": "北航沙河校区西区食堂",
        "osm_tags": {
          "amenity": "restaurant",
          "building": "yes",
          "building:levels": "4",
          "check_date": "2024-04-14",
          "name": "北航沙河校区西区食堂",
          "name:en": "West Dining Hall",
          "name:zh": "北航沙河校区西区食堂",
          "name:zh-Hans": "北航沙河校区西区食堂",
          "name:zh-Hant": "北航沙河校區西區食堂",
          "toilets": "yes"
        }
      }
    },
    {
      "type": "Feature",
      "id": "way/1057519451",
      "geometry": {
        "type": "Polygon",
        "coordinates": [
          [
            [
              116.2536793,
              40.1507314
            ],
            [
              116.2545832,
              40.149378899999995
            ],
            [
              116.2546966,
              40.1489114
            ],
            [
              116.25507020000002,
              40.14897329999999
            ],
            [
              116.25593700000002,
              40.14718379999999
            ],
            [
              116.2563987,
              40.14595769999999
            ],
            [
              116.255378,
              40.145728600000005
            ],
            [
              116.2548353,
              40.1458524
            ],
            [
              116.25345121688895,
              40.1489561420807
            ],
            [
              116.25342581192788,
              40.15127638902575
            ],
            [
              116.2536793,
              40.1507314
            ]
          ]
        ]
      },
      "properties": {
        "kind": "park",
        "name": "东沙河滨水公园",
        "osm_tags": {
          "leisure": "park",
          "name": "东沙河滨水公园",
          "name:zh": "东沙河滨水公园",
          "name:zh-Hans": "东沙河滨水公园",
          "name:zh-Hant": "東沙河濱水公園"
        }
      }
    },
    {
      "type": "Feature",
      "id": "way/1057519454",
      "geometry": {
        "type": "LineString",
        "coordinates": [
          [
            116.25649483930412,
            40.14438265934929
          ],
          [
            116.2564644,
            40.1444541
          ],
          [
            116.25637990000001,
            40.1445909
          ],
          [
            116.25626959999998,
            40.1447672
          ],
          [
            116.25609490000001,
            40.14493800000001
          ],
          [
            116.25598180000001,
            40.14501680000001
          ],
          [
            116.255736,
            40.144973099999994
          ]
        ]
      },
      "properties": {
        "kind": "path",
        "name": "昌平42km绿道",
        "osm_tags": {
          "highway": "cycleway",
          "name": "昌平42km绿道",
          "name:zh": "昌平42km绿道",
          "name:zh-Hans": "昌平42km绿道",
          "name:zh-Hant": "昌平42km綠道"
        }
      }
    },
    {
      "type": "Feature",
      "id": "way/1057519455",
      "geometry": {
        "type": "LineString",
        "coordinates": [
          [
            116.2552674,
            40.14555850000001
          ],
          [
            116.25531399999998,
            40.14561580000001
          ],
          [
            116.25538290000001,
            40.145683899999995
          ],
          [
            116.25555900000002,
            40.1457164
          ],
          [
            116.25580210000001,
            40.14575969999999
          ],
          [
            116.2558871,
            40.1458217
          ],
          [
            116.25589120000001,
            40.14588510000001
          ],
          [
            116.25584460000002,
            40.1459935
          ],
          [
            116.2557413,
            40.1461065
          ],
          [
            116.2556178,
            40.14620399999999
          ],
          [
            116.255478,
            40.146360400000006
          ],
          [
            116.25539500000001,
            40.14650129999999
          ],
          [
            116.2553383,
            40.14665140000001
          ],
          [
            116.25532620000001,
            40.14678769999999
          ],
          [
            116.25532620000001,
            40.146978100000005
          ],
          [
            116.25530589999998,
            40.1470818
          ],
          [
            116.25526539999998,
            40.14720559999999
          ],
          [
            116.2551824,
            40.1473558
          ],
          [
            116.25504669999998,
            40.147538499999996
          ],
          [
            116.2549859,
            40.1476128
          ],
          [
            116.2548988,
            40.147759799999996
          ],
          [
            116.2548502,
            40.14786349999999
          ],
          [
            116.2547935,
            40.1480648
          ],
          [
            116.254751,
            40.1481592
          ],
          [
            116.2546396,
            40.14838679999999
          ],
          [
            116.2546032,
            40.148490499999994
          ],
          [
            116.2545323,
            40.1484982
          ],
          [
            116.2544411,
            40.148473499999994
          ],
          [
            116.25437630000002,
            40.1484812
          ],
          [
            116.2543439,
            40.14856629999999
          ],
          [
            116.2542811,
            40.1487041
          ],
          [
            116.25429329999999,
            40.148831099999995
          ],
          [
            116.25430859999999,
            40.14903090000001
          ]
        ]
      },
      "properties": {
        "kind": "path",
        "name": "昌平42km绿道",
        "osm_tags": {
          "highway": "cycleway",
          "name": "昌平42km绿道",
          "name:zh": "昌平42km绿道",
          "name:zh-Hans": "昌平42km绿道",
          "name:zh-Hant": "昌平42km綠道"
        }
      }
    },
    {
      "type": "Feature",
      "id": "way/1057519456",
      "geometry": {
        "type": "LineString",
        "coordinates": [
          [
            116.2546454,
            40.14923449999999
          ],
          [
            116.2544599,
            40.149279
          ],
          [
            116.25438110000002,
            40.14927999999999
          ],
          [
            116.2542966,
            40.149338099999994
          ],
          [
            116.2541649,
            40.149378599999984
          ],
          [
            116.2541262,
            40.1494738
          ],
          [
            116.25405320000002,
            40.149546
          ],
          [
            116.25402740000001,
            40.14962269999998
          ],
          [
            116.2538728,
            40.149709099999995
          ],
          [
            116.25385420000002,
            40.1498055
          ],
          [
            116.2538226,
            40.149954300000005
          ],
          [
            116.2537983,
            40.150078
          ],
          [
            116.25372380000002,
            40.150143699999994
          ],
          [
            116.2535148,
            40.1502871
          ],
          [
            116.25343612003647,
            40.15033497723983
          ]
        ]
      },
      "properties": {
        "kind": "path",
        "name": "昌平42km绿道",
        "osm_tags": {
          "highway": "cycleway",
          "name": "昌平42km绿道",
          "name:zh": "昌平42km绿道",
          "name:zh-Hans": "昌平42km绿道",
          "name:zh-Hant": "昌平42km綠道"
        }
      }
    },
    {
      "type": "Feature",
      "id": "way/1062238933",
      "geometry": {
        "type": "LineString",
        "coordinates": [
          [
            116.26071070000002,
            40.146924899999995
          ],
          [
            116.25647680000002,
            40.14585699999999
          ],
          [
            116.2565222,
            40.14568349999999
          ],
          [
            116.26076170000002,
            40.146796
          ]
        ]
      },
      "properties": {
        "kind": "planned",
        "name": "",
        "osm_tags": {
          "access": "no",
          "highway": "construction"
        }
      }
    },
    {
      "type": "Feature",
      "id": "way/1062247325",
      "geometry": {
        "type": "LineString",
        "coordinates": [
          [
            116.26850068702423,
            40.1444591250162
          ],
          [
            116.26953399999998,
            40.14477519999999
          ],
          [
            116.26978980000001,
            40.144841099999994
          ],
          [
            116.26993770000001,
            40.144879100000004
          ],
          [
            116.2730581,
            40.1456824
          ],
          [
            116.2733162,
            40.14574699999999
          ],
          [
            116.27348740000001,
            40.1457898
          ],
          [
            116.2751307747874,
            40.14620089859139
          ]
        ]
      },
      "properties": {
        "kind": "path",
        "name": "",
        "osm_tags": {
          "highway": "cycleway",
          "oneway": "yes"
        }
      }
    },
    {
      "type": "Feature",
      "id": "way/1065404729",
      "geometry": {
        "type": "LineString",
        "coordinates": [
          [
            116.26298259999999,
            40.158517200000006
          ],
          [
            116.2617839,
            40.15821179999999
          ],
          [
            116.26176590000001,
            40.1582073
          ],
          [
            116.2604165,
            40.1578681
          ],
          [
            116.2599519,
            40.157745299999995
          ],
          [
            116.25925570000001,
            40.1575629
          ],
          [
            116.25821720000002,
            40.15729910000001
          ],
          [
            116.2580938,
            40.15726239999999
          ],
          [
            116.25800750000002,
            40.157231
          ],
          [
            116.2579821,
            40.157220800000005
          ],
          [
            116.25792860000001,
            40.1571849
          ],
          [
            116.2578745,
            40.157144899999984
          ],
          [
            116.25781709999998,
            40.15710039999999
          ],
          [
            116.2577521,
            40.1570515
          ],
          [
            116.25771680000001,
            40.1570177
          ],
          [
            116.257683,
            40.156972700000004
          ],
          [
            116.25764660000002,
            40.156916499999994
          ],
          [
            116.2576128,
            40.1568491
          ],
          [
            116.257593,
            40.1568061
          ],
          [
            116.25757769999998,
            40.1567729
          ],
          [
            116.2575585,
            40.156705699999996
          ],
          [
            116.2575465,
            40.1566324
          ],
          [
            116.25754140000001,
            40.1565527
          ],
          [
            116.257546,
            40.1564798
          ],
          [
            116.25755770000002,
            40.1564207
          ],
          [
            116.2575713,
            40.156359
          ],
          [
            116.25758609999998,
            40.15630410000001
          ],
          [
            116.25760400000001,
            40.15626650000001
          ],
          [
            116.2576173,
            40.15623850000001
          ],
          [
            116.25763709999998,
            40.156200299999995
          ],
          [
            116.25767030000002,
            40.1561521
          ],
          [
            116.25769850000002,
            40.156120400000006
          ],
          [
            116.25775910000002,
            40.15606699999999
          ],
          [
            116.25782190000001,
            40.15602360000001
          ],
          [
            116.25788900000002,
            40.155986
          ],
          [
            116.25792500000001,
            40.15596879999998
          ],
          [
            116.25796979999998,
            40.155947199999986
          ],
          [
            116.2580297,
            40.15592430000001
          ],
          [
            116.25808820000002,
            40.15591150000001
          ],
          [
            116.2581482,
            40.1559017
          ],
          [
            116.25822800000002,
            40.155896399999996
          ],
          [
            116.2582903,
            40.15589589999999
          ],
          [
            116.25835110000001,
            40.155896999999996
          ],
          [
            116.25842069999999,
            40.1559032
          ],
          [
            116.25848280000001,
            40.15591299999999
          ],
          [
            116.25853689999998,
            40.15592699999999
          ],
          [
            116.25859629999998,
            40.1559424
          ],
          [
            116.2586521,
            40.15596440000001
          ],
          [
            116.2586923,
            40.1559864
          ],
          [
            116.25873939999998,
            40.1560171
          ],
          [
            116.25880140000001,
            40.156060399999994
          ],
          [
            116.25885029999999,
            40.156112499999985
          ],
          [
            116.2589131,
            40.15617650000001
          ],
          [
            116.2589411,
            40.156219199999995
          ],
          [
            116.2589638,
            40.15626320000001
          ],
          [
            116.25898209999998,
            40.1563273
          ],
          [
            116.25899170000001,
            40.15637859999999
          ],
          [
            116.2589978,
            40.1564454
          ],
          [
            116.25900130000001,
            40.15648199999998
          ],
          [
            116.2589978,
            40.1565227
          ],
          [
            116.25898899999999,
            40.1565587
          ],
          [
            116.2589659,
            40.156603100000005
          ],
          [
            116.2589459,
            40.15665979999999
          ],
          [
            116.2589368,
            40.1567066
          ],
          [
            116.25893280000001,
            40.156751799999995
          ],
          [
            116.2589348,
            40.15680309999999
          ],
          [
            116.2589449,
            40.1568376
          ],
          [
            116.2589699,
            40.15688509999998
          ],
          [
            116.258997,
            40.15692349999999
          ],
          [
            116.2590311,
            40.156953300000005
          ],
          [
            116.2590622,
            40.1569848
          ],
          [
            116.2591073,
            40.1570085
          ],
          [
            116.25915640000001,
            40.15703299999999
          ],
          [
            116.2592146,
            40.1570484
          ],
          [
            116.2594535,
            40.157103599999985
          ],
          [
            116.25981460000001,
            40.15718909999998
          ],
          [
            116.25987829999998,
            40.157200499999995
          ],
          [
            116.2599516,
            40.1572078
          ],
          [
            116.2600154,
            40.1572078
          ],
          [
            116.26009630000001,
            40.1572059
          ],
          [
            116.26013560000001,
            40.1572026
          ],
          [
            116.2601906,
            40.1571953
          ],
          [
            116.260236,
            40.157185899999995
          ],
          [
            116.2602814,
            40.1571726
          ],
          [
            116.2603329,
            40.157149200000006
          ],
          [
            116.2603782,
            40.1571225
          ],
          [
            116.2604175,
            40.1570885
          ],
          [
            116.2604629,
            40.1570458
          ],
          [
            116.2604925,
            40.1570121
          ],
          [
            116.26051460000001,
            40.15699410000001
          ],
          [
            116.2605397,
            40.1569761
          ],
          [
            116.26057309999999,
            40.1569634
          ],
          [
            116.2605989,
            40.156957
          ],
          [
            116.2606308,
            40.15695290000001
          ],
          [
            116.2606632,
            40.156961599999995
          ],
          [
            116.2614289,
            40.15715699999999
          ],
          [
            116.26197509999999,
            40.1572965
          ],
          [
            116.26204770000001,
            40.15731499999998
          ],
          [
            116.26209510000001,
            40.1573267
          ],
          [
            116.26270689999998,
            40.1574814
          ],
          [
            116.26350190000001,
            40.15768249999999
          ],
          [
            116.2635282,
            40.1576914
          ],
          [
            116.2635486,
            40.1577003
          ],
          [
            116.26356180000002,
            40.15771139999999
          ],
          [
            116.2635719,
            40.157726000000004
          ],
          [
            116.26357720000001,
            40.1577467
          ],
          [
            116.2635798,
            40.1577688
          ],
          [
            116.26358419999998,
            40.157857199999995
          ],
          [
            116.26358530000002,
            40.1578947
          ],
          [
            116.2635888,
            40.15792750000001
          ],
          [
            116.2635945,
            40.157953
          ],
          [
            116.2635993,
            40.1579735
          ],
          [
            116.2636098,
            40.15799799999999
          ],
          [
            116.2636326,
            40.158040199999995
          ],
          [
            116.2636666,
            40.15809079999999
          ],
          [
            116.2637208,
            40.15813729999999
          ],
          [
            116.2637683,
            40.1581735
          ],
          [
            116.26382089999998,
            40.1582027
          ],
          [
            116.2638728,
            40.15822169999999
          ],
          [
            116.2639239,
            40.15823869999999
          ],
          [
            116.26429600000002,
            40.1583345
          ],
          [
            116.26436539999999,
            40.15835240000001
          ]
        ]
      },
      "properties": {
        "kind": "road",
        "name": "",
        "osm_tags": {
          "highway": "residential"
        }
      }
    },
    {
      "type": "Feature",
      "id": "way/1065404732",
      "geometry": {
        "type": "LineString",
        "coordinates": [
          [
            116.26260150000002,
            40.156325499999994
          ],
          [
            116.26255139999999,
            40.15644839999999
          ],
          [
            116.262503,
            40.1565754
          ],
          [
            116.26244049999998,
            40.1567213
          ],
          [
            116.26242879999998,
            40.15674810000001
          ],
          [
            116.26240860000001,
            40.15677110000001
          ],
          [
            116.2623877,
            40.1567891
          ],
          [
            116.26236249999998,
            40.1568071
          ],
          [
            116.26232550000002,
            40.15684360000001
          ],
          [
            116.26230660000002,
            40.1568705
          ],
          [
            116.26209510000001,
            40.1573267
          ]
        ]
      },
      "properties": {
        "kind": "road",
        "name": "",
        "osm_tags": {
          "highway": "residential",
          "oneway": "yes"
        }
      }
    },
    {
      "type": "Feature",
      "id": "way/1065404733",
      "geometry": {
        "type": "LineString",
        "coordinates": [
          [
            116.26204770000001,
            40.15731499999998
          ],
          [
            116.2622623,
            40.15686589999998
          ],
          [
            116.26227899999999,
            40.15682979999999
          ],
          [
            116.26228859999999,
            40.15680969999999
          ],
          [
            116.26229459999999,
            40.15678440000001
          ],
          [
            116.26229960000002,
            40.1567562
          ],
          [
            116.2622956,
            40.1566622
          ],
          [
            116.2622965,
            40.15660830000001
          ],
          [
            116.26230570000001,
            40.15656440000001
          ],
          [
            116.2623227,
            40.1565226
          ],
          [
            116.26237590000001,
            40.1564045
          ],
          [
            116.26243569999998,
            40.15628220000001
          ]
        ]
      },
      "properties": {
        "kind": "road",
        "name": "",
        "osm_tags": {
          "highway": "residential",
          "oneway": "yes"
        }
      }
    },
    {
      "type": "Feature",
      "id": "way/1065404734",
      "geometry": {
        "type": "LineString",
        "coordinates": [
          [
            116.26617960000002,
            40.157841700000006
          ],
          [
            116.26471019999998,
            40.157479699999996
          ],
          [
            116.26301460000002,
            40.1570482
          ],
          [
            116.26298650000001,
            40.1570445
          ],
          [
            116.2629549,
            40.1570471
          ],
          [
            116.26293180000002,
            40.15705059999999
          ],
          [
            116.2629076,
            40.15706070000001
          ],
          [
            116.2628817,
            40.1570779
          ],
          [
            116.26286680000001,
            40.1570933
          ],
          [
            116.2628483,
            40.157118399999995
          ],
          [
            116.26270689999998,
            40.1574814
          ],
          [
            116.26298259999999,
            40.158517200000006
          ],
          [
            116.26299420568161,
            40.15856082250698
          ]
        ]
      },
      "properties": {
        "kind": "road",
        "name": "",
        "osm_tags": {
          "highway": "residential"
        }
      }
    },
    {
      "type": "Feature",
      "id": "way/1065404735",
      "geometry": {
        "type": "Polygon",
        "coordinates": [
          [
            [
              116.26249140000002,
              40.156851400000015
            ],
            [
              116.2625547,
              40.1567053
            ],
            [
              116.2622563,
              40.15662970000001
            ],
            [
              116.26219299999998,
              40.15677579999999
            ],
            [
              116.26249140000002,
              40.156851400000015
            ]
          ]
        ]
      },
      "properties": {
        "kind": "building",
        "name": "",
        "osm_tags": {
          "building": "yes",
          "layer": "1",
          "roof:material": "roof_tiles",
          "roof:shape": "hipped"
        }
      }
    },
    {
      "type": "Feature",
      "id": "way/1065404736",
      "geometry": {
        "type": "LineString",
        "coordinates": [
          [
            116.25925570000001,
            40.1575629
          ],
          [
            116.2594535,
            40.157103599999985
          ],
          [
            116.2598388,
            40.15625420000001
          ],
          [
            116.25999279999999,
            40.15591479999999
          ]
        ]
      },
      "properties": {
        "kind": "road",
        "name": "",
        "osm_tags": {
          "highway": "residential"
        }
      }
    },
    {
      "type": "Feature",
      "id": "way/1065404737",
      "geometry": {
        "type": "LineString",
        "coordinates": [
          [
            116.2604165,
            40.1578681
          ],
          [
            116.26130630000002,
            40.157243099999995
          ],
          [
            116.2614289,
            40.15715699999999
          ]
        ]
      },
      "properties": {
        "kind": "road",
        "name": "",
        "osm_tags": {
          "highway": "residential"
        }
      }
    },
    {
      "type": "Feature",
      "id": "way/1065404738",
      "geometry": {
        "type": "Polygon",
        "coordinates": [
          [
            [
              116.2628628,
              40.15844950000001
            ],
            [
              116.2628885,
              40.158449600000004
            ],
            [
              116.26290210000002,
              40.15844649999999
            ],
            [
              116.26291269999999,
              40.15843989999999
            ],
            [
              116.2629136,
              40.158431799999995
            ],
            [
              116.2629107,
              40.1584153
            ],
            [
              116.2626755,
              40.1575308
            ],
            [
              116.2626698,
              40.1575215
            ],
            [
              116.2626512,
              40.15750580000001
            ],
            [
              116.2626299,
              40.15749709999999
            ],
            [
              116.262587,
              40.157484
            ],
            [
              116.26150430000001,
              40.1572101
            ],
            [
              116.26148300000001,
              40.157207699999994
            ],
            [
              116.2614692,
              40.1572083
            ],
            [
              116.2614528,
              40.157211
            ],
            [
              116.26143740000002,
              40.157215
            ],
            [
              116.2614183,
              40.1572224
            ],
            [
              116.2613921,
              40.1572367
            ],
            [
              116.2605515,
              40.1578
            ],
            [
              116.26055080000002,
              40.1578438
            ],
            [
              116.260551,
              40.15785919999999
            ],
            [
              116.2605539,
              40.157870399999986
            ],
            [
              116.2605599,
              40.157877799999994
            ],
            [
              116.26057480000001,
              40.1578864
            ],
            [
              116.2605868,
              40.1578907
            ],
            [
              116.2628628,
              40.15844950000001
            ]
          ]
        ]
      },
      "properties": {
        "kind": "park",
        "name": "",
        "osm_tags": {
          "leisure": "park"
        }
      }
    },
    {
      "type": "Feature",
      "id": "way/1065404739",
      "geometry": {
        "type": "Polygon",
        "coordinates": [
          [
            [
              116.261681,
              40.157520500000004
            ],
            [
              116.2617007,
              40.157523100000006
            ],
            [
              116.2617133,
              40.157525500000006
            ],
            [
              116.2617238,
              40.1575251
            ],
            [
              116.26173380000002,
              40.1575175
            ],
            [
              116.2617469,
              40.157508099999994
            ],
            [
              116.2617709,
              40.1574994
            ],
            [
              116.26179890000002,
              40.15749379999998
            ],
            [
              116.26182239999999,
              40.15749109999999
            ],
            [
              116.26185560000002,
              40.15749039999999
            ],
            [
              116.26188180000001,
              40.1574971
            ],
            [
              116.2618906,
              40.1575038
            ],
            [
              116.261894,
              40.157511
            ],
            [
              116.26189250000002,
              40.1575195
            ],
            [
              116.26188410000002,
              40.157526700000005
            ],
            [
              116.26187349999998,
              40.1575343
            ],
            [
              116.2618716,
              40.15754210000001
            ],
            [
              116.2618716,
              40.1575473
            ],
            [
              116.26187690000002,
              40.15755839999999
            ],
            [
              116.26188029999999,
              40.1575627
            ],
            [
              116.26189359999998,
              40.157570299999996
            ],
            [
              116.261913,
              40.15757380000001
            ],
            [
              116.26193430000001,
              40.157580200000005
            ],
            [
              116.261978,
              40.1575938
            ],
            [
              116.261989,
              40.15760479999999
            ],
            [
              116.2619962,
              40.15761530000001
            ],
            [
              116.26199880000001,
              40.15762459999999
            ],
            [
              116.26199880000001,
              40.157635
            ],
            [
              116.2620007,
              40.1576507
            ],
            [
              116.26200260000002,
              40.15766059999999
            ],
            [
              116.26200990000001,
              40.157670800000005
            ],
            [
              116.26201710000001,
              40.1576757
            ],
            [
              116.262049,
              40.15768529999999
            ],
            [
              116.26207220000002,
              40.1576876
            ],
            [
              116.26208849999999,
              40.1576899
            ],
            [
              116.262106,
              40.15769190000002
            ],
            [
              116.2621288,
              40.15769170000001
            ],
            [
              116.2621664,
              40.15768349999998
            ],
            [
              116.26218230000002,
              40.1576854
            ],
            [
              116.26220310000001,
              40.15769829999999
            ],
            [
              116.2622138,
              40.1577158
            ],
            [
              116.2622123,
              40.15773449999998
            ],
            [
              116.26221029999999,
              40.15775180000001
            ],
            [
              116.26220939999999,
              40.157773899999995
            ],
            [
              116.26221339999998,
              40.1577946
            ],
            [
              116.2622105,
              40.1578104
            ],
            [
              116.26220360000002,
              40.1578197
            ],
            [
              116.262191,
              40.157821399999996
            ],
            [
              116.26218000000001,
              40.15782759999998
            ],
            [
              116.2621748,
              40.1578368
            ],
            [
              116.26217190000001,
              40.15785179999999
            ],
            [
              116.26216620000001,
              40.1578641
            ],
            [
              116.26215180000001,
              40.1578699
            ],
            [
              116.26214549999999,
              40.15786839999999
            ],
            [
              116.26214330000002,
              40.157864999999994
            ],
            [
              116.26213800000001,
              40.1578642
            ],
            [
              116.26213149999998,
              40.157865599999994
            ],
            [
              116.26212419999999,
              40.157869599999984
            ],
            [
              116.2621165,
              40.1578767
            ],
            [
              116.2621109,
              40.15787869999999
            ],
            [
              116.2621082,
              40.157877199999994
            ],
            [
              116.26210320000001,
              40.15787929999999
            ],
            [
              116.2620977,
              40.1578835
            ],
            [
              116.26209390000001,
              40.1579042
            ],
            [
              116.2620974,
              40.157914399999996
            ],
            [
              116.2621039,
              40.15792239999999
            ],
            [
              116.2621145,
              40.15792859999999
            ],
            [
              116.26212749999999,
              40.157929899999985
            ],
            [
              116.26214250000001,
              40.1579263
            ],
            [
              116.26215630000002,
              40.1579172
            ],
            [
              116.2621666,
              40.157912700000004
            ],
            [
              116.26217790000001,
              40.1579132
            ],
            [
              116.2621889,
              40.15791949999999
            ],
            [
              116.2622009,
              40.1579264
            ],
            [
              116.2622216,
              40.1579351
            ],
            [
              116.2622294,
              40.15794139999999
            ],
            [
              116.26223010000001,
              40.1579475
            ],
            [
              116.2622354,
              40.15795610000001
            ],
            [
              116.2622564,
              40.15796110000001
            ],
            [
              116.26227369999998,
              40.15796169999999
            ],
            [
              116.26228430000002,
              40.1579646
            ],
            [
              116.2622858,
              40.1579736
            ],
            [
              116.26228379999999,
              40.1579827
            ],
            [
              116.26229640000001,
              40.15800250000001
            ],
            [
              116.2623085,
              40.1580084
            ],
            [
              116.26232700000001,
              40.15800749999999
            ],
            [
              116.2623442,
              40.1580115
            ],
            [
              116.2623748,
              40.158018299999995
            ],
            [
              116.2623857,
              40.15801299999999
            ],
            [
              116.2623938,
              40.158003999999984
            ],
            [
              116.2623938,
              40.15799080000001
            ],
            [
              116.262394,
              40.1579791
            ],
            [
              116.2624105,
              40.1579556
            ],
            [
              116.2624249,
              40.15794919999999
            ],
            [
              116.2624459,
              40.15794940000001
            ],
            [
              116.2624583,
              40.15794919999999
            ],
            [
              116.2624669,
              40.1579444
            ],
            [
              116.26247379999998,
              40.1579382
            ],
            [
              116.2624778,
              40.15792869999999
            ],
            [
              116.26248100000001,
              40.1579199
            ],
            [
              116.2624847,
              40.157911399999996
            ],
            [
              116.2624925,
              40.157901599999995
            ],
            [
              116.2625036,
              40.157896599999994
            ],
            [
              116.26250999999999,
              40.157890500000015
            ],
            [
              116.2625111,
              40.157881999999994
            ],
            [
              116.26251279999998,
              40.1578711
            ],
            [
              116.2625165,
              40.15785379999999
            ],
            [
              116.26252230000001,
              40.15784289999999
            ],
            [
              116.26252680000002,
              40.15783499999999
            ],
            [
              116.2625298,
              40.1578285
            ],
            [
              116.2625303,
              40.157808200000005
            ],
            [
              116.26252960000001,
              40.1578
            ],
            [
              116.26252560000002,
              40.1577776
            ],
            [
              116.26252320000002,
              40.157767099999994
            ],
            [
              116.2625192,
              40.157762399999996
            ],
            [
              116.2625132,
              40.157757600000004
            ],
            [
              116.2625014,
              40.1577435
            ],
            [
              116.262497,
              40.1577349
            ],
            [
              116.2624932,
              40.1577244
            ],
            [
              116.2624908,
              40.15771629999999
            ],
            [
              116.26248629999999,
              40.15771079999999
            ],
            [
              116.26247820000002,
              40.1577043
            ],
            [
              116.26246899999998,
              40.1576981
            ],
            [
              116.2624566,
              40.15769190000001
            ],
            [
              116.26243239999998,
              40.15768259999999
            ],
            [
              116.26241830000001,
              40.1576744
            ],
            [
              116.2623995,
              40.15767149999999
            ],
            [
              116.2623811,
              40.157670700000004
            ],
            [
              116.26232349999998,
              40.15767030000001
            ],
            [
              116.2623011,
              40.1576729
            ],
            [
              116.2622827,
              40.157677099999994
            ],
            [
              116.26227030000001,
              40.15768189999999
            ],
            [
              116.26225529999999,
              40.15768740000001
            ],
            [
              116.26223999999999,
              40.15768789999998
            ],
            [
              116.26222389999998,
              40.157684599999996
            ],
            [
              116.2621721,
              40.1576615
            ],
            [
              116.26216319999999,
              40.1576531
            ],
            [
              116.26214820000001,
              40.1576445
            ],
            [
              116.26211939999999,
              40.157622499999995
            ],
            [
              116.2621096,
              40.15761349999999
            ],
            [
              116.2621018,
              40.15760399999999
            ],
            [
              116.2621021,
              40.157589299999984
            ],
            [
              116.26211339999999,
              40.1575757
            ],
            [
              116.262179,
              40.1575707
            ],
            [
              116.26218830000002,
              40.15756480000001
            ],
            [
              116.26219299999998,
              40.157559000000006
            ],
            [
              116.2621916,
              40.15755179999999
            ],
            [
              116.26218510000001,
              40.1575449
            ],
            [
              116.262179,
              40.15753800000001
            ],
            [
              116.26217100000001,
              40.15753149999999
            ],
            [
              116.26214999999999,
              40.15751800000001
            ],
            [
              116.2621379,
              40.1575108
            ],
            [
              116.2621203,
              40.157502199999996
            ],
            [
              116.2620964,
              40.157496
            ],
            [
              116.2620719,
              40.1574945
            ],
            [
              116.2620443,
              40.1574883
            ],
            [
              116.26202270000002,
              40.15748260000001
            ],
            [
              116.26198599999998,
              40.157469699999986
            ],
            [
              116.2619594,
              40.15745869999999
            ],
            [
              116.26193579999999,
              40.157446199999995
            ],
            [
              116.2619203,
              40.1574386
            ],
            [
              116.2619009,
              40.15743220000001
            ],
            [
              116.26187850000001,
              40.15742639999999
            ],
            [
              116.2618564,
              40.15741859999999
            ],
            [
              116.261818,
              40.15740919999999
            ],
            [
              116.2617889,
              40.1574004
            ],
            [
              116.2617367,
              40.15739860000001
            ],
            [
              116.2616782,
              40.15739769999999
            ],
            [
              116.2616524,
              40.1573979
            ],
            [
              116.26164140000002,
              40.1573987
            ],
            [
              116.26163660000002,
              40.15740139999999
            ],
            [
              116.26163510000002,
              40.157406300000005
            ],
            [
              116.2616456,
              40.157411800000006
            ],
            [
              116.2616506,
              40.1574176
            ],
            [
              116.2616525,
              40.15742649999999
            ],
            [
              116.26164980000001,
              40.1574321
            ],
            [
              116.2616422,
              40.1574377
            ],
            [
              116.26162500000001,
              40.15744539999999
            ],
            [
              116.26161300000001,
              40.1574519
            ],
            [
              116.26160339999998,
              40.1574558
            ],
            [
              116.2615969,
              40.1574619
            ],
            [
              116.2615927,
              40.1574659
            ],
            [
              116.26159080000001,
              40.157483
            ],
            [
              116.26159320000001,
              40.15749050000001
            ],
            [
              116.26159880000002,
              40.157498499999996
            ],
            [
              116.2616047,
              40.1575055
            ],
            [
              116.2616104,
              40.15751149999999
            ],
            [
              116.2616185,
              40.157515999999994
            ],
            [
              116.2616269,
              40.157519099999995
            ],
            [
              116.26164030000001,
              40.15752009999999
            ],
            [
              116.261681,
              40.157520500000004
            ]
          ]
        ]
      },
      "properties": {
        "kind": "water",
        "name": "",
        "osm_tags": {
          "natural": "water",
          "water": "pond"
        }
      }
    },
    {
      "type": "Feature",
      "id": "way/1065404740",
      "geometry": {
        "type": "LineString",
        "coordinates": [
          [
            116.2664029,
            40.157912599999996
          ],
          [
            116.2662422,
            40.1582834
          ],
          [
            116.26622109999998,
            40.1583441
          ],
          [
            116.2662116,
            40.15837129999999
          ],
          [
            116.26620099999998,
            40.1584401
          ],
          [
            116.2662037,
            40.1584977
          ],
          [
            116.2662143,
            40.158567500000004
          ],
          [
            116.26621744453686,
            40.15858129443707
          ]
        ]
      },
      "properties": {
        "kind": "road",
        "name": "",
        "osm_tags": {
          "highway": "residential"
        }
      }
    },
    {
      "type": "Feature",
      "id": "way/1065424473",
      "geometry": {
        "type": "LineString",
        "coordinates": [
          [
            116.26436539999999,
            40.15835240000001
          ],
          [
            116.26523991409721,
            40.15857509527608
          ]
        ]
      },
      "properties": {
        "kind": "road",
        "name": "",
        "osm_tags": {
          "highway": "residential"
        }
      }
    },
    {
      "type": "Feature",
      "id": "way/1065424474",
      "geometry": {
        "type": "LineString",
        "coordinates": [
          [
            116.2598388,
            40.15625420000001
          ],
          [
            116.2615613,
            40.156672199999996
          ],
          [
            116.2615855,
            40.1566798
          ],
          [
            116.26159859999999,
            40.1566866
          ],
          [
            116.2616099,
            40.156697599999994
          ],
          [
            116.26161540000001,
            40.1567091
          ],
          [
            116.2616181,
            40.15672539999999
          ],
          [
            116.26161869999999,
            40.156744599999996
          ],
          [
            116.26161320000001,
            40.1567645
          ],
          [
            116.2614289,
            40.15715699999999
          ]
        ]
      },
      "properties": {
        "kind": "road",
        "name": "",
        "osm_tags": {
          "highway": "residential"
        }
      }
    },
    {
      "type": "Feature",
      "id": "way/1065424478",
      "geometry": {
        "type": "LineString",
        "coordinates": [
          [
            116.26176590000001,
            40.1582073
          ],
          [
            116.26161751410118,
            40.15855205130285
          ]
        ]
      },
      "properties": {
        "kind": "road",
        "name": "",
        "osm_tags": {
          "highway": "residential"
        }
      }
    },
    {
      "type": "Feature",
      "id": "way/1065424479",
      "geometry": {
        "type": "LineString",
        "coordinates": [
          [
            116.26105234077514,
            40.158548445719845
          ],
          [
            116.2585853,
            40.15795380000001
          ]
        ]
      },
      "properties": {
        "kind": "road",
        "name": "",
        "osm_tags": {
          "highway": "residential"
        }
      }
    },
    {
      "type": "Feature",
      "id": "way/1065424481",
      "geometry": {
        "type": "LineString",
        "coordinates": [
          [
            116.26130630000002,
            40.157243099999995
          ],
          [
            116.2613671,
            40.157303399999996
          ],
          [
            116.26139369999999,
            40.1573295
          ],
          [
            116.26140209999998,
            40.157339199999996
          ],
          [
            116.2614085,
            40.15734839999998
          ],
          [
            116.2614145,
            40.1573648
          ]
        ]
      },
      "properties": {
        "kind": "path",
        "name": "",
        "osm_tags": {
          "highway": "path"
        }
      }
    },
    {
      "type": "Feature",
      "id": "way/1065424482",
      "geometry": {
        "type": "LineString",
        "coordinates": [
          [
            116.2615393,
            40.157487499999995
          ],
          [
            116.26151370000001,
            40.15748930000001
          ],
          [
            116.2614785,
            40.157491400000005
          ],
          [
            116.2614536,
            40.15748999999999
          ],
          [
            116.2614274,
            40.1574849
          ],
          [
            116.2613934,
            40.157479599999995
          ],
          [
            116.26137239999998,
            40.1574779
          ],
          [
            116.261321,
            40.157478600000005
          ],
          [
            116.26128610000002,
            40.1574803
          ],
          [
            116.2612669,
            40.1574821
          ],
          [
            116.26125659999998,
            40.1574875
          ],
          [
            116.26124720000001,
            40.1574963
          ],
          [
            116.2612393,
            40.1575037
          ],
          [
            116.26122830000001,
            40.15750999999999
          ],
          [
            116.261223,
            40.157513699999996
          ],
          [
            116.2612204,
            40.1575189
          ],
          [
            116.2612189,
            40.15752579999999
          ],
          [
            116.261218,
            40.157539100000015
          ],
          [
            116.2612144,
            40.1575532
          ],
          [
            116.26121519999998,
            40.1575644
          ],
          [
            116.2612201,
            40.1575752
          ],
          [
            116.26122720000001,
            40.1575904
          ],
          [
            116.26123550000001,
            40.1576226
          ],
          [
            116.2612432,
            40.15764239999999
          ],
          [
            116.261257,
            40.157658399999995
          ],
          [
            116.26126980000001,
            40.15766789999999
          ],
          [
            116.261283,
            40.15767289999999
          ],
          [
            116.26130030000002,
            40.15767689999999
          ],
          [
            116.26130990000001,
            40.1576802
          ],
          [
            116.26131649999999,
            40.15768359999999
          ],
          [
            116.2613223,
            40.1576884
          ],
          [
            116.2613284,
            40.157696
          ],
          [
            116.26133010000001,
            40.1577054
          ],
          [
            116.2613308,
            40.15772299999999
          ],
          [
            116.26132870000002,
            40.1577401
          ],
          [
            116.2613224,
            40.1577545
          ],
          [
            116.26131680000002,
            40.1577684
          ],
          [
            116.26131470000001,
            40.157789900000004
          ],
          [
            116.26131720000001,
            40.15781050000001
          ],
          [
            116.2613275,
            40.157830100000005
          ],
          [
            116.26134539999998,
            40.157851300000004
          ],
          [
            116.2613608,
            40.1578667
          ],
          [
            116.2613776,
            40.157889699999984
          ],
          [
            116.26139009999999,
            40.1579121
          ],
          [
            116.26140200000002,
            40.15794199999999
          ]
        ]
      },
      "properties": {
        "kind": "path",
        "name": "",
        "osm_tags": {
          "highway": "path"
        }
      }
    },
    {
      "type": "Feature",
      "id": "way/1065424483",
      "geometry": {
        "type": "LineString",
        "coordinates": [
          [
            116.2614274,
            40.1574849
          ],
          [
            116.26142930000002,
            40.1574758
          ],
          [
            116.2614334,
            40.1574635
          ],
          [
            116.2614311,
            40.15745149999999
          ],
          [
            116.2614256,
            40.15744269999999
          ],
          [
            116.2614219,
            40.157433899999994
          ],
          [
            116.26141730000002,
            40.15742229999999
          ],
          [
            116.2614102,
            40.157412400000005
          ],
          [
            116.26140529999999,
            40.1574031
          ],
          [
            116.2614042,
            40.157392099999996
          ],
          [
            116.26140529999999,
            40.1573801
          ],
          [
            116.26140950000001,
            40.15737049999999
          ],
          [
            116.2614145,
            40.1573648
          ],
          [
            116.2614255,
            40.1573577
          ],
          [
            116.2614391,
            40.1573518
          ],
          [
            116.2614493,
            40.15735019999999
          ],
          [
            116.2614713,
            40.1573486
          ],
          [
            116.26151930000002,
            40.1573535
          ],
          [
            116.2615425,
            40.15735739999999
          ],
          [
            116.2615618,
            40.157362
          ],
          [
            116.2615935,
            40.1573725
          ],
          [
            116.2616086,
            40.15737920000001
          ],
          [
            116.2616266,
            40.157387
          ],
          [
            116.26164630000001,
            40.1573907
          ],
          [
            116.2616691,
            40.1573913
          ],
          [
            116.26178240000002,
            40.15739179999999
          ],
          [
            116.261812,
            40.157393000000006
          ],
          [
            116.2618333,
            40.15739669999999
          ],
          [
            116.26185539999999,
            40.1574013
          ],
          [
            116.2618742,
            40.15740589999999
          ],
          [
            116.26190580000001,
            40.1574155
          ],
          [
            116.2619344,
            40.157427899999995
          ],
          [
            116.2619592,
            40.157442
          ],
          [
            116.26197570000001,
            40.1574509
          ],
          [
            116.2620078,
            40.15746320000001
          ],
          [
            116.26202979999998,
            40.1574709
          ],
          [
            116.2620563,
            40.15747579999999
          ],
          [
            116.2620788,
            40.1574755
          ],
          [
            116.2621301,
            40.1574837
          ],
          [
            116.26215300000001,
            40.157492899999994
          ],
          [
            116.2621786,
            40.157511
          ],
          [
            116.2622027,
            40.1575285
          ],
          [
            116.2622093,
            40.1575401
          ],
          [
            116.26221179999999,
            40.1575489
          ],
          [
            116.26221090000001,
            40.15755730000001
          ],
          [
            116.2622053,
            40.1575659
          ],
          [
            116.2621936,
            40.1575717
          ],
          [
            116.2621792,
            40.15757689999999
          ],
          [
            116.26216719999998,
            40.1575781
          ],
          [
            116.2621555,
            40.15758000000001
          ],
          [
            116.26214970000001,
            40.157582600000005
          ],
          [
            116.26214469999998,
            40.157586699999996
          ],
          [
            116.26214,
            40.15759219999999
          ],
          [
            116.26213749999998,
            40.157599
          ],
          [
            116.26213749999998,
            40.15760420000001
          ],
          [
            116.2621391,
            40.1576091
          ],
          [
            116.2621439,
            40.157616399999995
          ],
          [
            116.2621475,
            40.15762130000001
          ],
          [
            116.2621603,
            40.15763479999999
          ],
          [
            116.262175,
            40.157648099999996
          ],
          [
            116.2621814,
            40.157652299999995
          ],
          [
            116.26219,
            40.15765520000001
          ],
          [
            116.26219899999998,
            40.157658
          ],
          [
            116.26220859999998,
            40.157659899999985
          ],
          [
            116.2622207,
            40.15766219999998
          ],
          [
            116.2622332,
            40.15766429999999
          ],
          [
            116.26224479999999,
            40.15766419999999
          ],
          [
            116.2622564,
            40.1576617
          ],
          [
            116.2622662,
            40.1576592
          ],
          [
            116.26227939999998,
            40.15765699999999
          ],
          [
            116.2623083,
            40.1576569
          ],
          [
            116.26233519999998,
            40.157657199999996
          ],
          [
            116.2623641,
            40.15765809999999
          ],
          [
            116.26239099999998,
            40.15766030000001
          ],
          [
            116.2624154,
            40.157663
          ],
          [
            116.26244430000001,
            40.157671
          ],
          [
            116.2624712,
            40.15768450000001
          ],
          [
            116.2624896,
            40.157694899999996
          ],
          [
            116.2625105,
            40.157719699999994
          ],
          [
            116.2625261,
            40.157736
          ],
          [
            116.2625334,
            40.15775469999999
          ],
          [
            116.26253739999999,
            40.157773999999996
          ],
          [
            116.2625426,
            40.1578034
          ],
          [
            116.2625382,
            40.157829199999995
          ],
          [
            116.2625362,
            40.1578448
          ],
          [
            116.2625285,
            40.1578669
          ],
          [
            116.2625201,
            40.15789169999999
          ],
          [
            116.26250950000001,
            40.15790890000001
          ],
          [
            116.2624942,
            40.157924399999985
          ]
        ]
      },
      "properties": {
        "kind": "path",
        "name": "",
        "osm_tags": {
          "highway": "path"
        }
      }
    },
    {
      "type": "Feature",
      "id": "way/1065424484",
      "geometry": {
        "type": "LineString",
        "coordinates": [
          [
            116.26190580000001,
            40.1574155
          ],
          [
            116.26191840000001,
            40.157386300000006
          ],
          [
            116.26192470000001,
            40.157373799999995
          ],
          [
            116.26193129999999,
            40.1573613
          ],
          [
            116.2619465,
            40.1573376
          ],
          [
            116.26197509999999,
            40.1572965
          ]
        ]
      },
      "properties": {
        "kind": "path",
        "name": "",
        "osm_tags": {
          "highway": "path"
        }
      }
    },
    {
      "type": "Feature",
      "id": "way/1065424485",
      "geometry": {
        "type": "LineString",
        "coordinates": [
          [
            116.257683,
            40.156972700000004
          ],
          [
            116.2576843,
            40.1570345
          ],
          [
            116.2576806,
            40.157081
          ],
          [
            116.2576732,
            40.1571319
          ],
          [
            116.2576613,
            40.157186800000005
          ],
          [
            116.2576368,
            40.15724620000001
          ],
          [
            116.2576264,
            40.157267200000014
          ],
          [
            116.25761330000002,
            40.15729339999999
          ],
          [
            116.25757799999998,
            40.15735039999999
          ],
          [
            116.2575484,
            40.157407499999984
          ],
          [
            116.2575403,
            40.15743839999999
          ],
          [
            116.2575391,
            40.157475
          ],
          [
            116.2575408,
            40.157507700000004
          ],
          [
            116.25753560000001,
            40.15754669999998
          ],
          [
            116.2574037,
            40.157929299999985
          ],
          [
            116.2573857,
            40.15795459999999
          ],
          [
            116.2573593,
            40.1579748
          ],
          [
            116.2573285,
            40.1579884
          ],
          [
            116.25729079999999,
            40.1579967
          ],
          [
            116.25725450000002,
            40.15799700000001
          ],
          [
            116.2572234,
            40.15799419999999
          ],
          [
            116.2572033,
            40.1579905
          ],
          [
            116.2562906,
            40.1577367
          ]
        ]
      },
      "properties": {
        "kind": "road",
        "name": "",
        "osm_tags": {
          "highway": "residential"
        }
      }
    },
    {
      "type": "Feature",
      "id": "way/1065424486",
      "geometry": {
        "type": "LineString",
        "coordinates": [
          [
            116.2579821,
            40.157220800000005
          ],
          [
            116.25792960000001,
            40.1572215
          ],
          [
            116.2578545,
            40.157222100000006
          ],
          [
            116.2577752,
            40.15722469999999
          ],
          [
            116.25770099999998,
            40.157226200000004
          ],
          [
            116.25767520000001,
            40.157231800000005
          ],
          [
            116.25765740000001,
            40.1572399
          ],
          [
            116.25764549999998,
            40.15724910000001
          ],
          [
            116.2576264,
            40.157267200000014
          ]
        ]
      },
      "properties": {
        "kind": "road",
        "name": "",
        "osm_tags": {
          "highway": "residential"
        }
      }
    },
    {
      "type": "Feature",
      "id": "way/1065424487",
      "geometry": {
        "type": "LineString",
        "coordinates": [
          [
            116.2575403,
            40.15743839999999
          ],
          [
            116.25749240000002,
            40.157422899999986
          ],
          [
            116.25743579999998,
            40.15740960000001
          ],
          [
            116.25735530000001,
            40.15739260000001
          ],
          [
            116.25719810000001,
            40.15737039999999
          ],
          [
            116.257002,
            40.15736330000001
          ],
          [
            116.2569942,
            40.15736319999999
          ],
          [
            116.2569853,
            40.1573627
          ],
          [
            116.2569817,
            40.1573611
          ],
          [
            116.25697990000002,
            40.1573573
          ],
          [
            116.2569792,
            40.1573504
          ],
          [
            116.25697790000001,
            40.15733719999999
          ],
          [
            116.2569769,
            40.15731619999999
          ],
          [
            116.25697630000002,
            40.1573082
          ],
          [
            116.25697129999999,
            40.157301200000006
          ],
          [
            116.2569604,
            40.1572954
          ],
          [
            116.2569459,
            40.1572938
          ],
          [
            116.25691970000001,
            40.15729009999999
          ],
          [
            116.2568823,
            40.15728779999999
          ],
          [
            116.25657820000002,
            40.1572572
          ],
          [
            116.256553,
            40.1572538
          ],
          [
            116.256527,
            40.15724569999999
          ],
          [
            116.2565094,
            40.1572395
          ],
          [
            116.2564929,
            40.157227899999995
          ],
          [
            116.25648139999998,
            40.157216
          ],
          [
            116.2564692,
            40.15720339999999
          ],
          [
            116.25645400000002,
            40.1571854
          ],
          [
            116.2564461,
            40.1571696
          ],
          [
            116.2564389,
            40.157146499999996
          ],
          [
            116.2564322,
            40.1571015
          ],
          [
            116.25642610000001,
            40.1570644
          ],
          [
            116.2564274,
            40.15702700000001
          ],
          [
            116.25643519999998,
            40.1570005
          ],
          [
            116.2565447,
            40.1567764
          ],
          [
            116.2565602,
            40.15675139999999
          ],
          [
            116.2565721,
            40.1567364
          ],
          [
            116.2565844,
            40.156722
          ],
          [
            116.2566024,
            40.15670949999999
          ],
          [
            116.25662500000001,
            40.1566993
          ],
          [
            116.2566619,
            40.15668840000001
          ],
          [
            116.25669460000002,
            40.1566818
          ],
          [
            116.2567293,
            40.1566762
          ],
          [
            116.25676460000001,
            40.1566725
          ],
          [
            116.25681289999999,
            40.1566712
          ],
          [
            116.25686500000002,
            40.1566744
          ],
          [
            116.2569107,
            40.15668289999999
          ],
          [
            116.2573809,
            40.15681400000001
          ],
          [
            116.257423,
            40.15682259999999
          ],
          [
            116.257456,
            40.156825100000006
          ],
          [
            116.2574842,
            40.156825700000006
          ],
          [
            116.2575181,
            40.1568207
          ],
          [
            116.25754829999998,
            40.1568151
          ],
          [
            116.257593,
            40.1568061
          ]
        ]
      },
      "properties": {
        "kind": "road",
        "name": "",
        "osm_tags": {
          "highway": "residential"
        }
      }
    },
    {
      "type": "Feature",
      "id": "way/1066293339",
      "geometry": {
        "type": "LineString",
        "coordinates": [
          [
            116.25760400000001,
            40.15626650000001
          ],
          [
            116.25750140000001,
            40.156260599999996
          ],
          [
            116.25747530000001,
            40.15625849999999
          ],
          [
            116.25744890000001,
            40.15625489999999
          ],
          [
            116.2574091,
            40.1562468
          ],
          [
            116.25703220000001,
            40.1561513
          ],
          [
            116.25699019999999,
            40.156137699999995
          ],
          [
            116.2569573,
            40.15612689999999
          ],
          [
            116.2569219,
            40.156112699999994
          ],
          [
            116.2568918,
            40.1560958
          ],
          [
            116.2568705,
            40.1560752
          ],
          [
            116.2568548,
            40.1560482
          ],
          [
            116.25685340000001,
            40.15601999999999
          ],
          [
            116.2568563,
            40.155975
          ],
          [
            116.25686770000002,
            40.1559407
          ],
          [
            116.25698929999999,
            40.155677600000004
          ],
          [
            116.25700760000001,
            40.155643299999994
          ],
          [
            116.25701600000001,
            40.1556302
          ],
          [
            116.25702829999999,
            40.1556199
          ],
          [
            116.2570433,
            40.15560949999999
          ],
          [
            116.25705950000001,
            40.1556045
          ],
          [
            116.25710059999999,
            40.1555976
          ],
          [
            116.2571649,
            40.155591300000005
          ],
          [
            116.2572256,
            40.15558959999999
          ],
          [
            116.2572978,
            40.1555952
          ],
          [
            116.2573788,
            40.1556057
          ],
          [
            116.2574304,
            40.1556196
          ],
          [
            116.25784800000001,
            40.155758599999984
          ],
          [
            116.25787739999998,
            40.155771400000006
          ],
          [
            116.25789770000002,
            40.1557841
          ],
          [
            116.2579144,
            40.155801499999995
          ],
          [
            116.25792150000001,
            40.1558225
          ],
          [
            116.25792350000002,
            40.1558476
          ],
          [
            116.257924,
            40.155872900000006
          ],
          [
            116.25792500000001,
            40.15596879999998
          ]
        ]
      },
      "properties": {
        "kind": "road",
        "name": "",
        "osm_tags": {
          "highway": "residential"
        }
      }
    },
    {
      "type": "Feature",
      "id": "way/1066293340",
      "geometry": {
        "type": "LineString",
        "coordinates": [
          [
            116.267331367798,
            40.158588348492984
          ],
          [
            116.2673949,
            40.1584368
          ],
          [
            116.26740250000002,
            40.1584091
          ],
          [
            116.2674083,
            40.1583743
          ],
          [
            116.26741180000002,
            40.1583422
          ],
          [
            116.26741420000002,
            40.1583021
          ],
          [
            116.267406,
            40.158264599999995
          ],
          [
            116.26738609999998,
            40.158226199999994
          ],
          [
            116.26736920000002,
            40.1582085
          ],
          [
            116.2673475,
            40.1581919
          ],
          [
            116.267313,
            40.1581709
          ],
          [
            116.26727230000002,
            40.15815459999999
          ],
          [
            116.26719,
            40.15812660000001
          ],
          [
            116.2671453,
            40.158115699999996
          ],
          [
            116.26711209999999,
            40.158112599999995
          ],
          [
            116.26706829999999,
            40.1581157
          ],
          [
            116.26703140000001,
            40.15812129999999
          ],
          [
            116.2669971,
            40.15812919999999
          ],
          [
            116.26696210000001,
            40.1581406
          ],
          [
            116.2669229,
            40.15815669999999
          ],
          [
            116.26688859999999,
            40.15817669999999
          ],
          [
            116.26685190000002,
            40.158204700000006
          ],
          [
            116.26682610000002,
            40.158234400000005
          ],
          [
            116.26680280000001,
            40.1582695
          ],
          [
            116.2666584090414,
            40.15858408818054
          ]
        ]
      },
      "properties": {
        "kind": "road",
        "name": "",
        "osm_tags": {
          "highway": "residential"
        }
      }
    },
    {
      "type": "Feature",
      "id": "way/1066293342",
      "geometry": {
        "type": "Polygon",
        "coordinates": [
          [
            [
              116.26282179999998,
              40.1570658
            ],
            [
              116.26288470000001,
              40.1569095
            ],
            [
              116.26267590000002,
              40.15686040000001
            ],
            [
              116.26263570000002,
              40.156960299999994
            ],
            [
              116.2626728,
              40.15696899999998
            ],
            [
              116.26265010000002,
              40.15702550000001
            ],
            [
              116.26282179999998,
              40.1570658
            ]
          ]
        ]
      },
      "properties": {
        "kind": "building",
        "name": "",
        "osm_tags": {
          "building": "house"
        }
      }
    },
    {
      "type": "Feature",
      "id": "way/1066293343",
      "geometry": {
        "type": "Polygon",
        "coordinates": [
          [
            [
              116.26314699999999,
              40.157492600000005
            ],
            [
              116.26315219999998,
              40.1574804
            ],
            [
              116.26320060000002,
              40.1574924
            ],
            [
              116.2632458,
              40.1573866
            ],
            [
              116.2629611,
              40.1573156
            ],
            [
              116.2629107,
              40.1574337
            ],
            [
              116.26314699999999,
              40.157492600000005
            ]
          ]
        ]
      },
      "properties": {
        "kind": "building",
        "name": "",
        "osm_tags": {
          "building": "house"
        }
      }
    },
    {
      "type": "Feature",
      "id": "way/1066293345",
      "geometry": {
        "type": "LineString",
        "coordinates": [
          [
            116.2645415,
            40.1579331
          ],
          [
            116.26622109999998,
            40.1583441
          ]
        ]
      },
      "properties": {
        "kind": "road",
        "name": "",
        "osm_tags": {
          "highway": "residential"
        }
      }
    },
    {
      "type": "Feature",
      "id": "way/1066293347",
      "geometry": {
        "type": "LineString",
        "coordinates": [
          [
            116.26780967928909,
            40.158591374170214
          ],
          [
            116.26797590000001,
            40.15820810000001
          ],
          [
            116.2680744,
            40.1579852
          ],
          [
            116.26822559999998,
            40.1576312
          ],
          [
            116.2683102,
            40.1574331
          ],
          [
            116.26847300000001,
            40.157053000000005
          ],
          [
            116.26890300000001,
            40.1560345
          ],
          [
            116.2691058,
            40.155580300000004
          ],
          [
            116.2694657,
            40.1547319
          ],
          [
            116.269543,
            40.1545532
          ],
          [
            116.2695773,
            40.15447509999999
          ],
          [
            116.26959509999999,
            40.154428900000006
          ],
          [
            116.269609,
            40.154378200000004
          ],
          [
            116.2696189,
            40.154332000000004
          ],
          [
            116.2696342,
            40.154227199999994
          ],
          [
            116.26964150000002,
            40.15420189999999
          ],
          [
            116.26964859999998,
            40.154181200000004
          ],
          [
            116.269675,
            40.154124499999995
          ],
          [
            116.26990110000001,
            40.153633400000004
          ],
          [
            116.2699195,
            40.1535927
          ],
          [
            116.2699821,
            40.1534594
          ],
          [
            116.2700328,
            40.15334489999999
          ],
          [
            116.2700837,
            40.153228000000006
          ],
          [
            116.2701365,
            40.1530913
          ],
          [
            116.27018160000002,
            40.1529723
          ],
          [
            116.2702151,
            40.15289489999999
          ],
          [
            116.2702559,
            40.15279889999999
          ],
          [
            116.2702957,
            40.1527249
          ],
          [
            116.2703165,
            40.152688100000006
          ],
          [
            116.2703417,
            40.152644
          ],
          [
            116.27037100000001,
            40.1525977
          ],
          [
            116.27042160000002,
            40.15251709999998
          ],
          [
            116.2704497,
            40.15246759999999
          ],
          [
            116.2704708,
            40.15242909999999
          ],
          [
            116.27048910000002,
            40.1523931
          ],
          [
            116.27050630000001,
            40.15235719999999
          ],
          [
            116.2705323,
            40.152288
          ],
          [
            116.2711457,
            40.1508462
          ],
          [
            116.2711708,
            40.150784699999996
          ],
          [
            116.2711922,
            40.150729199999994
          ],
          [
            116.2712148,
            40.1506671
          ],
          [
            116.2712205,
            40.15064629999999
          ],
          [
            116.27122339999998,
            40.1506283
          ],
          [
            116.2712348,
            40.1505354
          ],
          [
            116.27123989999998,
            40.1505117
          ],
          [
            116.2712475,
            40.150487999999996
          ],
          [
            116.2712631,
            40.150447199999995
          ],
          [
            116.27129450000001,
            40.15037949999999
          ],
          [
            116.271483,
            40.1499562
          ],
          [
            116.2715475,
            40.149793
          ],
          [
            116.2715889,
            40.14969169999999
          ],
          [
            116.27163769999999,
            40.1495659
          ],
          [
            116.2717014,
            40.149399599999995
          ],
          [
            116.2717721,
            40.1492065
          ],
          [
            116.2718065,
            40.1491101
          ],
          [
            116.2718301,
            40.1490585
          ],
          [
            116.2718482,
            40.1490188
          ],
          [
            116.27186959999999,
            40.1489771
          ],
          [
            116.2718977,
            40.14892609999999
          ],
          [
            116.2719276,
            40.1488776
          ],
          [
            116.27195399999998,
            40.14883249999999
          ],
          [
            116.2719795,
            40.148785700000005
          ],
          [
            116.2720063,
            40.14872939999999
          ],
          [
            116.2720443,
            40.148639500000016
          ],
          [
            116.27207779999999,
            40.148547199999996
          ],
          [
            116.2721118,
            40.148458599999984
          ],
          [
            116.27217520000002,
            40.14830959999999
          ],
          [
            116.272551,
            40.147332600000006
          ],
          [
            116.27284400000002,
            40.146565700000004
          ],
          [
            116.27300900000002,
            40.1461471
          ]
        ]
      },
      "properties": {
        "kind": "road",
        "name": "",
        "osm_tags": {
          "cycleway:right": "track",
          "highway": "service",
          "oneway": "no",
          "surface": "asphalt"
        }
      }
    },
    {
      "type": "Feature",
      "id": "way/1097295104",
      "geometry": {
        "type": "LineString",
        "coordinates": [
          [
            116.26362580000001,
            40.155111700000006
          ],
          [
            116.26368610000002,
            40.154981899999996
          ],
          [
            116.2638869,
            40.15450200000001
          ]
        ]
      },
      "properties": {
        "kind": "path",
        "name": "",
        "osm_tags": {
          "highway": "footway",
          "surface": "paving_stones"
        }
      }
    },
    {
      "type": "Feature",
      "id": "way/1097295105",
      "geometry": {
        "type": "LineString",
        "coordinates": [
          [
            116.26368610000002,
            40.154981899999996
          ],
          [
            116.26332520000001,
            40.154786800000004
          ],
          [
            116.2632452,
            40.15475399999999
          ],
          [
            116.2631483,
            40.15474269999999
          ],
          [
            116.26308730000001,
            40.15475219999999
          ],
          [
            116.2630217,
            40.1547817
          ],
          [
            116.2629827,
            40.154810899999994
          ],
          [
            116.2629444,
            40.15485129999999
          ],
          [
            116.26284780000002,
            40.1551031
          ],
          [
            116.26281090000002,
            40.1551834
          ],
          [
            116.26280490000002,
            40.15523829999999
          ],
          [
            116.2628285,
            40.1552926
          ],
          [
            116.2628582,
            40.15534309999999
          ],
          [
            116.26293790000001,
            40.1554057
          ],
          [
            116.26299720000002,
            40.1554273
          ],
          [
            116.26309620000002,
            40.155437
          ],
          [
            116.263232,
            40.1554299
          ],
          [
            116.263322,
            40.1554258
          ],
          [
            116.2633989,
            40.1554292
          ],
          [
            116.26349550000002,
            40.1554633
          ],
          [
            116.26357350000002,
            40.15550569999999
          ],
          [
            116.26364719999998,
            40.1555539
          ],
          [
            116.26370950000002,
            40.155598100000006
          ],
          [
            116.26375630000001,
            40.155619699999995
          ],
          [
            116.26380130000001,
            40.1556309
          ],
          [
            116.2638534,
            40.155642
          ],
          [
            116.2640099,
            40.1556523
          ],
          [
            116.26405700000001,
            40.1556514
          ],
          [
            116.26409680000002,
            40.155641
          ],
          [
            116.2641211,
            40.15562289999999
          ],
          [
            116.26419190000001,
            40.1554851
          ],
          [
            116.26429970000001,
            40.15527939999999
          ],
          [
            116.2643332,
            40.1552205
          ],
          [
            116.2643454,
            40.155184799999994
          ],
          [
            116.264347,
            40.155161199999995
          ],
          [
            116.26433620000002,
            40.1551365
          ],
          [
            116.2643001,
            40.1551044
          ],
          [
            116.2642513,
            40.155085799999995
          ],
          [
            116.2639842,
            40.1550487
          ],
          [
            116.2637471,
            40.154998400000004
          ],
          [
            116.26368610000002,
            40.154981899999996
          ]
        ]
      },
      "properties": {
        "kind": "path",
        "name": "",
        "osm_tags": {
          "highway": "footway",
          "surface": "asphalt"
        }
      }
    },
    {
      "type": "Feature",
      "id": "way/1097295106",
      "geometry": {
        "type": "LineString",
        "coordinates": [
          [
            116.26144820000002,
            40.1544782
          ],
          [
            116.2593795,
            40.153978399999986
          ]
        ]
      },
      "properties": {
        "kind": "road",
        "name": "",
        "osm_tags": {
          "highway": "residential",
          "oneway": "no",
          "surface": "asphalt"
        }
      }
    },
    {
      "type": "Feature",
      "id": "way/1097295107",
      "geometry": {
        "type": "LineString",
        "coordinates": [
          [
            116.25892080000001,
            40.15505879999999
          ],
          [
            116.2593795,
            40.153978399999986
          ],
          [
            116.2597845,
            40.1529719
          ]
        ]
      },
      "properties": {
        "kind": "road",
        "name": "",
        "osm_tags": {
          "highway": "residential",
          "oneway": "no",
          "surface": "asphalt"
        }
      }
    },
    {
      "type": "Feature",
      "id": "way/1123122330",
      "geometry": {
        "type": "LineString",
        "coordinates": [
          [
            116.26695960000002,
            40.152044899999986
          ],
          [
            116.2669775,
            40.15198119999999
          ]
        ]
      },
      "properties": {
        "kind": "road",
        "name": "",
        "osm_tags": {
          "highway": "residential"
        }
      }
    },
    {
      "type": "Feature",
      "id": "way/1247645449",
      "geometry": {
        "type": "LineString",
        "coordinates": [
          [
            116.26799698166373,
            40.15859255845914
          ],
          [
            116.26800080000001,
            40.1585808
          ],
          [
            116.2680375,
            40.15850710000001
          ],
          [
            116.2680991,
            40.158339999999995
          ]
        ]
      },
      "properties": {
        "kind": "road",
        "name": "北沙河中路",
        "osm_tags": {
          "highway": "primary",
          "name": "北沙河中路",
          "name:zh": "北沙河中路",
          "name:zh-Hans": "北沙河中路",
          "name:zh-Hant": "北沙河中路",
          "oneway": "yes"
        }
      }
    },
    {
      "type": "Feature",
      "id": "way/1247645450",
      "geometry": {
        "type": "LineString",
        "coordinates": [
          [
            116.27114629999998,
            40.15806450000001
          ],
          [
            116.27089974324485,
            40.15861087351139
          ]
        ]
      },
      "properties": {
        "kind": "road",
        "name": "北沙河中路",
        "osm_tags": {
          "highway": "primary",
          "name": "北沙河中路",
          "name:zh": "北沙河中路",
          "name:zh-Hans": "北沙河中路",
          "name:zh-Hant": "北沙河中路",
          "oneway": "yes"
        }
      }
    },
    {
      "type": "Feature",
      "id": "way/1247645451",
      "geometry": {
        "type": "LineString",
        "coordinates": [
          [
            116.2680991,
            40.158339999999995
          ],
          [
            116.2684888,
            40.15736489999999
          ]
        ]
      },
      "properties": {
        "kind": "road",
        "name": "北沙河中路",
        "osm_tags": {
          "highway": "primary",
          "name": "北沙河中路",
          "name:zh": "北沙河中路",
          "name:zh-Hans": "北沙河中路",
          "name:zh-Hant": "北沙河中路",
          "oneway": "yes"
        }
      }
    },
    {
      "type": "Feature",
      "id": "way/1247645464",
      "geometry": {
        "type": "LineString",
        "coordinates": [
          [
            116.253976,
            40.1561404
          ],
          [
            116.25589320000002,
            40.15660549999999
          ],
          [
            116.25603880000001,
            40.1566389
          ]
        ]
      },
      "properties": {
        "kind": "road",
        "name": "",
        "osm_tags": {
          "highway": "tertiary"
        }
      }
    },
    {
      "type": "Feature",
      "id": "way/1247645465",
      "geometry": {
        "type": "LineString",
        "coordinates": [
          [
            116.253976,
            40.1561404
          ],
          [
            116.253922,
            40.15609439999999
          ],
          [
            116.2538458,
            40.156080300000006
          ],
          [
            116.25378440000001,
            40.15608970000002
          ],
          [
            116.2537279,
            40.1561385
          ],
          [
            116.25371810000001,
            40.1561986
          ],
          [
            116.25373280000001,
            40.156239899999996
          ],
          [
            116.2537992,
            40.1562737
          ],
          [
            116.2538655,
            40.156281199999995
          ],
          [
            116.2539553,
            40.1562361
          ],
          [
            116.253976,
            40.1561404
          ]
        ]
      },
      "properties": {
        "kind": "road",
        "name": "",
        "osm_tags": {
          "highway": "residential"
        }
      }
    },
    {
      "type": "Feature",
      "id": "way/1247652047",
      "geometry": {
        "type": "LineString",
        "coordinates": [
          [
            116.25662620000001,
            40.15478910000001
          ],
          [
            116.25681680000001,
            40.1548367
          ]
        ]
      },
      "properties": {
        "kind": "road",
        "name": "高教园中街",
        "osm_tags": {
          "highway": "primary",
          "name": "高教园中街",
          "oneway": "yes"
        }
      }
    },
    {
      "type": "Feature",
      "id": "way/1247652048",
      "geometry": {
        "type": "LineString",
        "coordinates": [
          [
            116.25656209999998,
            40.1549237
          ],
          [
            116.25662620000001,
            40.15478910000001
          ]
        ]
      },
      "properties": {
        "kind": "road",
        "name": "北沙河西三路",
        "osm_tags": {
          "highway": "primary",
          "name": "北沙河西三路",
          "oneway": "yes"
        }
      }
    },
    {
      "type": "Feature",
      "id": "way/1247652049",
      "geometry": {
        "type": "LineString",
        "coordinates": [
          [
            116.2684888,
            40.15736489999999
          ],
          [
            116.26853780000002,
            40.1572451
          ]
        ]
      },
      "properties": {
        "kind": "road",
        "name": "北沙河中路",
        "osm_tags": {
          "highway": "primary",
          "name": "北沙河中路",
          "name:zh": "北沙河中路",
          "name:zh-Hans": "北沙河中路",
          "name:zh-Hant": "北沙河中路",
          "oneway": "yes"
        }
      }
    },
    {
      "type": "Feature",
      "id": "way/1247652050",
      "geometry": {
        "type": "LineString",
        "coordinates": [
          [
            116.26957539999998,
            40.1569135
          ],
          [
            116.2707762,
            40.1572172
          ],
          [
            116.2708686,
            40.157247
          ],
          [
            116.2709343,
            40.1572763
          ],
          [
            116.27099149999998,
            40.157310300000006
          ],
          [
            116.27103130000002,
            40.15733660000001
          ],
          [
            116.2710801,
            40.1573784
          ],
          [
            116.27111659999998,
            40.15741849999999
          ],
          [
            116.27115100000002,
            40.15747189999999
          ],
          [
            116.27117870000001,
            40.157516
          ],
          [
            116.27120209999998,
            40.1575684
          ],
          [
            116.2712132,
            40.157605399999994
          ],
          [
            116.27122429999999,
            40.1576482
          ],
          [
            116.2712324,
            40.1576894
          ],
          [
            116.27123620000002,
            40.15774059999999
          ],
          [
            116.27123290000002,
            40.1577981
          ],
          [
            116.2712211,
            40.1578766
          ],
          [
            116.27119840000002,
            40.15794939999999
          ],
          [
            116.27114629999998,
            40.15806450000001
          ]
        ]
      },
      "properties": {
        "kind": "road",
        "name": "北沙河中路",
        "osm_tags": {
          "highway": "primary",
          "name": "北沙河中路",
          "name:zh": "北沙河中路",
          "name:zh-Hans": "北沙河中路",
          "name:zh-Hant": "北沙河中路",
          "oneway": "yes"
        }
      }
    },
    {
      "type": "Feature",
      "id": "way/1278820931",
      "geometry": {
        "type": "LineString",
        "coordinates": [
          [
            116.27512762777171,
            40.146496958163176
          ],
          [
            116.27337960000001,
            40.146061
          ]
        ]
      },
      "properties": {
        "kind": "road",
        "name": "百沙路",
        "osm_tags": {
          "highway": "primary",
          "name": "百沙路",
          "name:zh": "百沙路",
          "name:zh-Hans": "百沙路",
          "name:zh-Hant": "百沙路",
          "oneway": "yes"
        }
      }
    },
    {
      "type": "Feature",
      "id": "way/1278820932",
      "geometry": {
        "type": "LineString",
        "coordinates": [
          [
            116.2718809,
            40.14989
          ],
          [
            116.2717011,
            40.1498367
          ]
        ]
      },
      "properties": {
        "kind": "road",
        "name": "",
        "osm_tags": {
          "highway": "tertiary",
          "oneway": "yes"
        }
      }
    },
    {
      "type": "Feature",
      "id": "way/1278820933",
      "geometry": {
        "type": "LineString",
        "coordinates": [
          [
            116.27191820000002,
            40.14978489999999
          ],
          [
            116.2718809,
            40.14989
          ]
        ]
      },
      "properties": {
        "kind": "road",
        "name": "北沙河中路",
        "osm_tags": {
          "highway": "primary",
          "name": "北沙河中路",
          "name:zh": "北沙河中路",
          "name:zh-Hans": "北沙河中路",
          "name:zh-Hant": "北沙河中路",
          "oneway": "yes"
        }
      }
    },
    {
      "type": "Feature",
      "id": "way/1384662823",
      "geometry": {
        "type": "Polygon",
        "coordinates": [
          [
            [
              116.2742254,
              40.1449821
            ],
            [
              116.274287,
              40.14480889999999
            ],
            [
              116.2740629,
              40.1447637
            ],
            [
              116.27369100000001,
              40.14570309999999
            ],
            [
              116.27381410000001,
              40.1458179
            ],
            [
              116.27513132032028,
              40.146149576431206
            ],
            [
              116.27513359030239,
              40.14593602164656
            ],
            [
              116.27491990000001,
              40.14588189999999
            ],
            [
              116.2751396823265,
              40.14536288647634
            ],
            [
              116.27514123666964,
              40.14521665185749
            ],
            [
              116.2742254,
              40.1449821
            ]
          ]
        ]
      },
      "properties": {
        "kind": "park",
        "name": "",
        "osm_tags": {
          "leisure": "park"
        }
      }
    },
    {
      "type": "Feature",
      "id": "way/1384662833",
      "geometry": {
        "type": "LineString",
        "coordinates": [
          [
            116.27321393439539,
            40.15862542282312
          ],
          [
            116.27476360000001,
            40.1550361
          ]
        ]
      },
      "properties": {
        "kind": "planned",
        "name": "北沙河东二路",
        "osm_tags": {
          "highway": "proposed",
          "name": "北沙河东二路",
          "proposed": "tertiary"
        }
      }
    },
    {
      "type": "Feature",
      "id": "way/1384662834",
      "geometry": {
        "type": "Polygon",
        "coordinates": [
          [
            [
              116.27489170000001,
              40.154959
            ],
            [
              116.27334141495649,
              40.15862622294871
            ],
            [
              116.27499854697822,
              40.15863661108605
            ],
            [
              116.27503728311551,
              40.1549943729432
            ],
            [
              116.27489170000001,
              40.154959
            ]
          ]
        ]
      },
      "properties": {
        "kind": "landuse",
        "name": "梧桐星宸",
        "osm_tags": {
          "landuse": "construction",
          "name": "梧桐星宸"
        }
      }
    },
    {
      "type": "Feature",
      "id": "way/1436987095",
      "geometry": {
        "type": "Polygon",
        "coordinates": [
          [
            [
              116.2746248,
              40.1446975
            ],
            [
              116.27456689999998,
              40.14468199999999
            ],
            [
              116.27448580000001,
              40.1448587
            ],
            [
              116.27454450000002,
              40.14487449999999
            ],
            [
              116.27514316815427,
              40.1450349337877
            ],
            [
              116.27514527210717,
              40.14483698765825
            ],
            [
              116.2746248,
              40.1446975
            ]
          ]
        ]
      },
      "properties": {
        "kind": "building",
        "name": "",
        "osm_tags": {
          "building": "commercial"
        }
      }
    },
    {
      "type": "Feature",
      "id": "way/1436987096",
      "geometry": {
        "type": "Polygon",
        "coordinates": [
          [
            [
              116.2746248,
              40.1446975
            ],
            [
              116.27454450000002,
              40.14487449999999
            ],
            [
              116.27514316815427,
              40.1450349337877
            ],
            [
              116.27514527210717,
              40.14483698765825
            ],
            [
              116.2746248,
              40.1446975
            ]
          ]
        ]
      },
      "properties": {
        "kind": "building",
        "name": "",
        "osm_tags": {
          "building": "residential"
        }
      }
    },
    {
      "type": "Feature",
      "id": "way/1436987099",
      "geometry": {
        "type": "LineString",
        "coordinates": [
          [
            116.27480083238461,
            40.14449875282878
          ],
          [
            116.27514785831845,
            40.14459366653511
          ]
        ]
      },
      "properties": {
        "kind": "path",
        "name": "",
        "osm_tags": {
          "highway": "corridor",
          "indoor": "yes"
        }
      }
    },
    {
      "type": "Feature",
      "id": "way/1436987101",
      "geometry": {
        "type": "Polygon",
        "coordinates": [
          [
            [
              116.27514810259716,
              40.144570683662664
            ],
            [
              116.27514884396872,
              40.144500931825
            ],
            [
              116.2748832933985,
              40.14449926923442
            ],
            [
              116.27514810259716,
              40.144570683662664
            ]
          ]
        ]
      },
      "properties": {
        "kind": "building",
        "name": "",
        "osm_tags": {
          "building": "commercial"
        }
      }
    },
    {
      "type": "Feature",
      "id": "way/1436987106",
      "geometry": {
        "type": "LineString",
        "coordinates": [
          [
            116.2746845,
            40.14459539999999
          ],
          [
            116.27514654269474,
            40.144717446057655
          ]
        ]
      },
      "properties": {
        "kind": "path",
        "name": "",
        "osm_tags": {
          "highway": "footway"
        }
      }
    },
    {
      "type": "Feature",
      "id": "way/1441850518",
      "geometry": {
        "type": "Polygon",
        "coordinates": [
          [
            [
              116.2552045,
              40.1513593
            ],
            [
              116.25509910000001,
              40.15159980000001
            ],
            [
              116.25526320000002,
              40.15164179999999
            ],
            [
              116.25536850000002,
              40.15140120000001
            ],
            [
              116.2552045,
              40.1513593
            ]
          ]
        ]
      },
      "properties": {
        "kind": "pitch",
        "name": "",
        "osm_tags": {
          "leisure": "pitch",
          "sport": "basketball"
        }
      }
    },
    {
      "type": "Feature",
      "id": "way/1441850519",
      "geometry": {
        "type": "Polygon",
        "coordinates": [
          [
            [
              116.25539109999998,
              40.1514139
            ],
            [
              116.25528580000001,
              40.15165450000001
            ],
            [
              116.2554499,
              40.15169649999999
            ],
            [
              116.2555552,
              40.1514559
            ],
            [
              116.25539109999998,
              40.1514139
            ]
          ]
        ]
      },
      "properties": {
        "kind": "pitch",
        "name": "",
        "osm_tags": {
          "leisure": "pitch",
          "sport": "basketball"
        }
      }
    },
    {
      "type": "Feature",
      "id": "way/1441850520",
      "geometry": {
        "type": "Polygon",
        "coordinates": [
          [
            [
              116.2555817,
              40.1514591
            ],
            [
              116.2554764,
              40.151699699999995
            ],
            [
              116.2556405,
              40.151741699999995
            ],
            [
              116.2557457,
              40.1515011
            ],
            [
              116.2555817,
              40.1514591
            ]
          ]
        ]
      },
      "properties": {
        "kind": "pitch",
        "name": "",
        "osm_tags": {
          "leisure": "pitch",
          "sport": "basketball"
        }
      }
    },
    {
      "type": "Feature",
      "id": "way/1441850521",
      "geometry": {
        "type": "Polygon",
        "coordinates": [
          [
            [
              116.2557098,
              40.151158399999986
            ],
            [
              116.2556045,
              40.151399
            ],
            [
              116.2557686,
              40.151441
            ],
            [
              116.25587379999999,
              40.151200400000015
            ],
            [
              116.2557098,
              40.151158399999986
            ]
          ]
        ]
      },
      "properties": {
        "kind": "pitch",
        "name": "",
        "osm_tags": {
          "leisure": "pitch",
          "sport": "basketball"
        }
      }
    },
    {
      "type": "Feature",
      "id": "way/1441850522",
      "geometry": {
        "type": "Polygon",
        "coordinates": [
          [
            [
              116.25552339999999,
              40.1511095
            ],
            [
              116.25541809999999,
              40.15135
            ],
            [
              116.2555821,
              40.151392
            ],
            [
              116.2556874,
              40.1511514
            ],
            [
              116.25552339999999,
              40.1511095
            ]
          ]
        ]
      },
      "properties": {
        "kind": "pitch",
        "name": "",
        "osm_tags": {
          "leisure": "pitch",
          "sport": "basketball"
        }
      }
    },
    {
      "type": "Feature",
      "id": "way/1441850523",
      "geometry": {
        "type": "Polygon",
        "coordinates": [
          [
            [
              116.25533200000001,
              40.15105859999999
            ],
            [
              116.25522670000001,
              40.1512992
            ],
            [
              116.25539079999999,
              40.1513411
            ],
            [
              116.255496,
              40.15110059999999
            ],
            [
              116.25533200000001,
              40.15105859999999
            ]
          ]
        ]
      },
      "properties": {
        "kind": "pitch",
        "name": "",
        "osm_tags": {
          "leisure": "pitch",
          "sport": "basketball"
        }
      }
    },
    {
      "type": "Feature",
      "id": "way/1536586134",
      "geometry": {
        "type": "LineString",
        "coordinates": [
          [
            116.27123936739481,
            40.15861301162341
          ],
          [
            116.26822310000001,
            40.1578475
          ]
        ]
      },
      "properties": {
        "kind": "planned",
        "name": "",
        "osm_tags": {
          "construction": "primary",
          "highway": "construction"
        }
      }
    },
    {
      "type": "Feature",
      "id": "way/1536586135",
      "geometry": {
        "type": "LineString",
        "coordinates": [
          [
            116.26947419999999,
            40.1557076
          ],
          [
            116.27370960000002,
            40.1567948
          ]
        ]
      },
      "properties": {
        "kind": "planned",
        "name": "",
        "osm_tags": {
          "construction": "tertiary",
          "highway": "construction"
        }
      }
    },
    {
      "type": "Feature",
      "id": "way/1536586136",
      "geometry": {
        "type": "LineString",
        "coordinates": [
          [
            116.27152180000002,
            40.1572808
          ],
          [
            116.27350479999998,
            40.15449259999999
          ]
        ]
      },
      "properties": {
        "kind": "planned",
        "name": "",
        "osm_tags": {
          "construction": "tertiary",
          "highway": "construction"
        }
      }
    },
    {
      "type": "Feature",
      "id": "way/1538435587",
      "geometry": {
        "type": "Polygon",
        "coordinates": [
          [
            [
              116.26813279999999,
              40.1478757
            ],
            [
              116.2679099,
              40.14780600000001
            ],
            [
              116.26787300000001,
              40.1478747
            ],
            [
              116.26797679999999,
              40.1479072
            ],
            [
              116.2679575,
              40.14794299999999
            ],
            [
              116.26786570000002,
              40.1479143
            ],
            [
              116.26783030000001,
              40.1479804
            ],
            [
              116.2679323,
              40.14801229999999
            ],
            [
              116.267904,
              40.148065
            ],
            [
              116.2678056,
              40.14803419999999
            ],
            [
              116.2677729,
              40.14809540000001
            ],
            [
              116.26787119999999,
              40.14812619999999
            ],
            [
              116.26784440000002,
              40.14817630000002
            ],
            [
              116.2677476,
              40.148146
            ],
            [
              116.26766779999998,
              40.148294799999995
            ],
            [
              116.26787380000002,
              40.1483592
            ],
            [
              116.26813279999999,
              40.1478757
            ]
          ]
        ]
      },
      "properties": {
        "kind": "building",
        "name": "配电装置楼",
        "osm_tags": {
          "building": "industrial",
          "height": "15",
          "name": "配电装置楼"
        }
      }
    },
    {
      "type": "Feature",
      "id": "way/1548793901",
      "geometry": {
        "type": "Polygon",
        "coordinates": [
          [
            [
              116.2550863,
              40.15706629999999
            ],
            [
              116.2551373,
              40.15696179999998
            ],
            [
              116.25410420000001,
              40.15667080000001
            ],
            [
              116.2540543,
              40.1567704
            ],
            [
              116.2550863,
              40.15706629999999
            ]
          ]
        ]
      },
      "properties": {
        "kind": "building",
        "name": "6号楼",
        "osm_tags": {
          "building": "residential",
          "layer": "1",
          "name": "6号楼"
        }
      }
    },
    {
      "type": "Feature",
      "id": "way/1548793902",
      "geometry": {
        "type": "Polygon",
        "coordinates": [
          [
            [
              116.25525129999998,
              40.1567804
            ],
            [
              116.25529829999999,
              40.156679
            ],
            [
              116.2542604,
              40.156402299999996
            ],
            [
              116.2542199,
              40.1565054
            ],
            [
              116.25525129999998,
              40.1567804
            ]
          ]
        ]
      },
      "properties": {
        "kind": "building",
        "name": "5号楼",
        "osm_tags": {
          "building": "residential",
          "layer": "1",
          "name": "5号楼"
        }
      }
    },
    {
      "type": "Feature",
      "id": "way/1548793903",
      "geometry": {
        "type": "Polygon",
        "coordinates": [
          [
            [
              116.25492800000002,
              40.15734309999999
            ],
            [
              116.25498300000001,
              40.15725410000001
            ],
            [
              116.2539493,
              40.15696809999999
            ],
            [
              116.2538901,
              40.1570748
            ],
            [
              116.25492800000002,
              40.15734309999999
            ]
          ]
        ]
      },
      "properties": {
        "kind": "building",
        "name": "7号楼",
        "osm_tags": {
          "building": "residential",
          "layer": "1",
          "name": "7号楼"
        }
      }
    },
    {
      "type": "Feature",
      "id": "way/1548793904",
      "geometry": {
        "type": "Polygon",
        "coordinates": [
          [
            [
              116.25479919999998,
              40.157654699999995
            ],
            [
              116.2548503,
              40.1575564
            ],
            [
              116.2538205,
              40.15727970000001
            ],
            [
              116.2537614,
              40.1573864
            ],
            [
              116.25479919999998,
              40.157654699999995
            ]
          ]
        ]
      },
      "properties": {
        "kind": "building",
        "name": "8号楼",
        "osm_tags": {
          "building": "residential",
          "layer": "1",
          "name": "8号楼"
        }
      }
    },
    {
      "type": "Feature",
      "id": "way/1548793905",
      "geometry": {
        "type": "Polygon",
        "coordinates": [
          [
            [
              116.2552817,
              40.15753070000001
            ],
            [
              116.2551185,
              40.15748289999999
            ],
            [
              116.2549108,
              40.158021099999985
            ],
            [
              116.25506460000001,
              40.1580591
            ],
            [
              116.2552817,
              40.15753070000001
            ]
          ]
        ]
      },
      "properties": {
        "kind": "building",
        "name": "3号楼",
        "osm_tags": {
          "building": "residential",
          "layer": "1",
          "name": "3号楼"
        }
      }
    },
    {
      "type": "Feature",
      "id": "way/1548795049",
      "geometry": {
        "type": "Polygon",
        "coordinates": [
          [
            [
              116.255504,
              40.1568635
            ],
            [
              116.2553774,
              40.156825
            ],
            [
              116.2551494,
              40.157375599999995
            ],
            [
              116.2552909,
              40.15740739999999
            ],
            [
              116.255504,
              40.1568635
            ]
          ]
        ]
      },
      "properties": {
        "kind": "building",
        "name": "4号楼",
        "osm_tags": {
          "building": "residential",
          "layer": "1",
          "name": "4号楼"
        }
      }
    },
    {
      "type": "Feature",
      "id": "way/1548795051",
      "geometry": {
        "type": "Polygon",
        "coordinates": [
          [
            [
              116.25342569999998,
              40.15797009999999
            ],
            [
              116.2535715,
              40.1573272
            ],
            [
              116.2534194,
              40.157308999999984
            ],
            [
              116.25335660742415,
              40.15759549825549
            ],
            [
              116.25335257058516,
              40.15796404284047
            ],
            [
              116.25342569999998,
              40.15797009999999
            ]
          ]
        ]
      },
      "properties": {
        "kind": "building",
        "name": "15号楼",
        "osm_tags": {
          "building": "residential",
          "layer": "1",
          "name": "15号楼"
        }
      }
    },
    {
      "type": "Feature",
      "id": "way/1548795052",
      "geometry": {
        "type": "Polygon",
        "coordinates": [
          [
            [
              116.2538737,
              40.1564677
            ],
            [
              116.2537408,
              40.156446900000006
            ],
            [
              116.2535025,
              40.1570886
            ],
            [
              116.25364309999999,
              40.1571133
            ],
            [
              116.2538737,
              40.1564677
            ]
          ]
        ]
      },
      "properties": {
        "kind": "building",
        "name": "16号楼",
        "osm_tags": {
          "building": "residential",
          "layer": "1",
          "name": "16号楼"
        }
      }
    },
    {
      "type": "Feature",
      "id": "way/1548795057",
      "geometry": {
        "type": "Polygon",
        "coordinates": [
          [
            [
              116.2534839,
              40.15628949999999
            ],
            [
              116.2535386,
              40.15616660000001
            ],
            [
              116.25337274116717,
              40.156122494626054
            ],
            [
              116.2533712357953,
              40.15625993902115
            ],
            [
              116.2534839,
              40.15628949999999
            ]
          ]
        ]
      },
      "properties": {
        "kind": "building",
        "name": "17号楼",
        "osm_tags": {
          "building": "residential",
          "layer": "1",
          "name": "17号楼"
        }
      }
    },
    {
      "type": "Feature",
      "id": "way/1548801858",
      "geometry": {
        "type": "LineString",
        "coordinates": [
          [
            116.25336159705282,
            40.1571399589904
          ],
          [
            116.25348919999999,
            40.156775499999995
          ],
          [
            116.2536384,
            40.1563765
          ],
          [
            116.25373280000001,
            40.156239899999996
          ]
        ]
      },
      "properties": {
        "kind": "road",
        "name": "",
        "osm_tags": {
          "highway": "residential"
        }
      }
    },
    {
      "type": "Feature",
      "id": "way/1548801859",
      "geometry": {
        "type": "LineString",
        "coordinates": [
          [
            116.25337067503467,
            40.15631113769435
          ],
          [
            116.2536384,
            40.1563765
          ]
        ]
      },
      "properties": {
        "kind": "road",
        "name": "",
        "osm_tags": {
          "highway": "residential"
        }
      }
    },
    {
      "type": "Feature",
      "id": "way/1548801860",
      "geometry": {
        "type": "LineString",
        "coordinates": [
          [
            116.25345960700996,
            40.15849973956806
          ],
          [
            116.2534855,
            40.1581815
          ],
          [
            116.2536538,
            40.1574206
          ],
          [
            116.25486429999998,
            40.1577476
          ],
          [
            116.25501779999999,
            40.1574374
          ],
          [
            116.25506420000002,
            40.157344599999995
          ],
          [
            116.25515280000002,
            40.1571303
          ],
          [
            116.25525600000002,
            40.156881
          ],
          [
            116.25402800000002,
            40.1565287
          ],
          [
            116.2539993,
            40.15644709999999
          ],
          [
            116.25393439999999,
            40.15636729999999
          ],
          [
            116.2539553,
            40.1562361
          ]
        ]
      },
      "properties": {
        "kind": "road",
        "name": "",
        "osm_tags": {
          "highway": "residential"
        }
      }
    },
    {
      "type": "Feature",
      "id": "way/1548801861",
      "geometry": {
        "type": "LineString",
        "coordinates": [
          [
            116.25515280000002,
            40.1571303
          ],
          [
            116.2539169,
            40.1567808
          ]
        ]
      },
      "properties": {
        "kind": "road",
        "name": "",
        "osm_tags": {
          "highway": "residential"
        }
      }
    },
    {
      "type": "Feature",
      "id": "way/1548801863",
      "geometry": {
        "type": "LineString",
        "coordinates": [
          [
            116.25402800000002,
            40.1565287
          ],
          [
            116.2539169,
            40.1567808
          ],
          [
            116.25377489999998,
            40.1571032
          ],
          [
            116.2537163,
            40.15725679999999
          ],
          [
            116.2536538,
            40.1574206
          ]
        ]
      },
      "properties": {
        "kind": "road",
        "name": "",
        "osm_tags": {
          "highway": "residential"
        }
      }
    },
    {
      "type": "Feature",
      "id": "way/1548801864",
      "geometry": {
        "type": "LineString",
        "coordinates": [
          [
            116.25501779999999,
            40.1574374
          ],
          [
            116.25377489999998,
            40.1571032
          ]
        ]
      },
      "properties": {
        "kind": "road",
        "name": "",
        "osm_tags": {
          "highway": "residential"
        }
      }
    },
    {
      "type": "Feature",
      "id": "way/1548801865",
      "geometry": {
        "type": "LineString",
        "coordinates": [
          [
            116.25486429999998,
            40.1577476
          ],
          [
            116.25477770000002,
            40.1579733
          ]
        ]
      },
      "properties": {
        "kind": "road",
        "name": "",
        "osm_tags": {
          "highway": "residential"
        }
      }
    },
    {
      "type": "Feature",
      "id": "way/1548801868",
      "geometry": {
        "type": "LineString",
        "coordinates": [
          [
            116.2537163,
            40.15725679999999
          ],
          [
            116.25336132494368,
            40.157164802067726
          ]
        ]
      },
      "properties": {
        "kind": "road",
        "name": "",
        "osm_tags": {
          "highway": "residential"
        }
      }
    },
    {
      "type": "Feature",
      "id": "way/1560787478",
      "geometry": {
        "type": "LineString",
        "coordinates": [
          [
            116.26636110000001,
            40.1534472
          ],
          [
            116.26761830000001,
            40.153767499999994
          ],
          [
            116.2677204,
            40.1537935
          ],
          [
            116.26868609999998,
            40.15403950000001
          ],
          [
            116.2681174,
            40.155359700000005
          ]
        ]
      },
      "properties": {
        "kind": "road",
        "name": "",
        "osm_tags": {
          "highway": "residential"
        }
      }
    },
    {
      "type": "Feature",
      "id": "node/6405984420",
      "geometry": {
        "type": "Point",
        "coordinates": [
          116.2733231,
          40.1475843
        ]
      },
      "properties": {
        "kind": "label",
        "name": "丰善村",
        "osm_tags": {
          "name": "丰善村",
          "name:zh": "丰善村",
          "name:zh-Hans": "丰善村",
          "name:zh-Hant": "豐善村",
          "place": "village"
        }
      }
    }
  ]
}