{
  "type": "FeatureCollection",
  "features": [
    {
      "type": "Feature",
      "id": "P001",
      "geometry": {
        "type": "Point",
        "coordinates": [
          116.26718944,
          40.15505574
        ]
      },
      "properties": {
        "id": "P001",
        "degree": 3,
        "segment_ids": [
          "S001",
          "S002",
          "S003"
        ],
        "kind": "junction"
      }
    },
    {
      "type": "Feature",
      "id": "P002",
      "geometry": {
        "type": "Point",
        "coordinates": [
          116.26587174,
          40.15460412
        ]
      },
      "properties": {
        "id": "P002",
        "degree": 3,
        "segment_ids": [
          "S001",
          "S004",
          "S005"
        ],
        "kind": "junction",
        "is_user_corrected": true,
        "correction_source": "user_map_annotation",
        "correction_notes": "Aligned to the basemap using road-heading consistency and shared-node constraints."
      }
    },
    {
      "type": "Feature",
      "id": "P003",
      "geometry": {
        "type": "Point",
        "coordinates": [
          116.26519381,
          40.15463398
        ]
      },
      "properties": {
        "id": "P003",
        "degree": 3,
        "segment_ids": [
          "S004",
          "S006",
          "S007"
        ],
        "kind": "junction",
        "is_user_corrected": true,
        "correction_source": "user_map_annotation",
        "correction_notes": "Aligned to the basemap using road-heading consistency and shared-node constraints."
      }
    },
    {
      "type": "Feature",
      "id": "P004",
      "geometry": {
        "type": "Point",
        "coordinates": [
          116.26529627,
          40.15422389
        ]
      },
      "properties": {
        "id": "P004",
        "degree": 3,
        "segment_ids": [
          "S006",
          "S008",
          "S009"
        ],
        "kind": "junction"
      }
    },
    {
      "type": "Feature",
      "id": "P005",
      "geometry": {
        "type": "Point",
        "coordinates": [
          116.26164689,
          40.15402049
        ]
      },
      "properties": {
        "id": "P005",
        "degree": 3,
        "segment_ids": [
          "S007",
          "S010",
          "S011"
        ],
        "kind": "junction"
      }
    },
    {
      "type": "Feature",
      "id": "P006",
      "geometry": {
        "type": "Point",
        "coordinates": [
          116.25945199,
          40.15395241
        ]
      },
      "properties": {
        "id": "P006",
        "degree": 3,
        "segment_ids": [
          "S010",
          "S012",
          "S013"
        ],
        "kind": "junction"
      }
    },
    {
      "type": "Feature",
      "id": "P007",
      "geometry": {
        "type": "Point",
        "coordinates": [
          116.2662192,
          40.15378269
        ]
      },
      "properties": {
        "id": "P007",
        "degree": 3,
        "segment_ids": [
          "S005",
          "S014",
          "S015"
        ],
        "kind": "junction",
        "is_user_corrected": true,
        "correction_source": "user_map_annotation",
        "correction_notes": "Aligned to the basemap using road-heading consistency and shared-node constraints."
      }
    },
    {
      "type": "Feature",
      "id": "P008",
      "geometry": {
        "type": "Point",
        "coordinates": [
          116.2655716,
          40.1536181
        ]
      },
      "properties": {
        "id": "P008",
        "degree": 3,
        "segment_ids": [
          "S008",
          "S014",
          "S016"
        ],
        "kind": "junction",
        "is_user_corrected": true,
        "correction_source": "user_map_annotation",
        "correction_notes": "Refined against the user annotation and the actual shared basemap junction.",
        "osm_node_id": 6942512889
      }
    },
    {
      "type": "Feature",
      "id": "P009",
      "geometry": {
        "type": "Point",
        "coordinates": [
          116.26773748,
          40.15377086
        ]
      },
      "properties": {
        "id": "P009",
        "degree": 4,
        "segment_ids": [
          "S002",
          "S017",
          "S018",
          "S019"
        ],
        "kind": "junction"
      }
    },
    {
      "type": "Feature",
      "id": "P010",
      "geometry": {
        "type": "Point",
        "coordinates": [
          116.26108994,
          40.15365708
        ]
      },
      "properties": {
        "id": "P010",
        "degree": 3,
        "segment_ids": [
          "S009",
          "S011",
          "S020"
        ],
        "kind": "junction",
        "is_user_corrected": true,
        "correction_source": "user_map_annotation",
        "correction_notes": "Located from the northern satellite annotation and registered using local OSM ground-road nodes, without treating Amap coordinates as WGS84."
      }
    },
    {
      "type": "Feature",
      "id": "P011",
      "geometry": {
        "type": "Point",
        "coordinates": [
          116.26891963,
          40.15357112
        ]
      },
      "properties": {
        "id": "P011",
        "degree": 3,
        "segment_ids": [
          "S021",
          "S101",
          "S102"
        ],
        "kind": "junction"
      }
    },
    {
      "type": "Feature",
      "id": "P012",
      "geometry": {
        "type": "Point",
        "coordinates": [
          116.26636112,
          40.15344718
        ]
      },
      "properties": {
        "id": "P012",
        "degree": 3,
        "segment_ids": [
          "S015",
          "S018",
          "S022"
        ],
        "kind": "junction",
        "is_user_corrected": true,
        "correction_source": "user_map_annotation",
        "correction_notes": "Aligned to the basemap using road-heading consistency and shared-node constraints."
      }
    },
    {
      "type": "Feature",
      "id": "P013",
      "geometry": {
        "type": "Point",
        "coordinates": [
          116.26903088,
          40.15326797
        ]
      },
      "properties": {
        "id": "P013",
        "degree": 3,
        "segment_ids": [
          "S021",
          "S023",
          "S024"
        ],
        "kind": "junction",
        "is_user_corrected": true,
        "correction_source": "user_map_annotation",
        "correction_notes": "Aligned to the basemap using road-heading consistency and shared-node constraints."
      }
    },
    {
      "type": "Feature",
      "id": "P014",
      "geometry": {
        "type": "Point",
        "coordinates": [
          116.26070492,
          40.15318857
        ]
      },
      "properties": {
        "id": "P014",
        "degree": 3,
        "segment_ids": [
          "S020",
          "S025",
          "S026"
        ],
        "kind": "junction",
        "is_user_corrected": true,
        "correction_source": "user_map_annotation",
        "correction_notes": "Located from the northern satellite annotation and registered using local OSM ground-road nodes, without treating Amap coordinates as WGS84."
      }
    },
    {
      "type": "Feature",
      "id": "P015",
      "geometry": {
        "type": "Point",
        "coordinates": [
          116.25989554,
          40.15300061
        ]
      },
      "properties": {
        "id": "P015",
        "degree": 4,
        "segment_ids": [
          "S012",
          "S025",
          "S027",
          "S028"
        ],
        "kind": "junction",
        "is_user_corrected": true,
        "correction_source": "user_map_annotation",
        "correction_notes": "Located from the northern satellite annotation and registered using local OSM ground-road nodes, without treating Amap coordinates as WGS84."
      }
    },
    {
      "type": "Feature",
      "id": "P016",
      "geometry": {
        "type": "Point",
        "coordinates": [
          116.2629576,
          40.1529978
        ]
      },
      "properties": {
        "id": "P016",
        "degree": 3,
        "segment_ids": [
          "S016",
          "S029",
          "S030"
        ],
        "kind": "junction",
        "is_user_corrected": true,
        "correction_source": "user_map_annotation",
        "correction_notes": "Refined against the user annotation and the actual shared basemap junction.",
        "osm_node_id": 9171968240
      }
    },
    {
      "type": "Feature",
      "id": "P017",
      "geometry": {
        "type": "Point",
        "coordinates": [
          116.26787394,
          40.15287051
        ]
      },
      "properties": {
        "id": "P017",
        "degree": 3,
        "segment_ids": [
          "S019",
          "S023",
          "S031"
        ],
        "kind": "junction",
        "is_user_corrected": true,
        "correction_source": "user_map_annotation",
        "correction_notes": "Aligned to the basemap using road-heading consistency and shared-node constraints."
      }
    },
    {
      "type": "Feature",
      "id": "P018",
      "geometry": {
        "type": "Point",
        "coordinates": [
          116.26185646,
          40.1527676
        ]
      },
      "properties": {
        "id": "P018",
        "degree": 3,
        "segment_ids": [
          "S029",
          "S032",
          "S033"
        ],
        "kind": "junction",
        "is_user_corrected": true,
        "correction_source": "user_map_annotation",
        "correction_notes": "Located from the northern satellite annotation and registered using local OSM ground-road nodes, without treating Amap coordinates as WGS84."
      }
    },
    {
      "type": "Feature",
      "id": "P019",
      "geometry": {
        "type": "Point",
        "coordinates": [
          116.26671156,
          40.15260972
        ]
      },
      "properties": {
        "id": "P019",
        "degree": 4,
        "segment_ids": [
          "S022",
          "S031",
          "S034",
          "S100"
        ],
        "kind": "junction",
        "is_user_corrected": true,
        "correction_source": "user_map_annotation",
        "correction_notes": "Aligned to the basemap using road-heading consistency and shared-node constraints."
      }
    },
    {
      "type": "Feature",
      "id": "P020",
      "geometry": {
        "type": "Point",
        "coordinates": [
          116.25834442,
          40.15260588
        ]
      },
      "properties": {
        "id": "P020",
        "degree": 3,
        "segment_ids": [
          "S013",
          "S027",
          "S035"
        ],
        "kind": "junction",
        "is_user_corrected": true,
        "correction_source": "user_map_annotation",
        "correction_notes": "Located from the northern satellite annotation and registered using local OSM ground-road nodes, without treating Amap coordinates as WGS84."
      }
    },
    {
      "type": "Feature",
      "id": "P021",
      "geometry": {
        "type": "Point",
        "coordinates": [
          116.266337,
          40.15243761
        ]
      },
      "properties": {
        "id": "P021",
        "degree": 3,
        "segment_ids": [
          "S034",
          "S036",
          "S037"
        ],
        "kind": "junction"
      }
    },
    {
      "type": "Feature",
      "id": "P022",
      "geometry": {
        "type": "Point",
        "coordinates": [
          116.2605049,
          40.15246035
        ]
      },
      "properties": {
        "id": "P022",
        "degree": 4,
        "segment_ids": [
          "S026",
          "S032",
          "S038",
          "S039"
        ],
        "kind": "junction",
        "is_user_corrected": true,
        "correction_source": "user_map_annotation",
        "correction_notes": "Located from the northern satellite annotation and registered using local OSM ground-road nodes, without treating Amap coordinates as WGS84."
      }
    },
    {
      "type": "Feature",
      "id": "P023",
      "geometry": {
        "type": "Point",
        "coordinates": [
          116.26047447,
          40.15215529
        ]
      },
      "properties": {
        "id": "P023",
        "degree": 3,
        "segment_ids": [
          "S038",
          "S040",
          "S041"
        ],
        "kind": "junction",
        "is_user_corrected": true,
        "correction_source": "user_map_annotation",
        "correction_notes": "Located from the northern satellite annotation and registered using local OSM ground-road nodes, without treating Amap coordinates as WGS84."
      }
    },
    {
      "type": "Feature",
      "id": "P024",
      "geometry": {
        "type": "Point",
        "coordinates": [
          116.26930784,
          40.15233698
        ]
      },
      "properties": {
        "id": "P024",
        "degree": 3,
        "segment_ids": [
          "S024",
          "S042",
          "S043"
        ],
        "kind": "junction",
        "is_user_corrected": true,
        "correction_source": "user_map_annotation",
        "correction_notes": "Aligned to the basemap using road-heading consistency and shared-node constraints."
      }
    },
    {
      "type": "Feature",
      "id": "P025",
      "geometry": {
        "type": "Point",
        "coordinates": [
          116.26023664,
          40.15211022
        ]
      },
      "properties": {
        "id": "P025",
        "degree": 3,
        "segment_ids": [
          "S028",
          "S035",
          "S040"
        ],
        "kind": "junction",
        "is_user_corrected": true,
        "correction_source": "user_map_annotation",
        "correction_notes": "Located from the northern satellite annotation and registered using local OSM ground-road nodes, without treating Amap coordinates as WGS84."
      }
    },
    {
      "type": "Feature",
      "id": "P026",
      "geometry": {
        "type": "Point",
        "coordinates": [
          116.26336919,
          40.15188716
        ]
      },
      "properties": {
        "id": "P026",
        "degree": 3,
        "segment_ids": [
          "S030",
          "S044",
          "S045"
        ],
        "kind": "junction",
        "is_user_corrected": true,
        "correction_source": "user_map_annotation",
        "correction_notes": "Located from the northern satellite annotation and registered using local OSM ground-road nodes, without treating Amap coordinates as WGS84."
      }
    },
    {
      "type": "Feature",
      "id": "P027",
      "geometry": {
        "type": "Point",
        "coordinates": [
          116.26229145,
          40.15168445
        ]
      },
      "properties": {
        "id": "P027",
        "degree": 3,
        "segment_ids": [
          "S033",
          "S039",
          "S044"
        ],
        "kind": "junction",
        "is_user_corrected": true,
        "correction_source": "user_map_annotation",
        "correction_notes": "Located from the northern satellite annotation and registered using local OSM ground-road nodes, without treating Amap coordinates as WGS84."
      }
    },
    {
      "type": "Feature",
      "id": "P028",
      "geometry": {
        "type": "Point",
        "coordinates": [
          116.26714376,
          40.1516589
        ]
      },
      "properties": {
        "id": "P028",
        "degree": 4,
        "segment_ids": [
          "S042",
          "S046",
          "S047",
          "S100"
        ],
        "kind": "junction"
      }
    },
    {
      "type": "Feature",
      "id": "P029",
      "geometry": {
        "type": "Point",
        "coordinates": [
          116.26345033,
          40.15159873
        ]
      },
      "properties": {
        "id": "P029",
        "degree": 4,
        "segment_ids": [
          "S036",
          "S045",
          "S048",
          "S049"
        ],
        "kind": "junction",
        "is_user_corrected": true,
        "correction_source": "user_map_annotation",
        "correction_notes": "Located from the northern satellite annotation and registered using local OSM ground-road nodes, without treating Amap coordinates as WGS84."
      }
    },
    {
      "type": "Feature",
      "id": "P030",
      "geometry": {
        "type": "Point",
        "coordinates": [
          116.2664595,
          40.1516962
        ]
      },
      "properties": {
        "id": "P030",
        "degree": 3,
        "segment_ids": [
          "S037",
          "S046",
          "S050"
        ],
        "kind": "junction",
        "is_user_corrected": true,
        "correction_source": "user_map_annotation",
        "correction_notes": "Moved north to the actual junction indicated by the user.",
        "osm_node_id": 4434148045
      }
    },
    {
      "type": "Feature",
      "id": "P031",
      "geometry": {
        "type": "Point",
        "coordinates": [
          116.26261313,
          40.1513635
        ]
      },
      "properties": {
        "id": "P031",
        "degree": 3,
        "segment_ids": [
          "S048",
          "S051",
          "S052"
        ],
        "kind": "junction",
        "is_user_corrected": true,
        "correction_source": "user_map_annotation",
        "correction_notes": "Located from the northern satellite annotation and registered using local OSM ground-road nodes, without treating Amap coordinates as WGS84."
      }
    },
    {
      "type": "Feature",
      "id": "P032",
      "geometry": {
        "type": "Point",
        "coordinates": [
          116.2686382,
          40.15107136
        ]
      },
      "properties": {
        "id": "P032",
        "degree": 3,
        "segment_ids": [
          "S053",
          "S054",
          "S055"
        ],
        "kind": "junction",
        "is_user_corrected": true,
        "correction_source": "user_map_annotation",
        "correction_notes": "Aligned to the basemap using road-heading consistency and shared-node constraints."
      }
    },
    {
      "type": "Feature",
      "id": "P033",
      "geometry": {
        "type": "Point",
        "coordinates": [
          116.26094434,
          40.15085015
        ]
      },
      "properties": {
        "id": "P033",
        "degree": 3,
        "segment_ids": [
          "S041",
          "S051",
          "S056"
        ],
        "kind": "junction",
        "is_user_corrected": true,
        "correction_source": "user_map_annotation",
        "correction_notes": "Located from the northern satellite annotation and registered using local OSM ground-road nodes, without treating Amap coordinates as WGS84."
      }
    },
    {
      "type": "Feature",
      "id": "P034",
      "geometry": {
        "type": "Point",
        "coordinates": [
          116.26747936,
          40.15091234
        ]
      },
      "properties": {
        "id": "P034",
        "degree": 3,
        "segment_ids": [
          "S047",
          "S053",
          "S057"
        ],
        "kind": "junction",
        "is_user_corrected": true,
        "correction_source": "user_map_annotation",
        "correction_notes": "Aligned to the basemap using road-heading consistency and shared-node constraints."
      }
    },
    {
      "type": "Feature",
      "id": "P035",
      "geometry": {
        "type": "Point",
        "coordinates": [
          116.27079708,
          40.15086877
        ]
      },
      "properties": {
        "id": "P035",
        "degree": 3,
        "segment_ids": [
          "S043",
          "S058",
          "S059"
        ],
        "kind": "junction",
        "is_user_corrected": true,
        "correction_source": "user_map_annotation",
        "correction_notes": "Aligned to the basemap using road-heading consistency and shared-node constraints."
      }
    },
    {
      "type": "Feature",
      "id": "P036",
      "geometry": {
        "type": "Point",
        "coordinates": [
          116.26778299,
          40.15070775
        ]
      },
      "properties": {
        "id": "P036",
        "degree": 4,
        "segment_ids": [
          "S054",
          "S060",
          "S061",
          "S062"
        ],
        "kind": "junction",
        "is_user_corrected": true,
        "correction_source": "user_map_annotation",
        "correction_notes": "Aligned to the basemap using road-heading consistency and shared-node constraints."
      }
    },
    {
      "type": "Feature",
      "id": "P037",
      "geometry": {
        "type": "Point",
        "coordinates": [
          116.26757964,
          40.15067207
        ]
      },
      "properties": {
        "id": "P037",
        "degree": 3,
        "segment_ids": [
          "S057",
          "S060",
          "S063"
        ],
        "kind": "junction",
        "is_user_corrected": true,
        "correction_source": "user_map_annotation",
        "correction_notes": "Aligned to the basemap using road-heading consistency and shared-node constraints."
      }
    },
    {
      "type": "Feature",
      "id": "P038",
      "geometry": {
        "type": "Point",
        "coordinates": [
          116.26100353,
          40.15054775
        ]
      },
      "properties": {
        "id": "P038",
        "degree": 3,
        "segment_ids": [
          "S056",
          "S064",
          "S065"
        ],
        "kind": "junction"
      }
    },
    {
      "type": "Feature",
      "id": "P039",
      "geometry": {
        "type": "Point",
        "coordinates": [
          116.26901268,
          40.15052873
        ]
      },
      "properties": {
        "id": "P039",
        "degree": 3,
        "segment_ids": [
          "S055",
          "S066",
          "S067"
        ],
        "kind": "junction",
        "is_user_corrected": true,
        "correction_source": "user_map_annotation",
        "correction_notes": "Aligned to the basemap using road-heading consistency and shared-node constraints."
      }
    },
    {
      "type": "Feature",
      "id": "P040",
      "geometry": {
        "type": "Point",
        "coordinates": [
          116.26415189,
          40.1503786
        ]
      },
      "properties": {
        "id": "P040",
        "degree": 3,
        "segment_ids": [
          "S049",
          "S068",
          "S069"
        ],
        "kind": "junction"
      }
    },
    {
      "type": "Feature",
      "id": "P041",
      "geometry": {
        "type": "Point",
        "coordinates": [
          116.26874453,
          40.15040865
        ]
      },
      "properties": {
        "id": "P041",
        "degree": 3,
        "segment_ids": [
          "S061",
          "S066",
          "S070"
        ],
        "kind": "junction",
        "is_user_corrected": true,
        "correction_source": "user_map_annotation",
        "correction_notes": "Aligned to the basemap using road-heading consistency and shared-node constraints."
      }
    },
    {
      "type": "Feature",
      "id": "P042",
      "geometry": {
        "type": "Point",
        "coordinates": [
          116.26475101,
          40.15034637
        ]
      },
      "properties": {
        "id": "P042",
        "degree": 3,
        "segment_ids": [
          "S068",
          "S071",
          "S072"
        ],
        "kind": "junction"
      }
    },
    {
      "type": "Feature",
      "id": "P043",
      "geometry": {
        "type": "Point",
        "coordinates": [
          116.26769646,
          40.1502007
        ]
      },
      "properties": {
        "id": "P043",
        "degree": 3,
        "segment_ids": [
          "S063",
          "S073",
          "S074"
        ],
        "kind": "junction",
        "is_user_corrected": true,
        "correction_source": "user_map_annotation",
        "correction_notes": "Refined using the latest route annotation and actual junctions."
      }
    },
    {
      "type": "Feature",
      "id": "P044",
      "geometry": {
        "type": "Point",
        "coordinates": [
          116.26713996,
          40.15005762
        ]
      },
      "properties": {
        "id": "P044",
        "degree": 3,
        "segment_ids": [
          "S050",
          "S073",
          "S075"
        ],
        "kind": "junction",
        "is_user_corrected": true,
        "correction_source": "user_map_annotation",
        "correction_notes": "Refined using the latest route annotation and actual junctions."
      }
    },
    {
      "type": "Feature",
      "id": "P045",
      "geometry": {
        "type": "Point",
        "coordinates": [
          116.27049194,
          40.15013321
        ]
      },
      "properties": {
        "id": "P045",
        "degree": 3,
        "segment_ids": [
          "S058",
          "S059",
          "S076"
        ],
        "kind": "junction",
        "is_user_corrected": true,
        "correction_source": "user_map_annotation",
        "correction_notes": "Aligned to the basemap using road-heading consistency and shared-node constraints."
      }
    },
    {
      "type": "Feature",
      "id": "P046",
      "geometry": {
        "type": "Point",
        "coordinates": [
          116.26803239,
          40.15008451
        ]
      },
      "properties": {
        "id": "P046",
        "degree": 3,
        "segment_ids": [
          "S062",
          "S070",
          "S103"
        ],
        "kind": "junction",
        "is_user_corrected": true,
        "correction_source": "user_map_annotation",
        "correction_notes": "Refined using the latest route annotation and actual junctions."
      }
    },
    {
      "type": "Feature",
      "id": "P047",
      "geometry": {
        "type": "Point",
        "coordinates": [
          116.26304494,
          40.14995512
        ]
      },
      "properties": {
        "id": "P047",
        "degree": 3,
        "segment_ids": [
          "S052",
          "S069",
          "S078"
        ],
        "kind": "junction",
        "is_user_corrected": true,
        "correction_source": "user_map_annotation",
        "correction_notes": "Preserved the actual eastern branch and moved the node approximately 11 m west to align the annotation with the local OSM junction."
      }
    },
    {
      "type": "Feature",
      "id": "P048",
      "geometry": {
        "type": "Point",
        "coordinates": [
          116.26958036,
          40.14986768
        ]
      },
      "properties": {
        "id": "P048",
        "degree": 3,
        "segment_ids": [
          "S067",
          "S076",
          "S079"
        ],
        "kind": "junction",
        "is_user_corrected": true,
        "correction_source": "user_map_annotation",
        "correction_notes": "Aligned to the basemap using road-heading consistency and shared-node constraints."
      }
    },
    {
      "type": "Feature",
      "id": "P049",
      "geometry": {
        "type": "Point",
        "coordinates": [
          116.26801109,
          40.14941473
        ]
      },
      "properties": {
        "id": "P049",
        "degree": 3,
        "segment_ids": [
          "S077",
          "S079",
          "S080"
        ],
        "kind": "junction",
        "is_user_corrected": true,
        "correction_source": "user_map_annotation",
        "correction_notes": "Refined using the latest route annotation and actual junctions."
      }
    },
    {
      "type": "Feature",
      "id": "P050",
      "geometry": {
        "type": "Point",
        "coordinates": [
          116.2620283,
          40.14941246
        ]
      },
      "properties": {
        "id": "P050",
        "degree": 3,
        "segment_ids": [
          "S064",
          "S081",
          "S082"
        ],
        "kind": "junction",
        "is_user_corrected": true,
        "correction_source": "user_map_annotation",
        "correction_notes": "Corrected by registering the user-annotated satellite route against local OSM references; estimated positional uncertainty is 5-10 m."
      }
    },
    {
      "type": "Feature",
      "id": "P051",
      "geometry": {
        "type": "Point",
        "coordinates": [
          116.26342811,
          40.14908577
        ]
      },
      "properties": {
        "id": "P051",
        "degree": 3,
        "segment_ids": [
          "S078",
          "S083",
          "S084"
        ],
        "kind": "junction",
        "is_user_corrected": true,
        "correction_source": "user_map_annotation",
        "correction_notes": "Corrected by registering the user-annotated satellite route against local OSM references; estimated positional uncertainty is 5-10 m."
      }
    },
    {
      "type": "Feature",
      "id": "P054",
      "geometry": {
        "type": "Point",
        "coordinates": [
          116.26282705,
          40.14913168
        ]
      },
      "properties": {
        "id": "P054",
        "degree": 3,
        "segment_ids": [
          "S081",
          "S084",
          "S088"
        ],
        "kind": "junction",
        "is_user_corrected": true,
        "correction_source": "user_map_annotation",
        "correction_notes": "Corrected by registering the user-annotated satellite route against local OSM references; estimated positional uncertainty is 5-10 m."
      }
    },
    {
      "type": "Feature",
      "id": "P057",
      "geometry": {
        "type": "Point",
        "coordinates": [
          116.26110808,
          40.14900871
        ]
      },
      "properties": {
        "id": "P057",
        "degree": 3,
        "segment_ids": [
          "S082",
          "S092",
          "S093"
        ],
        "kind": "junction",
        "is_user_corrected": true,
        "correction_source": "user_map_annotation",
        "correction_notes": "Corrected by registering the user-annotated satellite route against local OSM references; estimated positional uncertainty is 5-10 m."
      }
    },
    {
      "type": "Feature",
      "id": "P058",
      "geometry": {
        "type": "Point",
        "coordinates": [
          116.26385888,
          40.14915991
        ]
      },
      "properties": {
        "id": "P058",
        "degree": 3,
        "segment_ids": [
          "S071",
          "S083",
          "S094"
        ],
        "kind": "junction",
        "is_user_corrected": true,
        "correction_source": "user_map_annotation",
        "correction_notes": "Corrected by registering the user-annotated satellite route against local OSM references; estimated positional uncertainty is 5-10 m."
      }
    },
    {
      "type": "Feature",
      "id": "P059",
      "geometry": {
        "type": "Point",
        "coordinates": [
          116.26593784,
          40.14890041
        ]
      },
      "properties": {
        "id": "P059",
        "degree": 3,
        "segment_ids": [
          "S075",
          "S080",
          "S095"
        ],
        "kind": "junction",
        "is_user_corrected": true,
        "correction_source": "user_map_annotation",
        "correction_notes": "Aligned to the basemap using road-heading consistency and shared-node constraints."
      }
    },
    {
      "type": "Feature",
      "id": "P060",
      "geometry": {
        "type": "Point",
        "coordinates": [
          116.2603439,
          40.14883889
        ]
      },
      "properties": {
        "id": "P060",
        "degree": 3,
        "segment_ids": [
          "S065",
          "S092",
          "S096"
        ],
        "kind": "junction",
        "is_user_corrected": true,
        "correction_source": "user_map_annotation",
        "correction_notes": "Corrected by registering the user-annotated satellite route against local OSM references; estimated positional uncertainty is 5-10 m."
      }
    },
    {
      "type": "Feature",
      "id": "P061",
      "geometry": {
        "type": "Point",
        "coordinates": [
          116.26555409,
          40.14881986
        ]
      },
      "properties": {
        "id": "P061",
        "degree": 3,
        "segment_ids": [
          "S072",
          "S095",
          "S097"
        ],
        "kind": "junction"
      }
    },
    {
      "type": "Feature",
      "id": "P062",
      "geometry": {
        "type": "Point",
        "coordinates": [
          116.26203791,
          40.14886094
        ]
      },
      "properties": {
        "id": "P062",
        "degree": 3,
        "segment_ids": [
          "S088",
          "S093",
          "S098"
        ],
        "kind": "junction",
        "is_user_corrected": true,
        "correction_source": "user_map_annotation",
        "correction_notes": "Corrected by registering the user-annotated satellite route against local OSM references; estimated positional uncertainty is 5-10 m."
      }
    },
    {
      "type": "Feature",
      "id": "P063",
      "geometry": {
        "type": "Point",
        "coordinates": [
          116.26412759,
          40.1484252
        ]
      },
      "properties": {
        "id": "P063",
        "degree": 3,
        "segment_ids": [
          "S094",
          "S097",
          "S099"
        ],
        "kind": "junction",
        "is_user_corrected": true,
        "correction_source": "user_map_annotation",
        "correction_notes": "Corrected by registering the user-annotated satellite route against local OSM references; estimated positional uncertainty is 5-10 m."
      }
    },
    {
      "type": "Feature",
      "id": "P064",
      "geometry": {
        "type": "Point",
        "coordinates": [
          116.2623793,
          40.14801574
        ]
      },
      "properties": {
        "id": "P064",
        "degree": 3,
        "segment_ids": [
          "S096",
          "S098",
          "S099"
        ],
        "kind": "junction",
        "is_user_corrected": true,
        "correction_source": "user_map_annotation",
        "correction_notes": "Corrected by registering the user-annotated satellite route against local OSM references; estimated positional uncertainty is 5-10 m."
      }
    },
    {
      "type": "Feature",
      "id": "P065",
      "geometry": {
        "type": "Point",
        "coordinates": [
          116.2686861,
          40.1540395
        ]
      },
      "properties": {
        "id": "P065",
        "kind": "junction",
        "is_user_corrected": true,
        "correction_source": "user_map_annotation",
        "correction_notes": "Added the annotated four-way junction; the eastern and southern routes to P011 remain distinct.",
        "osm_node_id": 9171952690,
        "segment_ids": [
          "S003",
          "S017",
          "S101",
          "S102"
        ],
        "degree": 4
      }
    },
    {
      "type": "Feature",
      "id": "P066",
      "geometry": {
        "type": "Point",
        "coordinates": [
          116.26775681,
          40.14998694
        ]
      },
      "properties": {
        "id": "P066",
        "kind": "junction",
        "is_user_corrected": true,
        "correction_source": "user_map_annotation",
        "correction_notes": "Intersection of the annotated main road and eastern branch, kept separate from the building-side P046.",
        "segment_ids": [
          "S074",
          "S077",
          "S103"
        ],
        "degree": 3
      }
    },
    {
      "type": "Feature",
      "id": "S001",
      "geometry": {
        "type": "LineString",
        "coordinates": [
          [
            116.26718944,
            40.15505574
          ],
          [
            116.2669833,
            40.15506257
          ],
          [
            116.26602913,
            40.15481765
          ],
          [
            116.26596638,
            40.15479371
          ],
          [
            116.26595398,
            40.15477819
          ],
          [
            116.26593725,
            40.15475263
          ],
          [
            116.26587174,
            40.15460412
          ]
        ]
      },
      "properties": {
        "id": "S001",
        "point_a": "P001",
        "point_b": "P002",
        "directed": false,
        "length_m": 131.88,
        "coordinate_count": 7,
        "geometry_method": "junction_approach_straightening",
        "length_method": "WGS84_geodesic_sum_along_map_corrected_polyline",
        "supporting_gps_sample_count": 56,
        "median_support_offset_m": 1.87,
        "max_support_offset_m": 4.38,
        "is_user_corrected": true,
        "connection_confirmed": true,
        "connection_source": "osm_basemap_alignment",
        "geometry_is_estimate": true,
        "length_is_estimate": true,
        "source_segment_ids": [
          "S001"
        ],
        "correction_notes": "Network alignment to basemap roads; straighten local junction approaches at user request.",
        "provenance": {
          "connection_basis": "Existing network connection preserved during map registration.",
          "geometry_basis": "Straight local approaches to fixed junctions; previous road geometry preserved outside endpoint windows.",
          "registration": {
            "method": "Heading- and continuity-constrained local map registration; user satellite corrections locked.",
            "max_candidate_offset_m": 18,
            "minimum_heading_abs_cos": 0.72,
            "node_junction_search_radius_m": 12,
            "sample_spacing_m": 3,
            "soft_snap_fraction": 0.9,
            "topology_limited_segments": [
              "S023",
              "S024",
              "S054",
              "S060",
              "S074",
              "S077"
            ]
          },
          "source_segment_ids": [
            "S001"
          ],
          "actual_route_length_measured": false,
          "previous_geometry_basis": "osm_constrained_map_snap"
        },
        "notes": [
          "Matched nearby basemap roads with consistent headings; unmatched portions retain their track shape with shared endpoints reconnected.",
          "Distance is accumulated along the corrected polyline as a map estimate, not a measurement from the source activity.",
          "GPS support denotes nearby source samples and does not establish full traversal of the corrected route.",
          "Endpoint approaches are straightened locally with a 3 m maximum shape displacement; points, connectivity, and central road geometry are preserved."
        ],
        "map_alignment": {
          "id": "S001",
          "matched_sample_fraction": 0.92,
          "source_map_distance_p95_m": 6.43,
          "aligned_map_distance_p95_m": 4.0,
          "registration_scale": 1.0,
          "status": "matched",
          "measurement_scope": "Before junction-approach straightening; retained as historical map-match evidence."
        },
        "junction_straightening": {
          "previous_geometry_method": "osm_constrained_map_snap",
          "point_coordinates_preserved": true,
          "middle_geometry_preserved": true,
          "approaches": [
            {
              "segment_id": "S001",
              "point_id": "P001",
              "status": "straightened",
              "window_m": 18.0,
              "straight_length_m": 17.5734,
              "maximum_local_offset_m": 1.7852,
              "transition_turn_degrees": 20.97
            },
            {
              "segment_id": "S001",
              "point_id": "P002",
              "status": "straightened",
              "window_m": 18.0,
              "straight_length_m": 17.4035,
              "maximum_local_offset_m": 1.9898,
              "transition_turn_degrees": 7.98
            }
          ]
        }
      }
    },
    {
      "type": "Feature",
      "id": "S002",
      "geometry": {
        "type": "LineString",
        "coordinates": [
          [
            116.26718944,
            40.15505574
          ],
          [
            116.26724936,
            40.15490053
          ],
          [
            116.26773748,
            40.15377086
          ]
        ]
      },
      "properties": {
        "id": "S002",
        "point_a": "P001",
        "point_b": "P009",
        "directed": false,
        "length_m": 150.12,
        "coordinate_count": 3,
        "geometry_method": "junction_approach_straightening",
        "length_method": "WGS84_geodesic_sum_along_map_corrected_polyline",
        "supporting_gps_sample_count": 31,
        "median_support_offset_m": 4.77,
        "max_support_offset_m": 6.6,
        "is_user_corrected": true,
        "connection_confirmed": true,
        "connection_source": "osm_basemap_alignment",
        "geometry_is_estimate": true,
        "length_is_estimate": true,
        "source_segment_ids": [
          "S002"
        ],
        "correction_notes": "Network alignment to basemap roads; straighten local junction approaches at user request.",
        "provenance": {
          "connection_basis": "Existing network connection preserved during map registration.",
          "geometry_basis": "Straight local approaches to fixed junctions; previous road geometry preserved outside endpoint windows.",
          "registration": {
            "method": "Heading- and continuity-constrained local map registration; user satellite corrections locked.",
            "max_candidate_offset_m": 18,
            "minimum_heading_abs_cos": 0.72,
            "node_junction_search_radius_m": 12,
            "sample_spacing_m": 3,
            "soft_snap_fraction": 0.9,
            "topology_limited_segments": [
              "S023",
              "S024",
              "S054",
              "S060",
              "S074",
              "S077"
            ]
          },
          "source_segment_ids": [
            "S002"
          ],
          "actual_route_length_measured": false,
          "previous_geometry_basis": "osm_constrained_map_snap"
        },
        "notes": [
          "Matched nearby basemap roads with consistent headings; unmatched portions retain their track shape with shared endpoints reconnected.",
          "Distance is accumulated along the corrected polyline as a map estimate, not a measurement from the source activity.",
          "GPS support denotes nearby source samples and does not establish full traversal of the corrected route.",
          "Endpoint approaches are straightened locally with a 3 m maximum shape displacement; points, connectivity, and central road geometry are preserved."
        ],
        "map_alignment": {
          "id": "S002",
          "matched_sample_fraction": 1.0,
          "source_map_distance_p95_m": 6.98,
          "aligned_map_distance_p95_m": 0.58,
          "registration_scale": 1.0,
          "status": "matched",
          "measurement_scope": "Before junction-approach straightening; retained as historical map-match evidence."
        },
        "junction_straightening": {
          "previous_geometry_method": "osm_constrained_map_snap",
          "point_coordinates_preserved": true,
          "middle_geometry_preserved": true,
          "approaches": [
            {
              "segment_id": "S002",
              "point_id": "P001",
              "status": "straightened",
              "window_m": 18.0,
              "straight_length_m": 17.9682,
              "maximum_local_offset_m": 0.4473,
              "transition_turn_degrees": 1.84
            }
          ]
        }
      }
    },
    {
      "type": "Feature",
      "id": "S003",
      "geometry": {
        "type": "LineString",
        "coordinates": [
          [
            116.26718944,
            40.15505574
          ],
          [
            116.26737214,
            40.15513038
          ],
          [
            116.26750775,
            40.15516669
          ],
          [
            116.26779376,
            40.15525068
          ],
          [
            116.26803929,
            40.1553137
          ],
          [
            116.268168,
            40.15535889
          ],
          [
            116.26823631,
            40.15537439
          ],
          [
            116.26826069,
            40.1553768
          ],
          [
            116.26828457,
            40.15537133
          ],
          [
            116.26829397,
            40.15535546
          ],
          [
            116.26829654,
            40.15533754
          ],
          [
            116.26829197,
            40.15522945
          ],
          [
            116.26826337,
            40.15520082
          ],
          [
            116.26820816,
            40.15516573
          ],
          [
            116.26819869,
            40.15514891
          ],
          [
            116.26819564,
            40.15511203
          ],
          [
            116.26820203,
            40.15505787
          ],
          [
            116.26830355,
            40.15485555
          ],
          [
            116.26837707,
            40.15472245
          ],
          [
            116.26851995,
            40.15451466
          ],
          [
            116.2686861,
            40.1540395
          ]
        ]
      },
      "properties": {
        "id": "S003",
        "point_a": "P001",
        "point_b": "P065",
        "directed": false,
        "length_m": 259.44,
        "coordinate_count": 21,
        "geometry_method": "junction_approach_straightening",
        "length_method": "WGS84_geodesic_sum_along_map_corrected_polyline",
        "supporting_gps_sample_count": 74,
        "median_support_offset_m": 0.32,
        "max_support_offset_m": 16.23,
        "is_user_corrected": true,
        "connection_confirmed": true,
        "connection_source": "user_map_annotation",
        "geometry_is_estimate": true,
        "length_is_estimate": true,
        "source_segment_ids": [
          "S003"
        ],
        "correction_notes": "Two user-annotated junctions; straighten local junction approaches at user request.",
        "provenance": {
          "connection_basis": "User supplied actual route annotation.",
          "geometry_basis": "Straight local approaches to fixed junctions; previous road geometry preserved outside endpoint windows.",
          "registration": {},
          "source_segment_ids": [
            "S003"
          ],
          "actual_route_length_measured": false,
          "previous_geometry_basis": "user_annotated_junction_with_osm"
        },
        "notes": [
          "Route geometry and connections corrected using the supplied map annotations.",
          "Distance is accumulated along the corrected polyline as a map estimate, not a measurement from the source activity.",
          "GPS support denotes nearby source samples and does not establish full traversal of the corrected route.",
          "Endpoint approaches are straightened locally with a 3 m maximum shape displacement; points, connectivity, and central road geometry are preserved."
        ],
        "junction_straightening": {
          "previous_geometry_method": "user_annotated_junction_with_osm",
          "point_coordinates_preserved": true,
          "middle_geometry_preserved": true,
          "approaches": [
            {
              "segment_id": "S003",
              "point_id": "P001",
              "status": "straightened",
              "window_m": 18.0,
              "straight_length_m": 17.6291,
              "maximum_local_offset_m": 1.5061,
              "transition_turn_degrees": 8.79
            }
          ]
        }
      }
    },
    {
      "type": "Feature",
      "id": "S004",
      "geometry": {
        "type": "LineString",
        "coordinates": [
          [
            116.26587174,
            40.15460412
          ],
          [
            116.26580596,
            40.15471319
          ],
          [
            116.2658045,
            40.15471514
          ],
          [
            116.26572023,
            40.15473198
          ],
          [
            116.26562143,
            40.15472297
          ],
          [
            116.26553099,
            40.15470772
          ],
          [
            116.26539008,
            40.15467807
          ],
          [
            116.26519381,
            40.15463398
          ]
        ]
      },
      "properties": {
        "id": "S004",
        "point_a": "P002",
        "point_b": "P003",
        "directed": false,
        "length_m": 67.25,
        "coordinate_count": 8,
        "geometry_method": "junction_approach_straightening",
        "length_method": "WGS84_geodesic_sum_along_map_corrected_polyline",
        "supporting_gps_sample_count": 12,
        "median_support_offset_m": 1.37,
        "max_support_offset_m": 5.0,
        "is_user_corrected": true,
        "connection_confirmed": true,
        "connection_source": "osm_basemap_alignment",
        "geometry_is_estimate": true,
        "length_is_estimate": true,
        "source_segment_ids": [
          "S004"
        ],
        "correction_notes": "Network alignment to basemap roads; straighten local junction approaches at user request.",
        "provenance": {
          "connection_basis": "Existing network connection preserved during map registration.",
          "geometry_basis": "Straight local approaches to fixed junctions; previous road geometry preserved outside endpoint windows.",
          "registration": {
            "method": "Heading- and continuity-constrained local map registration; user satellite corrections locked.",
            "max_candidate_offset_m": 18,
            "minimum_heading_abs_cos": 0.72,
            "node_junction_search_radius_m": 12,
            "sample_spacing_m": 3,
            "soft_snap_fraction": 0.9,
            "topology_limited_segments": [
              "S023",
              "S024",
              "S054",
              "S060",
              "S074",
              "S077"
            ]
          },
          "source_segment_ids": [
            "S004"
          ],
          "actual_route_length_measured": false,
          "previous_geometry_basis": "osm_constrained_map_snap"
        },
        "notes": [
          "Matched nearby basemap roads with consistent headings; unmatched portions retain their track shape with shared endpoints reconnected.",
          "Distance is accumulated along the corrected polyline as a map estimate, not a measurement from the source activity.",
          "GPS support denotes nearby source samples and does not establish full traversal of the corrected route.",
          "Endpoint approaches are straightened locally with a 3 m maximum shape displacement; points, connectivity, and central road geometry are preserved."
        ],
        "map_alignment": {
          "id": "S004",
          "matched_sample_fraction": 0.848,
          "source_map_distance_p95_m": 6.09,
          "aligned_map_distance_p95_m": 2.13,
          "registration_scale": 1.0,
          "status": "partial",
          "measurement_scope": "Before junction-approach straightening; retained as historical map-match evidence."
        },
        "junction_straightening": {
          "previous_geometry_method": "osm_constrained_map_snap",
          "point_coordinates_preserved": true,
          "middle_geometry_preserved": true,
          "approaches": [
            {
              "segment_id": "S004",
              "point_id": "P002",
              "status": "straightened",
              "window_m": 14.0,
              "straight_length_m": 13.3405,
              "maximum_local_offset_m": 1.4658,
              "transition_turn_degrees": 5.02
            },
            {
              "segment_id": "S004",
              "point_id": "P003",
              "status": "straightened",
              "window_m": 18.0,
              "straight_length_m": 17.4183,
              "maximum_local_offset_m": 1.3485,
              "transition_turn_degrees": 0.98
            }
          ]
        }
      }
    },
    {
      "type": "Feature",
      "id": "S005",
      "geometry": {
        "type": "LineString",
        "coordinates": [
          [
            116.26587174,
            40.15460412
          ],
          [
            116.26593467,
            40.15444947
          ],
          [
            116.26616182,
            40.15393245
          ],
          [
            116.2662192,
            40.15378269
          ]
        ]
      },
      "properties": {
        "id": "S005",
        "point_a": "P002",
        "point_b": "P007",
        "directed": false,
        "length_m": 95.91,
        "coordinate_count": 4,
        "geometry_method": "junction_approach_straightening",
        "length_method": "WGS84_geodesic_sum_along_map_corrected_polyline",
        "supporting_gps_sample_count": 57,
        "median_support_offset_m": 2.87,
        "max_support_offset_m": 8.36,
        "is_user_corrected": true,
        "connection_confirmed": true,
        "connection_source": "osm_basemap_alignment",
        "geometry_is_estimate": true,
        "length_is_estimate": true,
        "source_segment_ids": [
          "S005"
        ],
        "correction_notes": "Network alignment to basemap roads; straighten local junction approaches at user request.",
        "provenance": {
          "connection_basis": "Existing network connection preserved during map registration.",
          "geometry_basis": "Straight local approaches to fixed junctions; previous road geometry preserved outside endpoint windows.",
          "registration": {
            "method": "Heading- and continuity-constrained local map registration; user satellite corrections locked.",
            "max_candidate_offset_m": 18,
            "minimum_heading_abs_cos": 0.72,
            "node_junction_search_radius_m": 12,
            "sample_spacing_m": 3,
            "soft_snap_fraction": 0.9,
            "topology_limited_segments": [
              "S023",
              "S024",
              "S054",
              "S060",
              "S074",
              "S077"
            ]
          },
          "source_segment_ids": [
            "S005"
          ],
          "actual_route_length_measured": false,
          "previous_geometry_basis": "osm_constrained_map_snap"
        },
        "notes": [
          "Matched nearby basemap roads with consistent headings; unmatched portions retain their track shape with shared endpoints reconnected.",
          "Distance is accumulated along the corrected polyline as a map estimate, not a measurement from the source activity.",
          "GPS support denotes nearby source samples and does not establish full traversal of the corrected route.",
          "Endpoint approaches are straightened locally with a 3 m maximum shape displacement; points, connectivity, and central road geometry are preserved."
        ],
        "map_alignment": {
          "id": "S005",
          "matched_sample_fraction": 1.0,
          "source_map_distance_p95_m": 2.88,
          "aligned_map_distance_p95_m": 0.44,
          "registration_scale": 1.0,
          "status": "matched",
          "measurement_scope": "Before junction-approach straightening; retained as historical map-match evidence."
        },
        "junction_straightening": {
          "previous_geometry_method": "osm_constrained_map_snap",
          "point_coordinates_preserved": true,
          "middle_geometry_preserved": true,
          "approaches": [
            {
              "segment_id": "S005",
              "point_id": "P002",
              "status": "straightened",
              "window_m": 18.0,
              "straight_length_m": 17.9835,
              "maximum_local_offset_m": 0.3175,
              "transition_turn_degrees": 1.29
            }
          ]
        }
      }
    },
    {
      "type": "Feature",
      "id": "S006",
      "geometry": {
        "type": "LineString",
        "coordinates": [
          [
            116.26519381,
            40.15463398
          ],
          [
            116.26529541,
            40.15434835
          ],
          [
            116.26529627,
            40.15422389
          ]
        ]
      },
      "properties": {
        "id": "S006",
        "point_a": "P003",
        "point_b": "P004",
        "directed": false,
        "length_m": 46.7,
        "coordinate_count": 3,
        "geometry_method": "junction_approach_straightening",
        "length_method": "WGS84_geodesic_sum_along_map_corrected_polyline",
        "supporting_gps_sample_count": 20,
        "median_support_offset_m": 3.0,
        "max_support_offset_m": 6.65,
        "is_user_corrected": true,
        "connection_confirmed": true,
        "connection_source": "osm_basemap_alignment",
        "geometry_is_estimate": true,
        "length_is_estimate": true,
        "source_segment_ids": [
          "S006"
        ],
        "correction_notes": "Network alignment to basemap roads; straighten local junction approaches at user request.",
        "provenance": {
          "connection_basis": "Existing network connection preserved during map registration.",
          "geometry_basis": "Straight local approaches to fixed junctions; previous road geometry preserved outside endpoint windows.",
          "registration": {
            "method": "Heading- and continuity-constrained local map registration; user satellite corrections locked.",
            "max_candidate_offset_m": 18,
            "minimum_heading_abs_cos": 0.72,
            "node_junction_search_radius_m": 12,
            "sample_spacing_m": 3,
            "soft_snap_fraction": 0.9,
            "topology_limited_segments": [
              "S023",
              "S024",
              "S054",
              "S060",
              "S074",
              "S077"
            ]
          },
          "source_segment_ids": [
            "S006"
          ],
          "actual_route_length_measured": false,
          "previous_geometry_basis": "osm_constrained_map_snap"
        },
        "notes": [
          "Matched nearby basemap roads with consistent headings; unmatched portions retain their track shape with shared endpoints reconnected.",
          "Distance is accumulated along the corrected polyline as a map estimate, not a measurement from the source activity.",
          "GPS support denotes nearby source samples and does not establish full traversal of the corrected route.",
          "Endpoint approaches are straightened locally with a 3 m maximum shape displacement; points, connectivity, and central road geometry are preserved."
        ],
        "map_alignment": {
          "id": "S006",
          "matched_sample_fraction": 1.0,
          "source_map_distance_p95_m": 3.99,
          "aligned_map_distance_p95_m": 1.5,
          "registration_scale": 1.0,
          "status": "matched",
          "measurement_scope": "Before junction-approach straightening; retained as historical map-match evidence."
        },
        "junction_straightening": {
          "previous_geometry_method": "osm_constrained_map_snap",
          "point_coordinates_preserved": true,
          "middle_geometry_preserved": true,
          "approaches": [
            {
              "segment_id": "S006",
              "point_id": "P004",
              "status": "straightened",
              "window_m": 14.0848,
              "straight_length_m": 13.8148,
              "maximum_local_offset_m": 1.3168,
              "transition_turn_degrees": 14.96
            }
          ]
        }
      }
    },
    {
      "type": "Feature",
      "id": "S007",
      "geometry": {
        "type": "LineString",
        "coordinates": [
          [
            116.26519381,
            40.15463398
          ],
          [
            116.26442521,
            40.15453399
          ],
          [
            116.2641447,
            40.15451085
          ],
          [
            116.26347234,
            40.15448732
          ],
          [
            116.26308417,
            40.15444917
          ],
          [
            116.26244245,
            40.15429731
          ],
          [
            116.26211734,
            40.15417874
          ],
          [
            116.26184408,
            40.15407056
          ],
          [
            116.26164689,
            40.15402049
          ]
        ]
      },
      "properties": {
        "id": "S007",
        "point_a": "P003",
        "point_b": "P005",
        "directed": false,
        "length_m": 312.93,
        "coordinate_count": 9,
        "geometry_method": "junction_approach_straightening",
        "length_method": "WGS84_geodesic_sum_along_map_corrected_polyline",
        "supporting_gps_sample_count": 62,
        "median_support_offset_m": 1.19,
        "max_support_offset_m": 5.9,
        "is_user_corrected": true,
        "connection_confirmed": true,
        "connection_source": "osm_basemap_alignment",
        "geometry_is_estimate": true,
        "length_is_estimate": true,
        "source_segment_ids": [
          "S007"
        ],
        "correction_notes": "Network alignment to basemap roads; straighten local junction approaches at user request.",
        "provenance": {
          "connection_basis": "Existing network connection preserved during map registration.",
          "geometry_basis": "Straight local approaches to fixed junctions; previous road geometry preserved outside endpoint windows.",
          "registration": {
            "method": "Heading- and continuity-constrained local map registration; user satellite corrections locked.",
            "max_candidate_offset_m": 18,
            "minimum_heading_abs_cos": 0.72,
            "node_junction_search_radius_m": 12,
            "sample_spacing_m": 3,
            "soft_snap_fraction": 0.9,
            "topology_limited_segments": [
              "S023",
              "S024",
              "S054",
              "S060",
              "S074",
              "S077"
            ]
          },
          "source_segment_ids": [
            "S007"
          ],
          "actual_route_length_measured": false,
          "previous_geometry_basis": "osm_constrained_map_snap"
        },
        "notes": [
          "Matched nearby basemap roads with consistent headings; unmatched portions retain their track shape with shared endpoints reconnected.",
          "Distance is accumulated along the corrected polyline as a map estimate, not a measurement from the source activity.",
          "GPS support denotes nearby source samples and does not establish full traversal of the corrected route.",
          "Endpoint approaches are straightened locally with a 3 m maximum shape displacement; points, connectivity, and central road geometry are preserved."
        ],
        "map_alignment": {
          "id": "S007",
          "matched_sample_fraction": 1.0,
          "source_map_distance_p95_m": 2.95,
          "aligned_map_distance_p95_m": 0.39,
          "registration_scale": 1.0,
          "status": "matched",
          "measurement_scope": "Before junction-approach straightening; retained as historical map-match evidence."
        },
        "junction_straightening": {
          "previous_geometry_method": "osm_constrained_map_snap",
          "point_coordinates_preserved": true,
          "middle_geometry_preserved": true,
          "approaches": [
            {
              "segment_id": "S007",
              "point_id": "P005",
              "status": "straightened",
              "window_m": 18.0,
              "straight_length_m": 17.6909,
              "maximum_local_offset_m": 1.5528,
              "transition_turn_degrees": 8.98
            }
          ]
        }
      }
    },
    {
      "type": "Feature",
      "id": "S008",
      "geometry": {
        "type": "LineString",
        "coordinates": [
          [
            116.26529627,
            40.15422389
          ],
          [
            116.26539798,
            40.15408307
          ],
          [
            116.26540797,
            40.15405804
          ],
          [
            116.26542434,
            40.15401404
          ],
          [
            116.2654407,
            40.15397005
          ],
          [
            116.26545706,
            40.15392606
          ],
          [
            116.26547342,
            40.15388207
          ],
          [
            116.26548979,
            40.15383807
          ],
          [
            116.26550615,
            40.15379407
          ],
          [
            116.26552251,
            40.15375009
          ],
          [
            116.26553887,
            40.15370609
          ],
          [
            116.26555524,
            40.15366209
          ],
          [
            116.2655716,
            40.1536181
          ]
        ]
      },
      "properties": {
        "id": "S008",
        "point_a": "P004",
        "point_b": "P008",
        "directed": false,
        "length_m": 71.58,
        "coordinate_count": 13,
        "geometry_method": "junction_approach_straightening",
        "length_method": "WGS84_geodesic_sum_along_map_corrected_polyline",
        "supporting_gps_sample_count": 51,
        "median_support_offset_m": 2.29,
        "max_support_offset_m": 16.54,
        "is_user_corrected": true,
        "connection_confirmed": true,
        "connection_source": "user_map_annotation",
        "geometry_is_estimate": true,
        "length_is_estimate": true,
        "source_segment_ids": [
          "S008"
        ],
        "correction_notes": "align_P008_and_P016_to_red_main_road; straighten local junction approaches at user request.",
        "provenance": {
          "connection_basis": "User supplied actual route annotation.",
          "geometry_basis": "Straight local approaches to fixed junctions; previous road geometry preserved outside endpoint windows.",
          "registration": {
            "source_image": "codex-clipboard-b4957010-7ba7-43a0-a189-3197827c7642.png",
            "control_point_ids": [
              "P016",
              "P008",
              "P007",
              "P012"
            ],
            "control_pixel_xy": [
              [
                82.0,
                169.0
              ],
              [
                368.5,
                53.7
              ],
              [
                446.1,
                55.1
              ],
              [
                461.5,
                104.8
              ]
            ],
            "control_local_xy": [
              [
                468.205,
                579.795
              ],
              [
                687.0,
                668.0
              ],
              [
                746.2,
                666.38
              ],
              [
                757.98,
                629.04
              ]
            ],
            "screen_scale_px_per_m": 1.3098341571972067,
            "screen_x_offset": -531.3133275344729,
            "screen_y_offset": 928.4474690240731,
            "pixel_rmse": 0.22023551712440345,
            "red_P008_circle_pixel": [
              375.5,
              81.5
            ],
            "red_circle_local_xy": [
              692.3115591021684,
              646.6066443376144
            ],
            "snap_basis": "Visible red circle agrees with the shared OSM junction within 2.42 m; exact OSM node is used."
          },
          "source_segment_ids": [
            "S008"
          ],
          "actual_route_length_measured": false,
          "previous_geometry_basis": "user_red_annotation_confirmed_OSM_road_centerline"
        },
        "notes": [
          "Route geometry and connections corrected using the supplied map annotations.",
          "Distance is accumulated along the corrected polyline as a map estimate, not a measurement from the source activity.",
          "GPS support denotes nearby source samples and does not establish full traversal of the corrected route.",
          "Endpoint approaches are straightened locally with a 3 m maximum shape displacement; points, connectivity, and central road geometry are preserved."
        ],
        "junction_straightening": {
          "previous_geometry_method": "user_red_annotation_confirmed_OSM_road_centerline",
          "point_coordinates_preserved": true,
          "middle_geometry_preserved": true,
          "approaches": [
            {
              "segment_id": "S008",
              "point_id": "P004",
              "status": "straightened",
              "window_m": 18.0,
              "straight_length_m": 17.8706,
              "maximum_local_offset_m": 0.9358,
              "transition_turn_degrees": 11.98
            }
          ]
        }
      }
    },
    {
      "type": "Feature",
      "id": "S009",
      "geometry": {
        "type": "LineString",
        "coordinates": [
          [
            116.26529627,
            40.15422389
          ],
          [
            116.26508751,
            40.15420827
          ],
          [
            116.26492652,
            40.15417383
          ],
          [
            116.26416621,
            40.1539776
          ],
          [
            116.26362086,
            40.1538614
          ],
          [
            116.26342207,
            40.15382258
          ],
          [
            116.26343063,
            40.1537968
          ],
          [
            116.2632965,
            40.15378642
          ],
          [
            116.26314106,
            40.1537284
          ],
          [
            116.26294774,
            40.15369478
          ],
          [
            116.26277696,
            40.15365489
          ],
          [
            116.26252472,
            40.15358604
          ],
          [
            116.26218329,
            40.15350029
          ],
          [
            116.26196038,
            40.15345505
          ],
          [
            116.2617896,
            40.15341517
          ],
          [
            116.26170733,
            40.15342214
          ],
          [
            116.26157158,
            40.15348365
          ],
          [
            116.26139076,
            40.15355767
          ],
          [
            116.26123914,
            40.15366129
          ],
          [
            116.26108994,
            40.15365708
          ]
        ]
      },
      "properties": {
        "id": "S009",
        "point_a": "P004",
        "point_b": "P010",
        "directed": false,
        "length_m": 383.66,
        "coordinate_count": 20,
        "geometry_method": "junction_approach_straightening",
        "length_method": "WGS84_geodesic_sum_along_map_corrected_polyline",
        "supporting_gps_sample_count": 89,
        "median_support_offset_m": 1.39,
        "max_support_offset_m": 16.88,
        "is_user_corrected": true,
        "connection_confirmed": true,
        "connection_source": "user_map_annotation",
        "geometry_is_estimate": true,
        "length_is_estimate": true,
        "source_segment_ids": [
          "S009"
        ],
        "correction_notes": "User map annotation correction; straighten local junction approaches at user request.",
        "provenance": {
          "connection_basis": "User supplied actual route annotation.",
          "geometry_basis": "Straight local approaches to fixed junctions; previous road geometry preserved outside endpoint windows.",
          "registration": {
            "method": "Least-squares local affine from ground-road junction controls; no satellite coordinate readout used",
            "pixel_to_local_xy_matrix": [
              [
                0.6358299708262182,
                -0.015182139298409038
              ],
              [
                0.0059933070205737795,
                -0.6649821220004547
              ],
              [
                68.71325445253487,
                751.5544645935769
              ]
            ],
            "control_pixel_xy": [
              [
                295.0,
                336.0
              ],
              [
                477.0,
                282.0
              ],
              [
                532.0,
                462.0
              ],
              [
                626.0,
                244.0
              ]
            ],
            "control_local_xy": [
              [
                257.88,
                525.07
              ],
              [
                374.61,
                553.65
              ],
              [
                409.76,
                436.2
              ],
              [
                467.69,
                581.56
              ]
            ],
            "control_description": [
              "western end of laboratory north road, way992727774/992727789",
              "laboratory middle passage north entrance, way992727758/992727789",
              "laboratory middle passage south entrance, way992727760/992727759",
              "laboratory east road north entrance, way992727789"
            ],
            "control_rmse_m": 2.0175266867840986,
            "accuracy_note": "Hand-drawn paths and screenshot registration carry several-metres uncertainty. Coordinates provide an editable local reconstruction, not a survey."
          },
          "source_segment_ids": [
            "S009"
          ],
          "actual_route_length_measured": false,
          "previous_geometry_basis": "registered satellite redline"
        },
        "notes": [
          "Route geometry and connections corrected using the supplied map annotations.",
          "Distance is accumulated along the corrected polyline as a map estimate, not a measurement from the source activity.",
          "GPS support denotes nearby source samples and does not establish full traversal of the corrected route.",
          "Endpoint approaches are straightened locally with a 3 m maximum shape displacement; points, connectivity, and central road geometry are preserved."
        ],
        "junction_straightening": {
          "previous_geometry_method": "user_satellite_redline_registered",
          "point_coordinates_preserved": true,
          "middle_geometry_preserved": true,
          "approaches": [
            {
              "segment_id": "S009",
              "point_id": "P004",
              "status": "straightened",
              "window_m": 18.0,
              "straight_length_m": 17.8643,
              "maximum_local_offset_m": 0.6321,
              "transition_turn_degrees": 10.01
            }
          ]
        }
      }
    },
    {
      "type": "Feature",
      "id": "S010",
      "geometry": {
        "type": "LineString",
        "coordinates": [
          [
            116.26164689,
            40.15402049
          ],
          [
            116.26158724,
            40.15417604
          ],
          [
            116.26150444,
            40.15436344
          ],
          [
            116.26149385,
            40.1543762
          ],
          [
            116.26146235,
            40.15438771
          ],
          [
            116.26138276,
            40.15443416
          ],
          [
            116.26134603,
            40.1544457
          ],
          [
            116.26130787,
            40.15444165
          ],
          [
            116.26090882,
            40.15435172
          ],
          [
            116.25962738,
            40.15403907
          ],
          [
            116.25945199,
            40.15395241
          ]
        ]
      },
      "properties": {
        "id": "S010",
        "point_a": "P005",
        "point_b": "P006",
        "directed": false,
        "length_m": 227.59,
        "coordinate_count": 11,
        "geometry_method": "junction_approach_straightening",
        "length_method": "WGS84_geodesic_sum_along_map_corrected_polyline",
        "supporting_gps_sample_count": 69,
        "median_support_offset_m": 2.37,
        "max_support_offset_m": 14.59,
        "is_user_corrected": true,
        "connection_confirmed": true,
        "connection_source": "osm_basemap_alignment",
        "geometry_is_estimate": true,
        "length_is_estimate": true,
        "source_segment_ids": [
          "S010"
        ],
        "correction_notes": "Network alignment to basemap roads; straighten local junction approaches at user request.",
        "provenance": {
          "connection_basis": "Existing network connection preserved during map registration.",
          "geometry_basis": "Straight local approaches to fixed junctions; previous road geometry preserved outside endpoint windows.",
          "registration": {
            "method": "Heading- and continuity-constrained local map registration; user satellite corrections locked.",
            "max_candidate_offset_m": 18,
            "minimum_heading_abs_cos": 0.72,
            "node_junction_search_radius_m": 12,
            "sample_spacing_m": 3,
            "soft_snap_fraction": 0.9,
            "topology_limited_segments": [
              "S023",
              "S024",
              "S054",
              "S060",
              "S074",
              "S077"
            ]
          },
          "source_segment_ids": [
            "S010"
          ],
          "actual_route_length_measured": false,
          "previous_geometry_basis": "osm_constrained_map_snap"
        },
        "notes": [
          "Matched nearby basemap roads with consistent headings; unmatched portions retain their track shape with shared endpoints reconnected.",
          "Distance is accumulated along the corrected polyline as a map estimate, not a measurement from the source activity.",
          "GPS support denotes nearby source samples and does not establish full traversal of the corrected route.",
          "Endpoint approaches are straightened locally with a 3 m maximum shape displacement; points, connectivity, and central road geometry are preserved."
        ],
        "map_alignment": {
          "id": "S010",
          "matched_sample_fraction": 0.979,
          "source_map_distance_p95_m": 4.59,
          "aligned_map_distance_p95_m": 3.08,
          "registration_scale": 1.0,
          "status": "matched",
          "measurement_scope": "Before junction-approach straightening; retained as historical map-match evidence."
        },
        "junction_straightening": {
          "previous_geometry_method": "osm_constrained_map_snap",
          "point_coordinates_preserved": true,
          "middle_geometry_preserved": true,
          "approaches": [
            {
              "segment_id": "S010",
              "point_id": "P005",
              "status": "straightened",
              "window_m": 18.0,
              "straight_length_m": 17.998,
              "maximum_local_offset_m": 0.0867,
              "transition_turn_degrees": 2.33
            },
            {
              "segment_id": "S010",
              "point_id": "P006",
              "status": "straightened",
              "window_m": 18.0,
              "straight_length_m": 17.7673,
              "maximum_local_offset_m": 1.1358,
              "transition_turn_degrees": 15.14
            }
          ]
        }
      }
    },
    {
      "type": "Feature",
      "id": "S011",
      "geometry": {
        "type": "LineString",
        "coordinates": [
          [
            116.26164689,
            40.15402049
          ],
          [
            116.26143925,
            40.15401514
          ],
          [
            116.26136596,
            40.15399513
          ],
          [
            116.26130039,
            40.15392406
          ],
          [
            116.26120278,
            40.15379416
          ],
          [
            116.26108994,
            40.15365708
          ]
        ]
      },
      "properties": {
        "id": "S011",
        "point_a": "P005",
        "point_b": "P010",
        "directed": false,
        "length_m": 68.65,
        "coordinate_count": 6,
        "geometry_method": "junction_approach_straightening",
        "length_method": "WGS84_geodesic_sum_along_map_corrected_polyline",
        "supporting_gps_sample_count": 17,
        "median_support_offset_m": 11.38,
        "max_support_offset_m": 17.86,
        "is_user_corrected": true,
        "connection_confirmed": true,
        "connection_source": "user_map_annotation",
        "geometry_is_estimate": true,
        "length_is_estimate": true,
        "source_segment_ids": [
          "S011"
        ],
        "correction_notes": "User map annotation correction; straighten local junction approaches at user request.",
        "provenance": {
          "connection_basis": "User supplied actual route annotation.",
          "geometry_basis": "Straight local approaches to fixed junctions; previous road geometry preserved outside endpoint windows.",
          "registration": {
            "method": "Least-squares local affine from ground-road junction controls; no satellite coordinate readout used",
            "pixel_to_local_xy_matrix": [
              [
                0.6358299708262182,
                -0.015182139298409038
              ],
              [
                0.0059933070205737795,
                -0.6649821220004547
              ],
              [
                68.71325445253487,
                751.5544645935769
              ]
            ],
            "control_pixel_xy": [
              [
                295.0,
                336.0
              ],
              [
                477.0,
                282.0
              ],
              [
                532.0,
                462.0
              ],
              [
                626.0,
                244.0
              ]
            ],
            "control_local_xy": [
              [
                257.88,
                525.07
              ],
              [
                374.61,
                553.65
              ],
              [
                409.76,
                436.2
              ],
              [
                467.69,
                581.56
              ]
            ],
            "control_description": [
              "western end of laboratory north road, way992727774/992727789",
              "laboratory middle passage north entrance, way992727758/992727789",
              "laboratory middle passage south entrance, way992727760/992727759",
              "laboratory east road north entrance, way992727789"
            ],
            "control_rmse_m": 2.0175266867840986,
            "accuracy_note": "Hand-drawn paths and screenshot registration carry several-metres uncertainty. Coordinates provide an editable local reconstruction, not a survey."
          },
          "source_segment_ids": [
            "S011"
          ],
          "actual_route_length_measured": false,
          "previous_geometry_basis": "registered satellite redline"
        },
        "notes": [
          "Route geometry and connections corrected using the supplied map annotations.",
          "Distance is accumulated along the corrected polyline as a map estimate, not a measurement from the source activity.",
          "GPS support denotes nearby source samples and does not establish full traversal of the corrected route.",
          "Endpoint approaches are straightened locally with a 3 m maximum shape displacement; points, connectivity, and central road geometry are preserved."
        ],
        "junction_straightening": {
          "previous_geometry_method": "user_satellite_redline_registered",
          "point_coordinates_preserved": true,
          "middle_geometry_preserved": true,
          "approaches": [
            {
              "segment_id": "S011",
              "point_id": "P005",
              "status": "straightened",
              "window_m": 18.0,
              "straight_length_m": 17.6953,
              "maximum_local_offset_m": 1.449,
              "transition_turn_degrees": 17.66
            },
            {
              "segment_id": "S011",
              "point_id": "P010",
              "status": "straightened",
              "window_m": 18.0,
              "straight_length_m": 17.9969,
              "maximum_local_offset_m": 0.1262,
              "transition_turn_degrees": 2.31
            }
          ]
        }
      }
    },
    {
      "type": "Feature",
      "id": "S012",
      "geometry": {
        "type": "LineString",
        "coordinates": [
          [
            116.25945199,
            40.15395241
          ],
          [
            116.2595756,
            40.15382491
          ],
          [
            116.25963425,
            40.15366247
          ],
          [
            116.2597199,
            40.15350574
          ],
          [
            116.25979729,
            40.15338505
          ],
          [
            116.25983081,
            40.15322296
          ],
          [
            116.25985057,
            40.15315902
          ],
          [
            116.25989554,
            40.15300061
          ]
        ]
      },
      "properties": {
        "id": "S012",
        "point_a": "P006",
        "point_b": "P015",
        "directed": false,
        "length_m": 113.69,
        "coordinate_count": 8,
        "geometry_method": "junction_approach_straightening",
        "length_method": "WGS84_geodesic_sum_along_map_corrected_polyline",
        "supporting_gps_sample_count": 85,
        "median_support_offset_m": 6.55,
        "max_support_offset_m": 10.85,
        "is_user_corrected": true,
        "connection_confirmed": true,
        "connection_source": "user_map_annotation",
        "geometry_is_estimate": true,
        "length_is_estimate": true,
        "source_segment_ids": [
          "S012"
        ],
        "correction_notes": "User map annotation correction; straighten local junction approaches at user request.",
        "provenance": {
          "connection_basis": "User supplied actual route annotation.",
          "geometry_basis": "Straight local approaches to fixed junctions; previous road geometry preserved outside endpoint windows.",
          "registration": {
            "method": "Least-squares local affine from ground-road junction controls; no satellite coordinate readout used",
            "pixel_to_local_xy_matrix": [
              [
                0.6358299708262182,
                -0.015182139298409038
              ],
              [
                0.0059933070205737795,
                -0.6649821220004547
              ],
              [
                68.71325445253487,
                751.5544645935769
              ]
            ],
            "control_pixel_xy": [
              [
                295.0,
                336.0
              ],
              [
                477.0,
                282.0
              ],
              [
                532.0,
                462.0
              ],
              [
                626.0,
                244.0
              ]
            ],
            "control_local_xy": [
              [
                257.88,
                525.07
              ],
              [
                374.61,
                553.65
              ],
              [
                409.76,
                436.2
              ],
              [
                467.69,
                581.56
              ]
            ],
            "control_description": [
              "western end of laboratory north road, way992727774/992727789",
              "laboratory middle passage north entrance, way992727758/992727789",
              "laboratory middle passage south entrance, way992727760/992727759",
              "laboratory east road north entrance, way992727789"
            ],
            "control_rmse_m": 2.0175266867840986,
            "accuracy_note": "Hand-drawn paths and screenshot registration carry several-metres uncertainty. Coordinates provide an editable local reconstruction, not a survey."
          },
          "source_segment_ids": [
            "S012"
          ],
          "actual_route_length_measured": false,
          "previous_geometry_basis": "registered satellite redline"
        },
        "notes": [
          "Route geometry and connections corrected using the supplied map annotations.",
          "Distance is accumulated along the corrected polyline as a map estimate, not a measurement from the source activity.",
          "GPS support denotes nearby source samples and does not establish full traversal of the corrected route.",
          "Endpoint approaches are straightened locally with a 3 m maximum shape displacement; points, connectivity, and central road geometry are preserved."
        ],
        "junction_straightening": {
          "previous_geometry_method": "user_satellite_redline_registered",
          "point_coordinates_preserved": true,
          "middle_geometry_preserved": true,
          "approaches": [
            {
              "segment_id": "S012",
              "point_id": "P006",
              "status": "straightened",
              "window_m": 18.0,
              "straight_length_m": 17.6388,
              "maximum_local_offset_m": 1.4985,
              "transition_turn_degrees": 21.16
            },
            {
              "segment_id": "S012",
              "point_id": "P015",
              "status": "straightened",
              "window_m": 18.0,
              "straight_length_m": 17.9957,
              "maximum_local_offset_m": 0.1938,
              "transition_turn_degrees": 1.05
            }
          ]
        }
      }
    },
    {
      "type": "Feature",
      "id": "S013",
      "geometry": {
        "type": "LineString",
        "coordinates": [
          [
            116.25945199,
            40.15395241
          ],
          [
            116.25935227,
            40.15408556
          ],
          [
            116.25917954,
            40.15446075
          ],
          [
            116.25909411,
            40.15468554
          ],
          [
            116.25901057,
            40.15487341
          ],
          [
            116.25896307,
            40.15493611
          ],
          [
            116.25892985,
            40.15496227
          ],
          [
            116.25889098,
            40.15498466
          ],
          [
            116.25881936,
            40.15499673
          ],
          [
            116.2587008,
            40.15499429
          ],
          [
            116.25852087,
            40.15495017
          ],
          [
            116.25827892,
            40.15488086
          ],
          [
            116.25763189,
            40.15471681
          ],
          [
            116.25756858,
            40.15469088
          ],
          [
            116.25748483,
            40.15462565
          ],
          [
            116.25746154,
            40.15457349
          ],
          [
            116.25745013,
            40.15451974
          ],
          [
            116.25746954,
            40.15439456
          ],
          [
            116.25756113,
            40.15419014
          ],
          [
            116.25763608,
            40.15400071
          ],
          [
            116.2577485,
            40.15380253
          ],
          [
            116.25781808,
            40.15364948
          ],
          [
            116.25809069,
            40.15313151
          ],
          [
            116.25817437,
            40.15294411
          ],
          [
            116.25822728,
            40.15284525
          ],
          [
            116.25826126,
            40.15273352
          ],
          [
            116.25834442,
            40.15260588
          ]
        ]
      },
      "properties": {
        "id": "S013",
        "point_a": "P006",
        "point_b": "P020",
        "directed": false,
        "length_m": 492.94,
        "coordinate_count": 27,
        "geometry_method": "junction_approach_straightening",
        "length_method": "WGS84_geodesic_sum_along_map_corrected_polyline",
        "supporting_gps_sample_count": 103,
        "median_support_offset_m": 0.1,
        "max_support_offset_m": 3.07,
        "is_user_corrected": true,
        "connection_confirmed": true,
        "connection_source": "user_map_annotation",
        "geometry_is_estimate": true,
        "length_is_estimate": true,
        "source_segment_ids": [
          "S013"
        ],
        "correction_notes": "User map annotation correction; straighten local junction approaches at user request.",
        "provenance": {
          "connection_basis": "User supplied actual route annotation.",
          "geometry_basis": "Straight local approaches to fixed junctions; previous road geometry preserved outside endpoint windows.",
          "registration": {
            "method": "Least-squares local affine from ground-road junction controls; no satellite coordinate readout used",
            "pixel_to_local_xy_matrix": [
              [
                0.6358299708262182,
                -0.015182139298409038
              ],
              [
                0.0059933070205737795,
                -0.6649821220004547
              ],
              [
                68.71325445253487,
                751.5544645935769
              ]
            ],
            "control_pixel_xy": [
              [
                295.0,
                336.0
              ],
              [
                477.0,
                282.0
              ],
              [
                532.0,
                462.0
              ],
              [
                626.0,
                244.0
              ]
            ],
            "control_local_xy": [
              [
                257.88,
                525.07
              ],
              [
                374.61,
                553.65
              ],
              [
                409.76,
                436.2
              ],
              [
                467.69,
                581.56
              ]
            ],
            "control_description": [
              "western end of laboratory north road, way992727774/992727789",
              "laboratory middle passage north entrance, way992727758/992727789",
              "laboratory middle passage south entrance, way992727760/992727759",
              "laboratory east road north entrance, way992727789"
            ],
            "control_rmse_m": 2.0175266867840986,
            "accuracy_note": "Hand-drawn paths and screenshot registration carry several-metres uncertainty. Coordinates provide an editable local reconstruction, not a survey."
          },
          "source_segment_ids": [
            "S013"
          ],
          "actual_route_length_measured": false,
          "previous_geometry_basis": "registered satellite redline"
        },
        "notes": [
          "Route geometry and connections corrected using the supplied map annotations.",
          "Distance is accumulated along the corrected polyline as a map estimate, not a measurement from the source activity.",
          "GPS support denotes nearby source samples and does not establish full traversal of the corrected route.",
          "Endpoint approaches are straightened locally with a 3 m maximum shape displacement; points, connectivity, and central road geometry are preserved."
        ],
        "junction_straightening": {
          "previous_geometry_method": "user_satellite_redline_registered",
          "point_coordinates_preserved": true,
          "middle_geometry_preserved": true,
          "approaches": [
            {
              "segment_id": "S013",
              "point_id": "P006",
              "status": "straightened",
              "window_m": 18.0,
              "straight_length_m": 17.046,
              "maximum_local_offset_m": 2.6688,
              "transition_turn_degrees": 10.43
            },
            {
              "segment_id": "S013",
              "point_id": "P020",
              "status": "straightened",
              "window_m": 17.5,
              "straight_length_m": 15.8402,
              "maximum_local_offset_m": 2.9781,
              "transition_turn_degrees": 13.43
            }
          ]
        }
      }
    },
    {
      "type": "Feature",
      "id": "S014",
      "geometry": {
        "type": "LineString",
        "coordinates": [
          [
            116.2662192,
            40.15378269
          ],
          [
            116.2655716,
            40.1536181
          ]
        ]
      },
      "properties": {
        "id": "S014",
        "point_a": "P007",
        "point_b": "P008",
        "directed": false,
        "length_m": 58.12,
        "coordinate_count": 2,
        "geometry_method": "user_red_annotation_confirmed_OSM_road_centerline",
        "length_method": "WGS84_geodesic_sum_along_map_corrected_polyline",
        "supporting_gps_sample_count": 15,
        "median_support_offset_m": 8.48,
        "max_support_offset_m": 16.64,
        "is_user_corrected": true,
        "connection_confirmed": true,
        "connection_source": "user_map_annotation",
        "geometry_is_estimate": true,
        "length_is_estimate": true,
        "source_segment_ids": [
          "S014"
        ],
        "correction_notes": "align_P008_and_P016_to_red_main_road",
        "provenance": {
          "connection_basis": "User supplied actual route annotation.",
          "geometry_basis": "user_red_annotation_confirmed_OSM_road_centerline",
          "registration": {
            "source_image": "codex-clipboard-b4957010-7ba7-43a0-a189-3197827c7642.png",
            "control_point_ids": [
              "P016",
              "P008",
              "P007",
              "P012"
            ],
            "control_pixel_xy": [
              [
                82.0,
                169.0
              ],
              [
                368.5,
                53.7
              ],
              [
                446.1,
                55.1
              ],
              [
                461.5,
                104.8
              ]
            ],
            "control_local_xy": [
              [
                468.205,
                579.795
              ],
              [
                687.0,
                668.0
              ],
              [
                746.2,
                666.38
              ],
              [
                757.98,
                629.04
              ]
            ],
            "screen_scale_px_per_m": 1.3098341571972067,
            "screen_x_offset": -531.3133275344729,
            "screen_y_offset": 928.4474690240731,
            "pixel_rmse": 0.22023551712440345,
            "red_P008_circle_pixel": [
              375.5,
              81.5
            ],
            "red_circle_local_xy": [
              692.3115591021684,
              646.6066443376144
            ],
            "snap_basis": "Visible red circle agrees with the shared OSM junction within 2.42 m; exact OSM node is used."
          },
          "source_segment_ids": [
            "S014"
          ],
          "actual_route_length_measured": false
        },
        "notes": [
          "Route geometry and connections corrected using the supplied map annotations.",
          "Distance is accumulated along the corrected polyline as a map estimate, not a measurement from the source activity.",
          "GPS support denotes nearby source samples and does not establish full traversal of the corrected route."
        ]
      }
    },
    {
      "type": "Feature",
      "id": "S015",
      "geometry": {
        "type": "LineString",
        "coordinates": [
          [
            116.2662192,
            40.15378269
          ],
          [
            116.26626113,
            40.15368526
          ],
          [
            116.26631022,
            40.15358149
          ],
          [
            116.26632029,
            40.15354942
          ],
          [
            116.26636112,
            40.15344718
          ]
        ]
      },
      "properties": {
        "id": "S015",
        "point_a": "P007",
        "point_b": "P012",
        "directed": false,
        "length_m": 39.19,
        "coordinate_count": 5,
        "geometry_method": "junction_approach_straightening",
        "length_method": "WGS84_geodesic_sum_along_map_corrected_polyline",
        "supporting_gps_sample_count": 19,
        "median_support_offset_m": 1.97,
        "max_support_offset_m": 7.89,
        "is_user_corrected": true,
        "connection_confirmed": true,
        "connection_source": "osm_basemap_alignment",
        "geometry_is_estimate": true,
        "length_is_estimate": true,
        "source_segment_ids": [
          "S015"
        ],
        "correction_notes": "Network alignment to basemap roads; straighten local junction approaches at user request.",
        "provenance": {
          "connection_basis": "Existing network connection preserved during map registration.",
          "geometry_basis": "Straight local approaches to fixed junctions; previous road geometry preserved outside endpoint windows.",
          "registration": {
            "method": "Heading- and continuity-constrained local map registration; user satellite corrections locked.",
            "max_candidate_offset_m": 18,
            "minimum_heading_abs_cos": 0.72,
            "node_junction_search_radius_m": 12,
            "sample_spacing_m": 3,
            "soft_snap_fraction": 0.9,
            "topology_limited_segments": [
              "S023",
              "S024",
              "S054",
              "S060",
              "S074",
              "S077"
            ]
          },
          "source_segment_ids": [
            "S015"
          ],
          "actual_route_length_measured": false,
          "previous_geometry_basis": "osm_constrained_map_snap"
        },
        "notes": [
          "Matched nearby basemap roads with consistent headings; unmatched portions retain their track shape with shared endpoints reconnected.",
          "Distance is accumulated along the corrected polyline as a map estimate, not a measurement from the source activity.",
          "GPS support denotes nearby source samples and does not establish full traversal of the corrected route.",
          "Endpoint approaches are straightened locally with a 3 m maximum shape displacement; points, connectivity, and central road geometry are preserved."
        ],
        "map_alignment": {
          "id": "S015",
          "matched_sample_fraction": 1.0,
          "source_map_distance_p95_m": 3.31,
          "aligned_map_distance_p95_m": 0.46,
          "registration_scale": 1.0,
          "status": "matched",
          "measurement_scope": "Before junction-approach straightening; retained as historical map-match evidence."
        },
        "junction_straightening": {
          "previous_geometry_method": "osm_constrained_map_snap",
          "point_coordinates_preserved": true,
          "middle_geometry_preserved": true,
          "approaches": [
            {
              "segment_id": "S015",
              "point_id": "P007",
              "status": "straightened",
              "window_m": 11.9366,
              "straight_length_m": 11.3891,
              "maximum_local_offset_m": 0.4828,
              "transition_turn_degrees": 1.67
            },
            {
              "segment_id": "S015",
              "point_id": "P012",
              "status": "straightened",
              "window_m": 11.9366,
              "straight_length_m": 11.8696,
              "maximum_local_offset_m": 0.546,
              "transition_turn_degrees": 3.5
            }
          ]
        }
      }
    },
    {
      "type": "Feature",
      "id": "S016",
      "geometry": {
        "type": "LineString",
        "coordinates": [
          [
            116.2655716,
            40.1536181
          ],
          [
            116.2645855,
            40.1533841
          ],
          [
            116.26306289,
            40.1530228
          ],
          [
            116.2629576,
            40.1529978
          ]
        ]
      },
      "properties": {
        "id": "S016",
        "point_a": "P008",
        "point_b": "P016",
        "directed": false,
        "length_m": 233.13,
        "coordinate_count": 4,
        "geometry_method": "user_red_annotation_confirmed_OSM_road_centerline",
        "length_method": "WGS84_geodesic_sum_along_map_corrected_polyline",
        "supporting_gps_sample_count": 99,
        "median_support_offset_m": 10.35,
        "max_support_offset_m": 17.73,
        "is_user_corrected": true,
        "connection_confirmed": true,
        "connection_source": "user_map_annotation",
        "geometry_is_estimate": true,
        "length_is_estimate": true,
        "source_segment_ids": [
          "S016"
        ],
        "correction_notes": "align_P008_and_P016_to_red_main_road",
        "provenance": {
          "connection_basis": "User supplied actual route annotation.",
          "geometry_basis": "user_red_annotation_confirmed_OSM_road_centerline",
          "registration": {
            "source_image": "codex-clipboard-b4957010-7ba7-43a0-a189-3197827c7642.png",
            "control_point_ids": [
              "P016",
              "P008",
              "P007",
              "P012"
            ],
            "control_pixel_xy": [
              [
                82.0,
                169.0
              ],
              [
                368.5,
                53.7
              ],
              [
                446.1,
                55.1
              ],
              [
                461.5,
                104.8
              ]
            ],
            "control_local_xy": [
              [
                468.205,
                579.795
              ],
              [
                687.0,
                668.0
              ],
              [
                746.2,
                666.38
              ],
              [
                757.98,
                629.04
              ]
            ],
            "screen_scale_px_per_m": 1.3098341571972067,
            "screen_x_offset": -531.3133275344729,
            "screen_y_offset": 928.4474690240731,
            "pixel_rmse": 0.22023551712440345,
            "red_P008_circle_pixel": [
              375.5,
              81.5
            ],
            "red_circle_local_xy": [
              692.3115591021684,
              646.6066443376144
            ],
            "snap_basis": "Visible red circle agrees with the shared OSM junction within 2.42 m; exact OSM node is used."
          },
          "source_segment_ids": [
            "S016"
          ],
          "actual_route_length_measured": false
        },
        "notes": [
          "Route geometry and connections corrected using the supplied map annotations.",
          "Distance is accumulated along the corrected polyline as a map estimate, not a measurement from the source activity.",
          "GPS support denotes nearby source samples and does not establish full traversal of the corrected route."
        ]
      }
    },
    {
      "type": "Feature",
      "id": "S017",
      "geometry": {
        "type": "LineString",
        "coordinates": [
          [
            116.26773748,
            40.15377086
          ],
          [
            116.267922,
            40.15383744
          ],
          [
            116.26811318,
            40.15390339
          ],
          [
            116.26832978,
            40.15397317
          ],
          [
            116.2686861,
            40.1540395
          ]
        ]
      },
      "properties": {
        "id": "S017",
        "point_a": "P009",
        "point_b": "P065",
        "directed": false,
        "length_m": 86.49,
        "coordinate_count": 5,
        "geometry_method": "junction_approach_straightening",
        "length_method": "WGS84_geodesic_sum_along_map_corrected_polyline",
        "supporting_gps_sample_count": 19,
        "median_support_offset_m": 0.2,
        "max_support_offset_m": 5.19,
        "is_user_corrected": true,
        "connection_confirmed": true,
        "connection_source": "user_map_annotation",
        "geometry_is_estimate": true,
        "length_is_estimate": true,
        "source_segment_ids": [
          "S017"
        ],
        "correction_notes": "Two user-annotated junctions; straighten local junction approaches at user request.",
        "provenance": {
          "connection_basis": "User supplied actual route annotation.",
          "geometry_basis": "Straight local approaches to fixed junctions; previous road geometry preserved outside endpoint windows.",
          "registration": {},
          "source_segment_ids": [
            "S017"
          ],
          "actual_route_length_measured": false,
          "previous_geometry_basis": "user_annotated_junction_with_osm"
        },
        "notes": [
          "Route geometry and connections corrected using the supplied map annotations.",
          "Distance is accumulated along the corrected polyline as a map estimate, not a measurement from the source activity.",
          "GPS support denotes nearby source samples and does not establish full traversal of the corrected route.",
          "Endpoint approaches are straightened locally with a 3 m maximum shape displacement; points, connectivity, and central road geometry are preserved."
        ],
        "junction_straightening": {
          "previous_geometry_method": "user_annotated_junction_with_osm",
          "point_coordinates_preserved": true,
          "middle_geometry_preserved": true,
          "approaches": [
            {
              "segment_id": "S017",
              "point_id": "P009",
              "status": "straightened",
              "window_m": 18.0,
              "straight_length_m": 17.3667,
              "maximum_local_offset_m": 1.5795,
              "transition_turn_degrees": 0.98
            }
          ]
        }
      }
    },
    {
      "type": "Feature",
      "id": "S018",
      "geometry": {
        "type": "LineString",
        "coordinates": [
          [
            116.26773748,
            40.15377086
          ],
          [
            116.26753251,
            40.15374198
          ],
          [
            116.26656135,
            40.15349639
          ],
          [
            116.26636112,
            40.15344718
          ]
        ]
      },
      "properties": {
        "id": "S018",
        "point_a": "P009",
        "point_b": "P012",
        "directed": false,
        "length_m": 122.79,
        "coordinate_count": 4,
        "geometry_method": "junction_approach_straightening",
        "length_method": "WGS84_geodesic_sum_along_map_corrected_polyline",
        "supporting_gps_sample_count": 28,
        "median_support_offset_m": 2.11,
        "max_support_offset_m": 5.44,
        "is_user_corrected": true,
        "connection_confirmed": true,
        "connection_source": "osm_basemap_alignment",
        "geometry_is_estimate": true,
        "length_is_estimate": true,
        "source_segment_ids": [
          "S018"
        ],
        "correction_notes": "Network alignment to basemap roads; straighten local junction approaches at user request.",
        "provenance": {
          "connection_basis": "Existing network connection preserved during map registration.",
          "geometry_basis": "Straight local approaches to fixed junctions; previous road geometry preserved outside endpoint windows.",
          "registration": {
            "method": "Heading- and continuity-constrained local map registration; user satellite corrections locked.",
            "max_candidate_offset_m": 18,
            "minimum_heading_abs_cos": 0.72,
            "node_junction_search_radius_m": 12,
            "sample_spacing_m": 3,
            "soft_snap_fraction": 0.9,
            "topology_limited_segments": [
              "S023",
              "S024",
              "S054",
              "S060",
              "S074",
              "S077"
            ]
          },
          "source_segment_ids": [
            "S018"
          ],
          "actual_route_length_measured": false,
          "previous_geometry_basis": "osm_constrained_map_snap"
        },
        "notes": [
          "Matched nearby basemap roads with consistent headings; unmatched portions retain their track shape with shared endpoints reconnected.",
          "Distance is accumulated along the corrected polyline as a map estimate, not a measurement from the source activity.",
          "GPS support denotes nearby source samples and does not establish full traversal of the corrected route.",
          "Endpoint approaches are straightened locally with a 3 m maximum shape displacement; points, connectivity, and central road geometry are preserved."
        ],
        "map_alignment": {
          "id": "S018",
          "matched_sample_fraction": 1.0,
          "source_map_distance_p95_m": 4.22,
          "aligned_map_distance_p95_m": 1.69,
          "registration_scale": 1.0,
          "status": "matched",
          "measurement_scope": "Before junction-approach straightening; retained as historical map-match evidence."
        },
        "junction_straightening": {
          "previous_geometry_method": "osm_constrained_map_snap",
          "point_coordinates_preserved": true,
          "middle_geometry_preserved": true,
          "approaches": [
            {
              "segment_id": "S018",
              "point_id": "P009",
              "status": "straightened",
              "window_m": 18.0,
              "straight_length_m": 17.75,
              "maximum_local_offset_m": 0.9118,
              "transition_turn_degrees": 7.83
            },
            {
              "segment_id": "S018",
              "point_id": "P012",
              "status": "straightened",
              "window_m": 18.0,
              "straight_length_m": 17.9078,
              "maximum_local_offset_m": 0.7622,
              "transition_turn_degrees": 0.48
            }
          ]
        }
      }
    },
    {
      "type": "Feature",
      "id": "S019",
      "geometry": {
        "type": "LineString",
        "coordinates": [
          [
            116.26773748,
            40.15377086
          ],
          [
            116.26768279,
            40.15364959
          ],
          [
            116.26768252,
            40.1536479
          ],
          [
            116.26770983,
            40.15355937
          ],
          [
            116.2679209,
            40.15304294
          ],
          [
            116.26792055,
            40.15302799
          ],
          [
            116.26787394,
            40.15287051
          ]
        ]
      },
      "properties": {
        "id": "S019",
        "point_a": "P009",
        "point_b": "P017",
        "directed": false,
        "length_m": 104.23,
        "coordinate_count": 7,
        "geometry_method": "junction_approach_straightening",
        "length_method": "WGS84_geodesic_sum_along_map_corrected_polyline",
        "supporting_gps_sample_count": 23,
        "median_support_offset_m": 4.2,
        "max_support_offset_m": 6.4,
        "is_user_corrected": true,
        "connection_confirmed": true,
        "connection_source": "osm_basemap_alignment",
        "geometry_is_estimate": true,
        "length_is_estimate": true,
        "source_segment_ids": [
          "S019"
        ],
        "correction_notes": "Network alignment to basemap roads; straighten local junction approaches at user request.",
        "provenance": {
          "connection_basis": "Existing network connection preserved during map registration.",
          "geometry_basis": "Straight local approaches to fixed junctions; previous road geometry preserved outside endpoint windows.",
          "registration": {
            "method": "Heading- and continuity-constrained local map registration; user satellite corrections locked.",
            "max_candidate_offset_m": 18,
            "minimum_heading_abs_cos": 0.72,
            "node_junction_search_radius_m": 12,
            "sample_spacing_m": 3,
            "soft_snap_fraction": 0.9,
            "topology_limited_segments": [
              "S023",
              "S024",
              "S054",
              "S060",
              "S074",
              "S077"
            ]
          },
          "source_segment_ids": [
            "S019"
          ],
          "actual_route_length_measured": false,
          "previous_geometry_basis": "osm_constrained_map_snap"
        },
        "notes": [
          "Matched nearby basemap roads with consistent headings; unmatched portions retain their track shape with shared endpoints reconnected.",
          "Distance is accumulated along the corrected polyline as a map estimate, not a measurement from the source activity.",
          "GPS support denotes nearby source samples and does not establish full traversal of the corrected route.",
          "Endpoint approaches are straightened locally with a 3 m maximum shape displacement; points, connectivity, and central road geometry are preserved."
        ],
        "map_alignment": {
          "id": "S019",
          "matched_sample_fraction": 1.0,
          "source_map_distance_p95_m": 7.41,
          "aligned_map_distance_p95_m": 3.95,
          "registration_scale": 1.0,
          "status": "matched",
          "measurement_scope": "Before junction-approach straightening; retained as historical map-match evidence."
        },
        "junction_straightening": {
          "previous_geometry_method": "osm_constrained_map_snap",
          "point_coordinates_preserved": true,
          "middle_geometry_preserved": true,
          "approaches": [
            {
              "segment_id": "S019",
              "point_id": "P009",
              "status": "straightened",
              "window_m": 14.5,
              "straight_length_m": 14.2444,
              "maximum_local_offset_m": 1.3428,
              "transition_turn_degrees": 12.33
            },
            {
              "segment_id": "S019",
              "point_id": "P017",
              "status": "straightened",
              "window_m": 18.0,
              "straight_length_m": 17.9249,
              "maximum_local_offset_m": 0.7126,
              "transition_turn_degrees": 11.76
            }
          ]
        }
      }
    },
    {
      "type": "Feature",
      "id": "S020",
      "geometry": {
        "type": "LineString",
        "coordinates": [
          [
            116.26108994,
            40.15365708
          ],
          [
            116.26096626,
            40.15351483
          ],
          [
            116.26086444,
            40.15339628
          ],
          [
            116.26079673,
            40.15333308
          ],
          [
            116.26070492,
            40.15318857
          ]
        ]
      },
      "properties": {
        "id": "S020",
        "point_a": "P010",
        "point_b": "P014",
        "directed": false,
        "length_m": 61.69,
        "coordinate_count": 5,
        "geometry_method": "junction_approach_straightening",
        "length_method": "WGS84_geodesic_sum_along_map_corrected_polyline",
        "supporting_gps_sample_count": 23,
        "median_support_offset_m": 7.85,
        "max_support_offset_m": 16.22,
        "is_user_corrected": true,
        "connection_confirmed": true,
        "connection_source": "user_map_annotation",
        "geometry_is_estimate": true,
        "length_is_estimate": true,
        "source_segment_ids": [
          "S020"
        ],
        "correction_notes": "User map annotation correction; straighten local junction approaches at user request.",
        "provenance": {
          "connection_basis": "User supplied actual route annotation.",
          "geometry_basis": "Straight local approaches to fixed junctions; previous road geometry preserved outside endpoint windows.",
          "registration": {
            "method": "Least-squares local affine from ground-road junction controls; no satellite coordinate readout used",
            "pixel_to_local_xy_matrix": [
              [
                0.6358299708262182,
                -0.015182139298409038
              ],
              [
                0.0059933070205737795,
                -0.6649821220004547
              ],
              [
                68.71325445253487,
                751.5544645935769
              ]
            ],
            "control_pixel_xy": [
              [
                295.0,
                336.0
              ],
              [
                477.0,
                282.0
              ],
              [
                532.0,
                462.0
              ],
              [
                626.0,
                244.0
              ]
            ],
            "control_local_xy": [
              [
                257.88,
                525.07
              ],
              [
                374.61,
                553.65
              ],
              [
                409.76,
                436.2
              ],
              [
                467.69,
                581.56
              ]
            ],
            "control_description": [
              "western end of laboratory north road, way992727774/992727789",
              "laboratory middle passage north entrance, way992727758/992727789",
              "laboratory middle passage south entrance, way992727760/992727759",
              "laboratory east road north entrance, way992727789"
            ],
            "control_rmse_m": 2.0175266867840986,
            "accuracy_note": "Hand-drawn paths and screenshot registration carry several-metres uncertainty. Coordinates provide an editable local reconstruction, not a survey."
          },
          "source_segment_ids": [
            "S020"
          ],
          "actual_route_length_measured": false,
          "previous_geometry_basis": "registered satellite redline"
        },
        "notes": [
          "Route geometry and connections corrected using the supplied map annotations.",
          "Distance is accumulated along the corrected polyline as a map estimate, not a measurement from the source activity.",
          "GPS support denotes nearby source samples and does not establish full traversal of the corrected route.",
          "Endpoint approaches are straightened locally with a 3 m maximum shape displacement; points, connectivity, and central road geometry are preserved."
        ],
        "junction_straightening": {
          "previous_geometry_method": "user_satellite_redline_registered",
          "point_coordinates_preserved": true,
          "middle_geometry_preserved": true,
          "approaches": [
            {
              "segment_id": "S020",
              "point_id": "P014",
              "status": "straightened",
              "window_m": 18.0,
              "straight_length_m": 17.8452,
              "maximum_local_offset_m": 0.8516,
              "transition_turn_degrees": 13.43
            }
          ]
        }
      }
    },
    {
      "type": "Feature",
      "id": "S021",
      "geometry": {
        "type": "LineString",
        "coordinates": [
          [
            116.26891963,
            40.15357112
          ],
          [
            116.26893749,
            40.15347728
          ],
          [
            116.26896982,
            40.15340568
          ],
          [
            116.26899634,
            40.15335833
          ],
          [
            116.26903088,
            40.15326797
          ]
        ]
      },
      "properties": {
        "id": "S021",
        "point_a": "P011",
        "point_b": "P013",
        "directed": false,
        "length_m": 35.12,
        "coordinate_count": 5,
        "geometry_method": "junction_approach_straightening",
        "length_method": "WGS84_geodesic_sum_along_map_corrected_polyline",
        "supporting_gps_sample_count": 17,
        "median_support_offset_m": 1.25,
        "max_support_offset_m": 17.72,
        "is_user_corrected": true,
        "connection_confirmed": true,
        "connection_source": "osm_basemap_alignment",
        "geometry_is_estimate": true,
        "length_is_estimate": true,
        "source_segment_ids": [
          "S021"
        ],
        "correction_notes": "Network alignment to basemap roads; straighten local junction approaches at user request.",
        "provenance": {
          "connection_basis": "Existing network connection preserved during map registration.",
          "geometry_basis": "Straight local approaches to fixed junctions; previous road geometry preserved outside endpoint windows.",
          "registration": {
            "method": "Heading- and continuity-constrained local map registration; user satellite corrections locked.",
            "max_candidate_offset_m": 18,
            "minimum_heading_abs_cos": 0.72,
            "node_junction_search_radius_m": 12,
            "sample_spacing_m": 3,
            "soft_snap_fraction": 0.9,
            "topology_limited_segments": [
              "S023",
              "S024",
              "S054",
              "S060",
              "S074",
              "S077"
            ]
          },
          "source_segment_ids": [
            "S021"
          ],
          "actual_route_length_measured": false,
          "previous_geometry_basis": "osm_constrained_map_snap"
        },
        "notes": [
          "Matched nearby basemap roads with consistent headings; unmatched portions retain their track shape with shared endpoints reconnected.",
          "Distance is accumulated along the corrected polyline as a map estimate, not a measurement from the source activity.",
          "GPS support denotes nearby source samples and does not establish full traversal of the corrected route.",
          "Endpoint approaches are straightened locally with a 3 m maximum shape displacement; points, connectivity, and central road geometry are preserved."
        ],
        "map_alignment": {
          "id": "S021",
          "matched_sample_fraction": 1.0,
          "source_map_distance_p95_m": 2.52,
          "aligned_map_distance_p95_m": 1.62,
          "registration_scale": 1.0,
          "status": "matched",
          "measurement_scope": "Before junction-approach straightening; retained as historical map-match evidence."
        },
        "junction_straightening": {
          "previous_geometry_method": "osm_constrained_map_snap",
          "point_coordinates_preserved": true,
          "middle_geometry_preserved": true,
          "approaches": [
            {
              "segment_id": "S021",
              "point_id": "P011",
              "status": "straightened",
              "window_m": 10.5987,
              "straight_length_m": 10.5265,
              "maximum_local_offset_m": 0.4731,
              "transition_turn_degrees": 10.81
            },
            {
              "segment_id": "S021",
              "point_id": "P013",
              "status": "straightened",
              "window_m": 10.5987,
              "straight_length_m": 10.4519,
              "maximum_local_offset_m": 0.8345,
              "transition_turn_degrees": 6.91
            }
          ]
        }
      }
    },
    {
      "type": "Feature",
      "id": "S022",
      "geometry": {
        "type": "LineString",
        "coordinates": [
          [
            116.26636112,
            40.15344718
          ],
          [
            116.26671156,
            40.15260972
          ]
        ]
      },
      "properties": {
        "id": "S022",
        "point_a": "P012",
        "point_b": "P019",
        "directed": false,
        "length_m": 97.67,
        "coordinate_count": 2,
        "geometry_method": "osm_constrained_map_snap",
        "length_method": "WGS84_geodesic_sum_along_map_corrected_polyline",
        "supporting_gps_sample_count": 35,
        "median_support_offset_m": 3.9,
        "max_support_offset_m": 7.96,
        "is_user_corrected": true,
        "connection_confirmed": true,
        "connection_source": "osm_basemap_alignment",
        "geometry_is_estimate": true,
        "length_is_estimate": true,
        "source_segment_ids": [
          "S022"
        ],
        "correction_notes": "Network alignment to basemap roads",
        "provenance": {
          "connection_basis": "Existing network connection preserved during map registration.",
          "geometry_basis": "osm_constrained_map_snap",
          "registration": {
            "method": "Heading- and continuity-constrained local map registration; user satellite corrections locked.",
            "max_candidate_offset_m": 18,
            "minimum_heading_abs_cos": 0.72,
            "node_junction_search_radius_m": 12,
            "sample_spacing_m": 3,
            "soft_snap_fraction": 0.9,
            "topology_limited_segments": [
              "S023",
              "S024",
              "S054",
              "S060",
              "S074",
              "S077"
            ]
          },
          "source_segment_ids": [
            "S022"
          ],
          "actual_route_length_measured": false
        },
        "notes": [
          "Matched nearby basemap roads with consistent headings; unmatched portions retain their track shape with shared endpoints reconnected.",
          "Distance is accumulated along the corrected polyline as a map estimate, not a measurement from the source activity.",
          "GPS support denotes nearby source samples and does not establish full traversal of the corrected route."
        ],
        "map_alignment": {
          "id": "S022",
          "matched_sample_fraction": 1.0,
          "source_map_distance_p95_m": 3.9,
          "aligned_map_distance_p95_m": 0.27,
          "registration_scale": 1.0,
          "status": "matched"
        }
      }
    },
    {
      "type": "Feature",
      "id": "S023",
      "geometry": {
        "type": "LineString",
        "coordinates": [
          [
            116.26903088,
            40.15326797
          ],
          [
            116.26884559,
            40.15320402
          ],
          [
            116.26875036,
            40.15318066
          ],
          [
            116.26824229,
            40.15302656
          ],
          [
            116.26803885,
            40.15297509
          ],
          [
            116.26803501,
            40.15297351
          ],
          [
            116.26787394,
            40.15287051
          ]
        ]
      },
      "properties": {
        "id": "S023",
        "point_a": "P013",
        "point_b": "P017",
        "directed": false,
        "length_m": 108.86,
        "coordinate_count": 7,
        "geometry_method": "junction_approach_straightening",
        "length_method": "WGS84_geodesic_sum_along_map_corrected_polyline",
        "supporting_gps_sample_count": 24,
        "median_support_offset_m": 2.33,
        "max_support_offset_m": 3.69,
        "is_user_corrected": true,
        "connection_confirmed": true,
        "connection_source": "osm_basemap_alignment",
        "geometry_is_estimate": true,
        "length_is_estimate": true,
        "source_segment_ids": [
          "S023"
        ],
        "correction_notes": "Network alignment to basemap roads; straighten local junction approaches at user request.",
        "provenance": {
          "connection_basis": "Existing network connection preserved during map registration.",
          "geometry_basis": "Straight local approaches to fixed junctions; previous road geometry preserved outside endpoint windows.",
          "registration": {
            "method": "Heading- and continuity-constrained local map registration; user satellite corrections locked.",
            "max_candidate_offset_m": 18,
            "minimum_heading_abs_cos": 0.72,
            "node_junction_search_radius_m": 12,
            "sample_spacing_m": 3,
            "soft_snap_fraction": 0.9,
            "topology_limited_segments": [
              "S023",
              "S024",
              "S054",
              "S060",
              "S074",
              "S077"
            ]
          },
          "source_segment_ids": [
            "S023"
          ],
          "actual_route_length_measured": false,
          "previous_geometry_basis": "osm_constrained_map_snap"
        },
        "notes": [
          "Matched nearby basemap roads with consistent headings; unmatched portions retain their track shape with shared endpoints reconnected.",
          "Distance is accumulated along the corrected polyline as a map estimate, not a measurement from the source activity.",
          "GPS support denotes nearby source samples and does not establish full traversal of the corrected route.",
          "Endpoint approaches are straightened locally with a 3 m maximum shape displacement; points, connectivity, and central road geometry are preserved."
        ],
        "map_alignment": {
          "id": "S023",
          "matched_sample_fraction": 1.0,
          "source_map_distance_p95_m": 4.69,
          "aligned_map_distance_p95_m": 2.94,
          "registration_scale": 0.65,
          "status": "matched",
          "measurement_scope": "Before junction-approach straightening; retained as historical map-match evidence."
        },
        "junction_straightening": {
          "previous_geometry_method": "osm_constrained_map_snap",
          "point_coordinates_preserved": true,
          "middle_geometry_preserved": true,
          "approaches": [
            {
              "segment_id": "S023",
              "point_id": "P013",
              "status": "straightened",
              "window_m": 18.0,
              "straight_length_m": 17.3049,
              "maximum_local_offset_m": 1.5426,
              "transition_turn_degrees": 6.48
            },
            {
              "segment_id": "S023",
              "point_id": "P017",
              "status": "straightened",
              "window_m": 18.0,
              "straight_length_m": 17.8581,
              "maximum_local_offset_m": 0.9136,
              "transition_turn_degrees": 11.62
            }
          ]
        }
      }
    },
    {
      "type": "Feature",
      "id": "S024",
      "geometry": {
        "type": "LineString",
        "coordinates": [
          [
            116.26903088,
            40.15326797
          ],
          [
            116.26907014,
            40.15311106
          ],
          [
            116.26914123,
            40.15293871
          ],
          [
            116.26930561,
            40.15257644
          ],
          [
            116.26932538,
            40.15249522
          ],
          [
            116.26930784,
            40.15233698
          ]
        ]
      },
      "properties": {
        "id": "S024",
        "point_a": "P013",
        "point_b": "P024",
        "directed": false,
        "length_m": 107.22,
        "coordinate_count": 6,
        "geometry_method": "junction_approach_straightening",
        "length_method": "WGS84_geodesic_sum_along_map_corrected_polyline",
        "supporting_gps_sample_count": 30,
        "median_support_offset_m": 2.04,
        "max_support_offset_m": 17.89,
        "is_user_corrected": true,
        "connection_confirmed": true,
        "connection_source": "osm_basemap_alignment",
        "geometry_is_estimate": true,
        "length_is_estimate": true,
        "source_segment_ids": [
          "S024"
        ],
        "correction_notes": "Network alignment to basemap roads; straighten local junction approaches at user request.",
        "provenance": {
          "connection_basis": "Existing network connection preserved during map registration.",
          "geometry_basis": "Straight local approaches to fixed junctions; previous road geometry preserved outside endpoint windows.",
          "registration": {
            "method": "Heading- and continuity-constrained local map registration; user satellite corrections locked.",
            "max_candidate_offset_m": 18,
            "minimum_heading_abs_cos": 0.72,
            "node_junction_search_radius_m": 12,
            "sample_spacing_m": 3,
            "soft_snap_fraction": 0.9,
            "topology_limited_segments": [
              "S023",
              "S024",
              "S054",
              "S060",
              "S074",
              "S077"
            ]
          },
          "source_segment_ids": [
            "S024"
          ],
          "actual_route_length_measured": false,
          "previous_geometry_basis": "osm_constrained_map_snap"
        },
        "notes": [
          "Matched nearby basemap roads with consistent headings; unmatched portions retain their track shape with shared endpoints reconnected.",
          "Distance is accumulated along the corrected polyline as a map estimate, not a measurement from the source activity.",
          "GPS support denotes nearby source samples and does not establish full traversal of the corrected route.",
          "Endpoint approaches are straightened locally with a 3 m maximum shape displacement; points, connectivity, and central road geometry are preserved."
        ],
        "map_alignment": {
          "id": "S024",
          "matched_sample_fraction": 1.0,
          "source_map_distance_p95_m": 4.04,
          "aligned_map_distance_p95_m": 2.07,
          "registration_scale": 0.65,
          "status": "matched",
          "measurement_scope": "Before junction-approach straightening; retained as historical map-match evidence."
        },
        "junction_straightening": {
          "previous_geometry_method": "osm_constrained_map_snap",
          "point_coordinates_preserved": true,
          "middle_geometry_preserved": true,
          "approaches": [
            {
              "segment_id": "S024",
              "point_id": "P013",
              "status": "straightened",
              "window_m": 18.0,
              "straight_length_m": 17.7351,
              "maximum_local_offset_m": 1.2561,
              "transition_turn_degrees": 6.7
            },
            {
              "segment_id": "S024",
              "point_id": "P024",
              "status": "straightened",
              "window_m": 18.0,
              "straight_length_m": 17.6277,
              "maximum_local_offset_m": 1.6047,
              "transition_turn_degrees": 15.44
            }
          ]
        }
      }
    },
    {
      "type": "Feature",
      "id": "S025",
      "geometry": {
        "type": "LineString",
        "coordinates": [
          [
            116.26070492,
            40.15318857
          ],
          [
            116.26049901,
            40.15315313
          ],
          [
            116.26040015,
            40.15313233
          ],
          [
            116.26016284,
            40.15306329
          ],
          [
            116.26009683,
            40.15304957
          ],
          [
            116.25989554,
            40.15300061
          ]
        ]
      },
      "properties": {
        "id": "S025",
        "point_a": "P014",
        "point_b": "P015",
        "directed": false,
        "length_m": 72.16,
        "coordinate_count": 6,
        "geometry_method": "junction_approach_straightening",
        "length_method": "WGS84_geodesic_sum_along_map_corrected_polyline",
        "supporting_gps_sample_count": 40,
        "median_support_offset_m": 1.96,
        "max_support_offset_m": 12.95,
        "is_user_corrected": true,
        "connection_confirmed": true,
        "connection_source": "user_map_annotation",
        "geometry_is_estimate": true,
        "length_is_estimate": true,
        "source_segment_ids": [
          "S025"
        ],
        "correction_notes": "User map annotation correction; straighten local junction approaches at user request.",
        "provenance": {
          "connection_basis": "User supplied actual route annotation.",
          "geometry_basis": "Straight local approaches to fixed junctions; previous road geometry preserved outside endpoint windows.",
          "registration": {
            "method": "Least-squares local affine from ground-road junction controls; no satellite coordinate readout used",
            "pixel_to_local_xy_matrix": [
              [
                0.6358299708262182,
                -0.015182139298409038
              ],
              [
                0.0059933070205737795,
                -0.6649821220004547
              ],
              [
                68.71325445253487,
                751.5544645935769
              ]
            ],
            "control_pixel_xy": [
              [
                295.0,
                336.0
              ],
              [
                477.0,
                282.0
              ],
              [
                532.0,
                462.0
              ],
              [
                626.0,
                244.0
              ]
            ],
            "control_local_xy": [
              [
                257.88,
                525.07
              ],
              [
                374.61,
                553.65
              ],
              [
                409.76,
                436.2
              ],
              [
                467.69,
                581.56
              ]
            ],
            "control_description": [
              "western end of laboratory north road, way992727774/992727789",
              "laboratory middle passage north entrance, way992727758/992727789",
              "laboratory middle passage south entrance, way992727760/992727759",
              "laboratory east road north entrance, way992727789"
            ],
            "control_rmse_m": 2.0175266867840986,
            "accuracy_note": "Hand-drawn paths and screenshot registration carry several-metres uncertainty. Coordinates provide an editable local reconstruction, not a survey."
          },
          "source_segment_ids": [
            "S025"
          ],
          "actual_route_length_measured": false,
          "previous_geometry_basis": "registered satellite redline"
        },
        "notes": [
          "Route geometry and connections corrected using the supplied map annotations.",
          "Distance is accumulated along the corrected polyline as a map estimate, not a measurement from the source activity.",
          "GPS support denotes nearby source samples and does not establish full traversal of the corrected route.",
          "Endpoint approaches are straightened locally with a 3 m maximum shape displacement; points, connectivity, and central road geometry are preserved."
        ],
        "junction_straightening": {
          "previous_geometry_method": "user_satellite_redline_registered",
          "point_coordinates_preserved": true,
          "middle_geometry_preserved": true,
          "approaches": [
            {
              "segment_id": "S025",
              "point_id": "P014",
              "status": "straightened",
              "window_m": 18.0,
              "straight_length_m": 17.9735,
              "maximum_local_offset_m": 0.4834,
              "transition_turn_degrees": 2.69
            },
            {
              "segment_id": "S025",
              "point_id": "P015",
              "status": "straightened",
              "window_m": 18.0,
              "straight_length_m": 17.9852,
              "maximum_local_offset_m": 0.364,
              "transition_turn_degrees": 2.43
            }
          ]
        }
      }
    },
    {
      "type": "Feature",
      "id": "S026",
      "geometry": {
        "type": "LineString",
        "coordinates": [
          [
            116.26070492,
            40.15318857
          ],
          [
            116.26067015,
            40.15307521
          ],
          [
            116.26063553,
            40.15295585
          ],
          [
            116.26059384,
            40.1528186
          ],
          [
            116.26053736,
            40.15267555
          ],
          [
            116.26052233,
            40.15262094
          ],
          [
            116.2605049,
            40.15246035
          ]
        ]
      },
      "properties": {
        "id": "S026",
        "point_a": "P014",
        "point_b": "P022",
        "directed": false,
        "length_m": 82.84,
        "coordinate_count": 7,
        "geometry_method": "junction_approach_straightening",
        "length_method": "WGS84_geodesic_sum_along_map_corrected_polyline",
        "supporting_gps_sample_count": 21,
        "median_support_offset_m": 3.62,
        "max_support_offset_m": 6.38,
        "is_user_corrected": true,
        "connection_confirmed": true,
        "connection_source": "user_map_annotation",
        "geometry_is_estimate": true,
        "length_is_estimate": true,
        "source_segment_ids": [
          "S026"
        ],
        "correction_notes": "User map annotation correction; straighten local junction approaches at user request.",
        "provenance": {
          "connection_basis": "User supplied actual route annotation.",
          "geometry_basis": "Straight local approaches to fixed junctions; previous road geometry preserved outside endpoint windows.",
          "registration": {
            "method": "Least-squares local affine from ground-road junction controls; no satellite coordinate readout used",
            "pixel_to_local_xy_matrix": [
              [
                0.6358299708262182,
                -0.015182139298409038
              ],
              [
                0.0059933070205737795,
                -0.6649821220004547
              ],
              [
                68.71325445253487,
                751.5544645935769
              ]
            ],
            "control_pixel_xy": [
              [
                295.0,
                336.0
              ],
              [
                477.0,
                282.0
              ],
              [
                532.0,
                462.0
              ],
              [
                626.0,
                244.0
              ]
            ],
            "control_local_xy": [
              [
                257.88,
                525.07
              ],
              [
                374.61,
                553.65
              ],
              [
                409.76,
                436.2
              ],
              [
                467.69,
                581.56
              ]
            ],
            "control_description": [
              "western end of laboratory north road, way992727774/992727789",
              "laboratory middle passage north entrance, way992727758/992727789",
              "laboratory middle passage south entrance, way992727760/992727759",
              "laboratory east road north entrance, way992727789"
            ],
            "control_rmse_m": 2.0175266867840986,
            "accuracy_note": "Hand-drawn paths and screenshot registration carry several-metres uncertainty. Coordinates provide an editable local reconstruction, not a survey."
          },
          "source_segment_ids": [
            "S026"
          ],
          "actual_route_length_measured": false,
          "previous_geometry_basis": "registered satellite redline"
        },
        "notes": [
          "Route geometry and connections corrected using the supplied map annotations.",
          "Distance is accumulated along the corrected polyline as a map estimate, not a measurement from the source activity.",
          "GPS support denotes nearby source samples and does not establish full traversal of the corrected route.",
          "Endpoint approaches are straightened locally with a 3 m maximum shape displacement; points, connectivity, and central road geometry are preserved."
        ],
        "junction_straightening": {
          "previous_geometry_method": "user_satellite_redline_registered",
          "point_coordinates_preserved": true,
          "middle_geometry_preserved": true,
          "approaches": [
            {
              "segment_id": "S026",
              "point_id": "P022",
              "status": "straightened",
              "window_m": 18.0,
              "straight_length_m": 17.8872,
              "maximum_local_offset_m": 1.0002,
              "transition_turn_degrees": 7.16
            }
          ]
        }
      }
    },
    {
      "type": "Feature",
      "id": "S027",
      "geometry": {
        "type": "LineString",
        "coordinates": [
          [
            116.25989554,
            40.15300061
          ],
          [
            116.25963598,
            40.15292585
          ],
          [
            116.25940533,
            40.15289267
          ],
          [
            116.25919003,
            40.15284134
          ],
          [
            116.25895259,
            40.1527783
          ],
          [
            116.25870702,
            40.15274529
          ],
          [
            116.2585161,
            40.15268489
          ],
          [
            116.25834442,
            40.15260588
          ]
        ]
      },
      "properties": {
        "id": "S027",
        "point_a": "P015",
        "point_b": "P020",
        "directed": false,
        "length_m": 140.13,
        "coordinate_count": 8,
        "geometry_method": "junction_approach_straightening",
        "length_method": "WGS84_geodesic_sum_along_map_corrected_polyline",
        "supporting_gps_sample_count": 29,
        "median_support_offset_m": 5.43,
        "max_support_offset_m": 13.64,
        "is_user_corrected": true,
        "connection_confirmed": true,
        "connection_source": "user_map_annotation",
        "geometry_is_estimate": true,
        "length_is_estimate": true,
        "source_segment_ids": [
          "S027"
        ],
        "correction_notes": "User map annotation correction; straighten local junction approaches at user request.",
        "provenance": {
          "connection_basis": "User supplied actual route annotation.",
          "geometry_basis": "Straight local approaches to fixed junctions; previous road geometry preserved outside endpoint windows.",
          "registration": {
            "method": "Least-squares local affine from ground-road junction controls; no satellite coordinate readout used",
            "pixel_to_local_xy_matrix": [
              [
                0.6358299708262182,
                -0.015182139298409038
              ],
              [
                0.0059933070205737795,
                -0.6649821220004547
              ],
              [
                68.71325445253487,
                751.5544645935769
              ]
            ],
            "control_pixel_xy": [
              [
                295.0,
                336.0
              ],
              [
                477.0,
                282.0
              ],
              [
                532.0,
                462.0
              ],
              [
                626.0,
                244.0
              ]
            ],
            "control_local_xy": [
              [
                257.88,
                525.07
              ],
              [
                374.61,
                553.65
              ],
              [
                409.76,
                436.2
              ],
              [
                467.69,
                581.56
              ]
            ],
            "control_description": [
              "western end of laboratory north road, way992727774/992727789",
              "laboratory middle passage north entrance, way992727758/992727789",
              "laboratory middle passage south entrance, way992727760/992727759",
              "laboratory east road north entrance, way992727789"
            ],
            "control_rmse_m": 2.0175266867840986,
            "accuracy_note": "Hand-drawn paths and screenshot registration carry several-metres uncertainty. Coordinates provide an editable local reconstruction, not a survey."
          },
          "source_segment_ids": [
            "S027"
          ],
          "actual_route_length_measured": false,
          "previous_geometry_basis": "registered satellite redline"
        },
        "notes": [
          "Route geometry and connections corrected using the supplied map annotations.",
          "Distance is accumulated along the corrected polyline as a map estimate, not a measurement from the source activity.",
          "GPS support denotes nearby source samples and does not establish full traversal of the corrected route.",
          "Endpoint approaches are straightened locally with a 3 m maximum shape displacement; points, connectivity, and central road geometry are preserved."
        ],
        "junction_straightening": {
          "previous_geometry_method": "user_satellite_redline_registered",
          "point_coordinates_preserved": true,
          "middle_geometry_preserved": true,
          "approaches": [
            {
              "segment_id": "S027",
              "point_id": "P020",
              "status": "straightened",
              "window_m": 18.0,
              "straight_length_m": 17.0506,
              "maximum_local_offset_m": 2.2098,
              "transition_turn_degrees": 8.55
            }
          ]
        }
      }
    },
    {
      "type": "Feature",
      "id": "S028",
      "geometry": {
        "type": "LineString",
        "coordinates": [
          [
            116.25989554,
            40.15300061
          ],
          [
            116.25992242,
            40.15283987
          ],
          [
            116.25995418,
            40.15271844
          ],
          [
            116.2600481,
            40.15252569
          ],
          [
            116.26010334,
            40.15239328
          ],
          [
            116.26015016,
            40.15225814
          ],
          [
            116.26023664,
            40.15211022
          ]
        ]
      },
      "properties": {
        "id": "S028",
        "point_a": "P015",
        "point_b": "P025",
        "directed": false,
        "length_m": 103.56,
        "coordinate_count": 7,
        "geometry_method": "junction_approach_straightening",
        "length_method": "WGS84_geodesic_sum_along_map_corrected_polyline",
        "supporting_gps_sample_count": 21,
        "median_support_offset_m": 4.2,
        "max_support_offset_m": 8.77,
        "is_user_corrected": true,
        "connection_confirmed": true,
        "connection_source": "user_map_annotation",
        "geometry_is_estimate": true,
        "length_is_estimate": true,
        "source_segment_ids": [
          "S028"
        ],
        "correction_notes": "User map annotation correction; straighten local junction approaches at user request.",
        "provenance": {
          "connection_basis": "User supplied actual route annotation.",
          "geometry_basis": "Straight local approaches to fixed junctions; previous road geometry preserved outside endpoint windows.",
          "registration": {
            "method": "Least-squares local affine from ground-road junction controls; no satellite coordinate readout used",
            "pixel_to_local_xy_matrix": [
              [
                0.6358299708262182,
                -0.015182139298409038
              ],
              [
                0.0059933070205737795,
                -0.6649821220004547
              ],
              [
                68.71325445253487,
                751.5544645935769
              ]
            ],
            "control_pixel_xy": [
              [
                295.0,
                336.0
              ],
              [
                477.0,
                282.0
              ],
              [
                532.0,
                462.0
              ],
              [
                626.0,
                244.0
              ]
            ],
            "control_local_xy": [
              [
                257.88,
                525.07
              ],
              [
                374.61,
                553.65
              ],
              [
                409.76,
                436.2
              ],
              [
                467.69,
                581.56
              ]
            ],
            "control_description": [
              "western end of laboratory north road, way992727774/992727789",
              "laboratory middle passage north entrance, way992727758/992727789",
              "laboratory middle passage south entrance, way992727760/992727759",
              "laboratory east road north entrance, way992727789"
            ],
            "control_rmse_m": 2.0175266867840986,
            "accuracy_note": "Hand-drawn paths and screenshot registration carry several-metres uncertainty. Coordinates provide an editable local reconstruction, not a survey."
          },
          "source_segment_ids": [
            "S028"
          ],
          "actual_route_length_measured": false,
          "previous_geometry_basis": "registered satellite redline"
        },
        "notes": [
          "Route geometry and connections corrected using the supplied map annotations.",
          "Distance is accumulated along the corrected polyline as a map estimate, not a measurement from the source activity.",
          "GPS support denotes nearby source samples and does not establish full traversal of the corrected route.",
          "Endpoint approaches are straightened locally with a 3 m maximum shape displacement; points, connectivity, and central road geometry are preserved."
        ],
        "junction_straightening": {
          "previous_geometry_method": "user_satellite_redline_registered",
          "point_coordinates_preserved": true,
          "middle_geometry_preserved": true,
          "approaches": [
            {
              "segment_id": "S028",
              "point_id": "P015",
              "status": "straightened",
              "window_m": 18.0,
              "straight_length_m": 17.9875,
              "maximum_local_offset_m": 0.2771,
              "transition_turn_degrees": 4.04
            },
            {
              "segment_id": "S028",
              "point_id": "P025",
              "status": "straightened",
              "window_m": 18.0,
              "straight_length_m": 17.9951,
              "maximum_local_offset_m": 0.0588,
              "transition_turn_degrees": 9.28
            }
          ]
        }
      }
    },
    {
      "type": "Feature",
      "id": "S029",
      "geometry": {
        "type": "LineString",
        "coordinates": [
          [
            116.2629576,
            40.1529978
          ],
          [
            116.26276755,
            40.15292689
          ],
          [
            116.26269692,
            40.15290129
          ],
          [
            116.26253307,
            40.15288528
          ],
          [
            116.26242201,
            40.15284469
          ],
          [
            116.26231736,
            40.15285192
          ],
          [
            116.26219084,
            40.15283546
          ],
          [
            116.2620612,
            40.15280775
          ],
          [
            116.26185646,
            40.1527676
          ]
        ]
      },
      "properties": {
        "id": "S029",
        "point_a": "P016",
        "point_b": "P018",
        "directed": false,
        "length_m": 98.57,
        "coordinate_count": 9,
        "geometry_method": "junction_approach_straightening",
        "length_method": "WGS84_geodesic_sum_along_map_corrected_polyline",
        "supporting_gps_sample_count": 66,
        "median_support_offset_m": 4.87,
        "max_support_offset_m": 14.95,
        "is_user_corrected": true,
        "connection_confirmed": true,
        "connection_source": "user_map_annotation",
        "geometry_is_estimate": true,
        "length_is_estimate": true,
        "source_segment_ids": [
          "S029"
        ],
        "correction_notes": "align_P008_and_P016_to_red_main_road; straighten local junction approaches at user request.",
        "provenance": {
          "connection_basis": "User supplied actual route annotation.",
          "geometry_basis": "Straight local approaches to fixed junctions; previous road geometry preserved outside endpoint windows.",
          "registration": {
            "source_image": "codex-clipboard-b4957010-7ba7-43a0-a189-3197827c7642.png",
            "control_point_ids": [
              "P016",
              "P008",
              "P007",
              "P012"
            ],
            "control_pixel_xy": [
              [
                82.0,
                169.0
              ],
              [
                368.5,
                53.7
              ],
              [
                446.1,
                55.1
              ],
              [
                461.5,
                104.8
              ]
            ],
            "control_local_xy": [
              [
                468.205,
                579.795
              ],
              [
                687.0,
                668.0
              ],
              [
                746.2,
                666.38
              ],
              [
                757.98,
                629.04
              ]
            ],
            "screen_scale_px_per_m": 1.3098341571972067,
            "screen_x_offset": -531.3133275344729,
            "screen_y_offset": 928.4474690240731,
            "pixel_rmse": 0.22023551712440345,
            "red_P008_circle_pixel": [
              375.5,
              81.5
            ],
            "red_circle_local_xy": [
              692.3115591021684,
              646.6066443376144
            ],
            "snap_basis": "Visible red circle agrees with the shared OSM junction within 2.42 m; exact OSM node is used."
          },
          "source_segment_ids": [
            "S029"
          ],
          "actual_route_length_measured": false,
          "previous_geometry_basis": "user_red_annotation_confirmed_OSM_road_centerline"
        },
        "notes": [
          "Route geometry and connections corrected using the supplied map annotations.",
          "Distance is accumulated along the corrected polyline as a map estimate, not a measurement from the source activity.",
          "GPS support denotes nearby source samples and does not establish full traversal of the corrected route.",
          "Endpoint approaches are straightened locally with a 3 m maximum shape displacement; points, connectivity, and central road geometry are preserved."
        ],
        "junction_straightening": {
          "previous_geometry_method": "user_red_annotation_confirmed_OSM_road_centerline",
          "point_coordinates_preserved": true,
          "middle_geometry_preserved": true,
          "approaches": [
            {
              "segment_id": "S029",
              "point_id": "P016",
              "status": "straightened",
              "window_m": 18.0,
              "straight_length_m": 17.9994,
              "maximum_local_offset_m": 0.066,
              "transition_turn_degrees": 0.65
            },
            {
              "segment_id": "S029",
              "point_id": "P018",
              "status": "straightened",
              "window_m": 18.0,
              "straight_length_m": 17.9984,
              "maximum_local_offset_m": 0.1064,
              "transition_turn_degrees": 1.23
            }
          ]
        }
      }
    },
    {
      "type": "Feature",
      "id": "S030",
      "geometry": {
        "type": "LineString",
        "coordinates": [
          [
            116.2629576,
            40.1529978
          ],
          [
            116.26299044,
            40.15283772
          ],
          [
            116.26302163,
            40.15273571
          ],
          [
            116.26308473,
            40.15258524
          ],
          [
            116.26316358,
            40.15239865
          ],
          [
            116.26323443,
            40.15223611
          ],
          [
            116.26329047,
            40.15206775
          ],
          [
            116.26330107,
            40.1520402
          ],
          [
            116.26336919,
            40.15188716
          ]
        ]
      },
      "properties": {
        "id": "S030",
        "point_a": "P016",
        "point_b": "P026",
        "directed": false,
        "length_m": 128.43,
        "coordinate_count": 9,
        "geometry_method": "junction_approach_straightening",
        "length_method": "WGS84_geodesic_sum_along_map_corrected_polyline",
        "supporting_gps_sample_count": 50,
        "median_support_offset_m": 2.69,
        "max_support_offset_m": 15.09,
        "is_user_corrected": true,
        "connection_confirmed": true,
        "connection_source": "user_map_annotation",
        "geometry_is_estimate": true,
        "length_is_estimate": true,
        "source_segment_ids": [
          "S030"
        ],
        "correction_notes": "align_P008_and_P016_to_red_main_road; straighten local junction approaches at user request.",
        "provenance": {
          "connection_basis": "User supplied actual route annotation.",
          "geometry_basis": "Straight local approaches to fixed junctions; previous road geometry preserved outside endpoint windows.",
          "registration": {
            "source_image": "codex-clipboard-b4957010-7ba7-43a0-a189-3197827c7642.png",
            "control_point_ids": [
              "P016",
              "P008",
              "P007",
              "P012"
            ],
            "control_pixel_xy": [
              [
                82.0,
                169.0
              ],
              [
                368.5,
                53.7
              ],
              [
                446.1,
                55.1
              ],
              [
                461.5,
                104.8
              ]
            ],
            "control_local_xy": [
              [
                468.205,
                579.795
              ],
              [
                687.0,
                668.0
              ],
              [
                746.2,
                666.38
              ],
              [
                757.98,
                629.04
              ]
            ],
            "screen_scale_px_per_m": 1.3098341571972067,
            "screen_x_offset": -531.3133275344729,
            "screen_y_offset": 928.4474690240731,
            "pixel_rmse": 0.22023551712440345,
            "red_P008_circle_pixel": [
              375.5,
              81.5
            ],
            "red_circle_local_xy": [
              692.3115591021684,
              646.6066443376144
            ],
            "snap_basis": "Visible red circle agrees with the shared OSM junction within 2.42 m; exact OSM node is used."
          },
          "source_segment_ids": [
            "S030"
          ],
          "actual_route_length_measured": false,
          "previous_geometry_basis": "user_red_annotation_confirmed_OSM_road_centerline"
        },
        "notes": [
          "Route geometry and connections corrected using the supplied map annotations.",
          "Distance is accumulated along the corrected polyline as a map estimate, not a measurement from the source activity.",
          "GPS support denotes nearby source samples and does not establish full traversal of the corrected route.",
          "Endpoint approaches are straightened locally with a 3 m maximum shape displacement; points, connectivity, and central road geometry are preserved."
        ],
        "junction_straightening": {
          "previous_geometry_method": "user_red_annotation_confirmed_OSM_road_centerline",
          "point_coordinates_preserved": true,
          "middle_geometry_preserved": true,
          "approaches": [
            {
              "segment_id": "S030",
              "point_id": "P016",
              "status": "straightened",
              "window_m": 18.0,
              "straight_length_m": 17.9876,
              "maximum_local_offset_m": 0.267,
              "transition_turn_degrees": 4.25
            },
            {
              "segment_id": "S030",
              "point_id": "P026",
              "status": "straightened",
              "window_m": 18.0,
              "straight_length_m": 17.9513,
              "maximum_local_offset_m": 0.5714,
              "transition_turn_degrees": 2.42
            }
          ]
        }
      }
    },
    {
      "type": "Feature",
      "id": "S031",
      "geometry": {
        "type": "LineString",
        "coordinates": [
          [
            116.26787394,
            40.15287051
          ],
          [
            116.2676828,
            40.15280164
          ],
          [
            116.26766895,
            40.15279729
          ],
          [
            116.26753253,
            40.15276374
          ],
          [
            116.2674238,
            40.15272869
          ],
          [
            116.26715361,
            40.15265774
          ],
          [
            116.26706629,
            40.15262983
          ],
          [
            116.26682505,
            40.15257099
          ],
          [
            116.26677774,
            40.1525643
          ],
          [
            116.26671156,
            40.15260972
          ]
        ]
      },
      "properties": {
        "id": "S031",
        "point_a": "P017",
        "point_b": "P019",
        "directed": false,
        "length_m": 107.14,
        "coordinate_count": 10,
        "geometry_method": "junction_approach_straightening",
        "length_method": "WGS84_geodesic_sum_along_map_corrected_polyline",
        "supporting_gps_sample_count": 42,
        "median_support_offset_m": 3.8,
        "max_support_offset_m": 8.89,
        "is_user_corrected": true,
        "connection_confirmed": true,
        "connection_source": "osm_basemap_alignment",
        "geometry_is_estimate": true,
        "length_is_estimate": true,
        "source_segment_ids": [
          "S031"
        ],
        "correction_notes": "Network alignment to basemap roads; straighten local junction approaches at user request.",
        "provenance": {
          "connection_basis": "Existing network connection preserved during map registration.",
          "geometry_basis": "Straight local approaches to fixed junctions; previous road geometry preserved outside endpoint windows.",
          "registration": {
            "method": "Heading- and continuity-constrained local map registration; user satellite corrections locked.",
            "max_candidate_offset_m": 18,
            "minimum_heading_abs_cos": 0.72,
            "node_junction_search_radius_m": 12,
            "sample_spacing_m": 3,
            "soft_snap_fraction": 0.9,
            "topology_limited_segments": [
              "S023",
              "S024",
              "S054",
              "S060",
              "S074",
              "S077"
            ]
          },
          "source_segment_ids": [
            "S031"
          ],
          "actual_route_length_measured": false,
          "previous_geometry_basis": "osm_constrained_map_snap"
        },
        "notes": [
          "Matched nearby basemap roads with consistent headings; unmatched portions retain their track shape with shared endpoints reconnected.",
          "Distance is accumulated along the corrected polyline as a map estimate, not a measurement from the source activity.",
          "GPS support denotes nearby source samples and does not establish full traversal of the corrected route.",
          "Endpoint approaches are straightened locally with a 3 m maximum shape displacement; points, connectivity, and central road geometry are preserved."
        ],
        "map_alignment": {
          "id": "S031",
          "matched_sample_fraction": 1.0,
          "source_map_distance_p95_m": 4.36,
          "aligned_map_distance_p95_m": 1.41,
          "registration_scale": 1.0,
          "status": "matched",
          "measurement_scope": "Before junction-approach straightening; retained as historical map-match evidence."
        },
        "junction_straightening": {
          "previous_geometry_method": "osm_constrained_map_snap",
          "point_coordinates_preserved": true,
          "middle_geometry_preserved": true,
          "approaches": [
            {
              "segment_id": "S031",
              "point_id": "P017",
              "status": "straightened",
              "window_m": 18.0,
              "straight_length_m": 17.9862,
              "maximum_local_offset_m": 0.3417,
              "transition_turn_degrees": 2.9
            }
          ]
        }
      }
    },
    {
      "type": "Feature",
      "id": "S032",
      "geometry": {
        "type": "LineString",
        "coordinates": [
          [
            116.26185646,
            40.1527676
          ],
          [
            116.26164796,
            40.15274541
          ],
          [
            116.26155876,
            40.15272923
          ],
          [
            116.26136625,
            40.15265967
          ],
          [
            116.26121041,
            40.15261961
          ],
          [
            116.26101017,
            40.15256211
          ],
          [
            116.26080967,
            40.1525166
          ],
          [
            116.26062382,
            40.15248289
          ],
          [
            116.2605049,
            40.15246035
          ]
        ]
      },
      "properties": {
        "id": "S032",
        "point_a": "P018",
        "point_b": "P022",
        "directed": false,
        "length_m": 120.62,
        "coordinate_count": 9,
        "geometry_method": "junction_approach_straightening",
        "length_method": "WGS84_geodesic_sum_along_map_corrected_polyline",
        "supporting_gps_sample_count": 46,
        "median_support_offset_m": 4.21,
        "max_support_offset_m": 11.35,
        "is_user_corrected": true,
        "connection_confirmed": true,
        "connection_source": "user_map_annotation",
        "geometry_is_estimate": true,
        "length_is_estimate": true,
        "source_segment_ids": [
          "S032"
        ],
        "correction_notes": "User map annotation correction; straighten local junction approaches at user request.",
        "provenance": {
          "connection_basis": "User supplied actual route annotation.",
          "geometry_basis": "Straight local approaches to fixed junctions; previous road geometry preserved outside endpoint windows.",
          "registration": {
            "method": "Least-squares local affine from ground-road junction controls; no satellite coordinate readout used",
            "pixel_to_local_xy_matrix": [
              [
                0.6358299708262182,
                -0.015182139298409038
              ],
              [
                0.0059933070205737795,
                -0.6649821220004547
              ],
              [
                68.71325445253487,
                751.5544645935769
              ]
            ],
            "control_pixel_xy": [
              [
                295.0,
                336.0
              ],
              [
                477.0,
                282.0
              ],
              [
                532.0,
                462.0
              ],
              [
                626.0,
                244.0
              ]
            ],
            "control_local_xy": [
              [
                257.88,
                525.07
              ],
              [
                374.61,
                553.65
              ],
              [
                409.76,
                436.2
              ],
              [
                467.69,
                581.56
              ]
            ],
            "control_description": [
              "western end of laboratory north road, way992727774/992727789",
              "laboratory middle passage north entrance, way992727758/992727789",
              "laboratory middle passage south entrance, way992727760/992727759",
              "laboratory east road north entrance, way992727789"
            ],
            "control_rmse_m": 2.0175266867840986,
            "accuracy_note": "Hand-drawn paths and screenshot registration carry several-metres uncertainty. Coordinates provide an editable local reconstruction, not a survey."
          },
          "source_segment_ids": [
            "S032"
          ],
          "actual_route_length_measured": false,
          "previous_geometry_basis": "registered satellite redline"
        },
        "notes": [
          "Route geometry and connections corrected using the supplied map annotations.",
          "Distance is accumulated along the corrected polyline as a map estimate, not a measurement from the source activity.",
          "GPS support denotes nearby source samples and does not establish full traversal of the corrected route.",
          "Endpoint approaches are straightened locally with a 3 m maximum shape displacement; points, connectivity, and central road geometry are preserved."
        ],
        "junction_straightening": {
          "previous_geometry_method": "user_satellite_redline_registered",
          "point_coordinates_preserved": true,
          "middle_geometry_preserved": true,
          "approaches": [
            {
              "segment_id": "S032",
              "point_id": "P018",
              "status": "straightened",
              "window_m": 18.0,
              "straight_length_m": 17.9291,
              "maximum_local_offset_m": 0.7965,
              "transition_turn_degrees": 5.4
            }
          ]
        }
      }
    },
    {
      "type": "Feature",
      "id": "S033",
      "geometry": {
        "type": "LineString",
        "coordinates": [
          [
            116.26185646,
            40.1527676
          ],
          [
            116.26189693,
            40.15260949
          ],
          [
            116.26192893,
            40.15253318
          ],
          [
            116.26199178,
            40.15239469
          ],
          [
            116.2620477,
            40.15223233
          ],
          [
            116.26212588,
            40.15207568
          ],
          [
            116.26218219,
            40.15189536
          ],
          [
            116.26220827,
            40.15183284
          ],
          [
            116.26229145,
            40.15168445
          ]
        ]
      },
      "properties": {
        "id": "S033",
        "point_a": "P018",
        "point_b": "P027",
        "directed": false,
        "length_m": 126.16,
        "coordinate_count": 9,
        "geometry_method": "junction_approach_straightening",
        "length_method": "WGS84_geodesic_sum_along_map_corrected_polyline",
        "supporting_gps_sample_count": 32,
        "median_support_offset_m": 6.69,
        "max_support_offset_m": 14.15,
        "is_user_corrected": true,
        "connection_confirmed": true,
        "connection_source": "user_map_annotation",
        "geometry_is_estimate": true,
        "length_is_estimate": true,
        "source_segment_ids": [
          "S033"
        ],
        "correction_notes": "User map annotation correction; straighten local junction approaches at user request.",
        "provenance": {
          "connection_basis": "User supplied actual route annotation.",
          "geometry_basis": "Straight local approaches to fixed junctions; previous road geometry preserved outside endpoint windows.",
          "registration": {
            "method": "Least-squares local affine from ground-road junction controls; no satellite coordinate readout used",
            "pixel_to_local_xy_matrix": [
              [
                0.6358299708262182,
                -0.015182139298409038
              ],
              [
                0.0059933070205737795,
                -0.6649821220004547
              ],
              [
                68.71325445253487,
                751.5544645935769
              ]
            ],
            "control_pixel_xy": [
              [
                295.0,
                336.0
              ],
              [
                477.0,
                282.0
              ],
              [
                532.0,
                462.0
              ],
              [
                626.0,
                244.0
              ]
            ],
            "control_local_xy": [
              [
                257.88,
                525.07
              ],
              [
                374.61,
                553.65
              ],
              [
                409.76,
                436.2
              ],
              [
                467.69,
                581.56
              ]
            ],
            "control_description": [
              "western end of laboratory north road, way992727774/992727789",
              "laboratory middle passage north entrance, way992727758/992727789",
              "laboratory middle passage south entrance, way992727760/992727759",
              "laboratory east road north entrance, way992727789"
            ],
            "control_rmse_m": 2.0175266867840986,
            "accuracy_note": "Hand-drawn paths and screenshot registration carry several-metres uncertainty. Coordinates provide an editable local reconstruction, not a survey."
          },
          "source_segment_ids": [
            "S033"
          ],
          "actual_route_length_measured": false,
          "previous_geometry_basis": "registered satellite redline"
        },
        "notes": [
          "Route geometry and connections corrected using the supplied map annotations.",
          "Distance is accumulated along the corrected polyline as a map estimate, not a measurement from the source activity.",
          "GPS support denotes nearby source samples and does not establish full traversal of the corrected route.",
          "Endpoint approaches are straightened locally with a 3 m maximum shape displacement; points, connectivity, and central road geometry are preserved."
        ],
        "junction_straightening": {
          "previous_geometry_method": "user_satellite_redline_registered",
          "point_coordinates_preserved": true,
          "middle_geometry_preserved": true,
          "approaches": [
            {
              "segment_id": "S033",
              "point_id": "P018",
              "status": "straightened",
              "window_m": 18.0,
              "straight_length_m": 17.8854,
              "maximum_local_offset_m": 1.0132,
              "transition_turn_degrees": 6.73
            },
            {
              "segment_id": "S033",
              "point_id": "P027",
              "status": "straightened",
              "window_m": 18.0,
              "straight_length_m": 17.9309,
              "maximum_local_offset_m": 0.7841,
              "transition_turn_degrees": 5.52
            }
          ]
        }
      }
    },
    {
      "type": "Feature",
      "id": "S034",
      "geometry": {
        "type": "LineString",
        "coordinates": [
          [
            116.26671156,
            40.15260972
          ],
          [
            116.26656746,
            40.15257126
          ],
          [
            116.26641023,
            40.1525189
          ],
          [
            116.26640884,
            40.15251798
          ],
          [
            116.266337,
            40.15243761
          ]
        ]
      },
      "properties": {
        "id": "S034",
        "point_a": "P019",
        "point_b": "P021",
        "directed": false,
        "length_m": 38.58,
        "coordinate_count": 5,
        "geometry_method": "junction_approach_straightening",
        "length_method": "WGS84_geodesic_sum_along_map_corrected_polyline",
        "supporting_gps_sample_count": 13,
        "median_support_offset_m": 4.2,
        "max_support_offset_m": 6.43,
        "is_user_corrected": true,
        "connection_confirmed": true,
        "connection_source": "osm_basemap_alignment",
        "geometry_is_estimate": true,
        "length_is_estimate": true,
        "source_segment_ids": [
          "S034"
        ],
        "correction_notes": "Network alignment to basemap roads; straighten local junction approaches at user request.",
        "provenance": {
          "connection_basis": "Existing network connection preserved during map registration.",
          "geometry_basis": "Straight local approaches to fixed junctions; previous road geometry preserved outside endpoint windows.",
          "registration": {
            "method": "Heading- and continuity-constrained local map registration; user satellite corrections locked.",
            "max_candidate_offset_m": 18,
            "minimum_heading_abs_cos": 0.72,
            "node_junction_search_radius_m": 12,
            "sample_spacing_m": 3,
            "soft_snap_fraction": 0.9,
            "topology_limited_segments": [
              "S023",
              "S024",
              "S054",
              "S060",
              "S074",
              "S077"
            ]
          },
          "source_segment_ids": [
            "S034"
          ],
          "actual_route_length_measured": false,
          "previous_geometry_basis": "osm_constrained_map_snap"
        },
        "notes": [
          "Matched nearby basemap roads with consistent headings; unmatched portions retain their track shape with shared endpoints reconnected.",
          "Distance is accumulated along the corrected polyline as a map estimate, not a measurement from the source activity.",
          "GPS support denotes nearby source samples and does not establish full traversal of the corrected route.",
          "Endpoint approaches are straightened locally with a 3 m maximum shape displacement; points, connectivity, and central road geometry are preserved."
        ],
        "map_alignment": {
          "id": "S034",
          "matched_sample_fraction": 1.0,
          "source_map_distance_p95_m": 3.72,
          "aligned_map_distance_p95_m": 2.89,
          "registration_scale": 1.0,
          "status": "matched",
          "measurement_scope": "Before junction-approach straightening; retained as historical map-match evidence."
        },
        "junction_straightening": {
          "previous_geometry_method": "osm_constrained_map_snap",
          "point_coordinates_preserved": true,
          "middle_geometry_preserved": true,
          "approaches": [
            {
              "segment_id": "S034",
              "point_id": "P021",
              "status": "straightened",
              "window_m": 11.0,
              "straight_length_m": 10.8186,
              "maximum_local_offset_m": 0.8237,
              "transition_turn_degrees": 14.9
            }
          ]
        }
      }
    },
    {
      "type": "Feature",
      "id": "S035",
      "geometry": {
        "type": "LineString",
        "coordinates": [
          [
            116.25834442,
            40.15260588
          ],
          [
            116.25841446,
            40.15247929
          ],
          [
            116.25850785,
            40.15231049
          ],
          [
            116.2585779,
            40.1521839
          ],
          [
            116.25865582,
            40.15203924
          ],
          [
            116.25871105,
            40.15190684
          ],
          [
            116.25877269,
            40.15182225
          ],
          [
            116.25892174,
            40.15183246
          ],
          [
            116.25915211,
            40.15187762
          ],
          [
            116.25936009,
            40.15192305
          ],
          [
            116.25955325,
            40.15196267
          ],
          [
            116.25975322,
            40.15203215
          ],
          [
            116.25989494,
            40.15203644
          ],
          [
            116.26005092,
            40.15207051
          ],
          [
            116.26023664,
            40.15211022
          ]
        ]
      },
      "properties": {
        "id": "S035",
        "point_a": "P020",
        "point_b": "P025",
        "directed": false,
        "length_m": 223.98,
        "coordinate_count": 15,
        "geometry_method": "user_satellite_redline_registered",
        "length_method": "WGS84_geodesic_sum_along_map_corrected_polyline",
        "supporting_gps_sample_count": 90,
        "median_support_offset_m": 2.69,
        "max_support_offset_m": 12.07,
        "is_user_corrected": true,
        "connection_confirmed": true,
        "connection_source": "user_map_annotation",
        "geometry_is_estimate": true,
        "length_is_estimate": true,
        "source_segment_ids": [
          "S035"
        ],
        "correction_notes": "User map annotation correction",
        "provenance": {
          "connection_basis": "User supplied actual route annotation.",
          "geometry_basis": "registered satellite redline",
          "registration": {
            "method": "Least-squares local affine from ground-road junction controls; no satellite coordinate readout used",
            "pixel_to_local_xy_matrix": [
              [
                0.6358299708262182,
                -0.015182139298409038
              ],
              [
                0.0059933070205737795,
                -0.6649821220004547
              ],
              [
                68.71325445253487,
                751.5544645935769
              ]
            ],
            "control_pixel_xy": [
              [
                295.0,
                336.0
              ],
              [
                477.0,
                282.0
              ],
              [
                532.0,
                462.0
              ],
              [
                626.0,
                244.0
              ]
            ],
            "control_local_xy": [
              [
                257.88,
                525.07
              ],
              [
                374.61,
                553.65
              ],
              [
                409.76,
                436.2
              ],
              [
                467.69,
                581.56
              ]
            ],
            "control_description": [
              "western end of laboratory north road, way992727774/992727789",
              "laboratory middle passage north entrance, way992727758/992727789",
              "laboratory middle passage south entrance, way992727760/992727759",
              "laboratory east road north entrance, way992727789"
            ],
            "control_rmse_m": 2.0175266867840986,
            "accuracy_note": "Hand-drawn paths and screenshot registration carry several-metres uncertainty. Coordinates provide an editable local reconstruction, not a survey."
          },
          "source_segment_ids": [
            "S035"
          ],
          "actual_route_length_measured": false
        },
        "notes": [
          "Route geometry and connections corrected using the supplied map annotations.",
          "Distance is accumulated along the corrected polyline as a map estimate, not a measurement from the source activity.",
          "GPS support denotes nearby source samples and does not establish full traversal of the corrected route."
        ]
      }
    },
    {
      "type": "Feature",
      "id": "S036",
      "geometry": {
        "type": "LineString",
        "coordinates": [
          [
            116.266337,
            40.15243761
          ],
          [
            116.26613473,
            40.15241089
          ],
          [
            116.26593399,
            40.15235214
          ],
          [
            116.26577808,
            40.15231204
          ],
          [
            116.26569127,
            40.15228463
          ],
          [
            116.26496182,
            40.15208443
          ],
          [
            116.26465661,
            40.15199072
          ],
          [
            116.26452402,
            40.15195447
          ],
          [
            116.2640869,
            40.1518224
          ],
          [
            116.26388714,
            40.1517658
          ],
          [
            116.26362736,
            40.15168068
          ],
          [
            116.26362209,
            40.15167922
          ],
          [
            116.26345033,
            40.15159873
          ]
        ]
      },
      "properties": {
        "id": "S036",
        "point_a": "P021",
        "point_b": "P029",
        "directed": false,
        "length_m": 263.68,
        "coordinate_count": 13,
        "geometry_method": "junction_approach_straightening",
        "length_method": "WGS84_geodesic_sum_along_map_corrected_polyline",
        "supporting_gps_sample_count": 51,
        "median_support_offset_m": 0.07,
        "max_support_offset_m": 2.65,
        "is_user_corrected": true,
        "connection_confirmed": true,
        "connection_source": "user_map_annotation",
        "geometry_is_estimate": true,
        "length_is_estimate": true,
        "source_segment_ids": [
          "S036"
        ],
        "correction_notes": "User map annotation correction; straighten local junction approaches at user request.",
        "provenance": {
          "connection_basis": "User supplied actual route annotation.",
          "geometry_basis": "Straight local approaches to fixed junctions; previous road geometry preserved outside endpoint windows.",
          "registration": {
            "method": "Least-squares local affine from ground-road junction controls; no satellite coordinate readout used",
            "pixel_to_local_xy_matrix": [
              [
                0.6358299708262182,
                -0.015182139298409038
              ],
              [
                0.0059933070205737795,
                -0.6649821220004547
              ],
              [
                68.71325445253487,
                751.5544645935769
              ]
            ],
            "control_pixel_xy": [
              [
                295.0,
                336.0
              ],
              [
                477.0,
                282.0
              ],
              [
                532.0,
                462.0
              ],
              [
                626.0,
                244.0
              ]
            ],
            "control_local_xy": [
              [
                257.88,
                525.07
              ],
              [
                374.61,
                553.65
              ],
              [
                409.76,
                436.2
              ],
              [
                467.69,
                581.56
              ]
            ],
            "control_description": [
              "western end of laboratory north road, way992727774/992727789",
              "laboratory middle passage north entrance, way992727758/992727789",
              "laboratory middle passage south entrance, way992727760/992727759",
              "laboratory east road north entrance, way992727789"
            ],
            "control_rmse_m": 2.0175266867840986,
            "accuracy_note": "Hand-drawn paths and screenshot registration carry several-metres uncertainty. Coordinates provide an editable local reconstruction, not a survey."
          },
          "source_segment_ids": [
            "S036"
          ],
          "actual_route_length_measured": false,
          "previous_geometry_basis": "registered satellite redline"
        },
        "notes": [
          "Route geometry and connections corrected using the supplied map annotations.",
          "Distance is accumulated along the corrected polyline as a map estimate, not a measurement from the source activity.",
          "GPS support denotes nearby source samples and does not establish full traversal of the corrected route.",
          "Endpoint approaches are straightened locally with a 3 m maximum shape displacement; points, connectivity, and central road geometry are preserved."
        ],
        "junction_straightening": {
          "previous_geometry_method": "user_satellite_redline_registered",
          "point_coordinates_preserved": true,
          "middle_geometry_preserved": true,
          "approaches": [
            {
              "segment_id": "S036",
              "point_id": "P021",
              "status": "straightened",
              "window_m": 18.0,
              "straight_length_m": 17.4815,
              "maximum_local_offset_m": 1.7669,
              "transition_turn_degrees": 11.11
            },
            {
              "segment_id": "S036",
              "point_id": "P029",
              "status": "straightened",
              "window_m": 18.0,
              "straight_length_m": 17.1417,
              "maximum_local_offset_m": 2.3075,
              "transition_turn_degrees": 11.6
            }
          ]
        }
      }
    },
    {
      "type": "Feature",
      "id": "S037",
      "geometry": {
        "type": "LineString",
        "coordinates": [
          [
            116.266337,
            40.15243761
          ],
          [
            116.26629632,
            40.15227904
          ],
          [
            116.2662957,
            40.1522772
          ],
          [
            116.26630385,
            40.1522229
          ],
          [
            116.26632016,
            40.15215164
          ],
          [
            116.26638949,
            40.15199751
          ],
          [
            116.26644479,
            40.1518584
          ],
          [
            116.26644502,
            40.1518556
          ],
          [
            116.2664595,
            40.1516962
          ]
        ]
      },
      "properties": {
        "id": "S037",
        "point_a": "P021",
        "point_b": "P030",
        "directed": false,
        "length_m": 84.57,
        "coordinate_count": 9,
        "geometry_method": "junction_approach_straightening",
        "length_method": "WGS84_geodesic_sum_along_map_corrected_polyline",
        "supporting_gps_sample_count": 21,
        "median_support_offset_m": 0.11,
        "max_support_offset_m": 6.47,
        "is_user_corrected": true,
        "connection_confirmed": true,
        "connection_source": "user_map_annotation",
        "geometry_is_estimate": true,
        "length_is_estimate": true,
        "source_segment_ids": [
          "S037"
        ],
        "correction_notes": "Two user-annotated junctions; straighten local junction approaches at user request.",
        "provenance": {
          "connection_basis": "User supplied actual route annotation.",
          "geometry_basis": "Straight local approaches to fixed junctions; previous road geometry preserved outside endpoint windows.",
          "registration": {},
          "source_segment_ids": [
            "S037"
          ],
          "actual_route_length_measured": false,
          "previous_geometry_basis": "user_annotated_junction_with_osm"
        },
        "notes": [
          "Route geometry and connections corrected using the supplied map annotations.",
          "Distance is accumulated along the corrected polyline as a map estimate, not a measurement from the source activity.",
          "GPS support denotes nearby source samples and does not establish full traversal of the corrected route.",
          "Endpoint approaches are straightened locally with a 3 m maximum shape displacement; points, connectivity, and central road geometry are preserved."
        ],
        "junction_straightening": {
          "previous_geometry_method": "user_annotated_junction_with_osm",
          "point_coordinates_preserved": true,
          "middle_geometry_preserved": true,
          "approaches": [
            {
              "segment_id": "S037",
              "point_id": "P021",
              "status": "straightened",
              "window_m": 18.0,
              "straight_length_m": 17.9391,
              "maximum_local_offset_m": 0.6993,
              "transition_turn_degrees": 3.36
            },
            {
              "segment_id": "S037",
              "point_id": "P030",
              "status": "straightened",
              "window_m": 18.0,
              "straight_length_m": 17.7361,
              "maximum_local_offset_m": 1.1565,
              "transition_turn_degrees": 0.36
            }
          ]
        }
      }
    },
    {
      "type": "Feature",
      "id": "S038",
      "geometry": {
        "type": "LineString",
        "coordinates": [
          [
            116.2605049,
            40.15246035
          ],
          [
            116.26049186,
            40.15237666
          ],
          [
            116.2604737,
            40.15224717
          ],
          [
            116.26047447,
            40.15215529
          ]
        ]
      },
      "properties": {
        "id": "S038",
        "point_a": "P022",
        "point_b": "P023",
        "directed": false,
        "length_m": 34.02,
        "coordinate_count": 4,
        "geometry_method": "junction_approach_straightening",
        "length_method": "WGS84_geodesic_sum_along_map_corrected_polyline",
        "supporting_gps_sample_count": 15,
        "median_support_offset_m": 6.14,
        "max_support_offset_m": 7.95,
        "is_user_corrected": true,
        "connection_confirmed": true,
        "connection_source": "user_map_annotation",
        "geometry_is_estimate": true,
        "length_is_estimate": true,
        "source_segment_ids": [
          "S038"
        ],
        "correction_notes": "User map annotation correction; straighten local junction approaches at user request.",
        "provenance": {
          "connection_basis": "User supplied actual route annotation.",
          "geometry_basis": "Straight local approaches to fixed junctions; previous road geometry preserved outside endpoint windows.",
          "registration": {
            "method": "Least-squares local affine from ground-road junction controls; no satellite coordinate readout used",
            "pixel_to_local_xy_matrix": [
              [
                0.6358299708262182,
                -0.015182139298409038
              ],
              [
                0.0059933070205737795,
                -0.6649821220004547
              ],
              [
                68.71325445253487,
                751.5544645935769
              ]
            ],
            "control_pixel_xy": [
              [
                295.0,
                336.0
              ],
              [
                477.0,
                282.0
              ],
              [
                532.0,
                462.0
              ],
              [
                626.0,
                244.0
              ]
            ],
            "control_local_xy": [
              [
                257.88,
                525.07
              ],
              [
                374.61,
                553.65
              ],
              [
                409.76,
                436.2
              ],
              [
                467.69,
                581.56
              ]
            ],
            "control_description": [
              "western end of laboratory north road, way992727774/992727789",
              "laboratory middle passage north entrance, way992727758/992727789",
              "laboratory middle passage south entrance, way992727760/992727759",
              "laboratory east road north entrance, way992727789"
            ],
            "control_rmse_m": 2.0175266867840986,
            "accuracy_note": "Hand-drawn paths and screenshot registration carry several-metres uncertainty. Coordinates provide an editable local reconstruction, not a survey."
          },
          "source_segment_ids": [
            "S038"
          ],
          "actual_route_length_measured": false,
          "previous_geometry_basis": "registered satellite redline"
        },
        "notes": [
          "Route geometry and connections corrected using the supplied map annotations.",
          "Distance is accumulated along the corrected polyline as a map estimate, not a measurement from the source activity.",
          "GPS support denotes nearby source samples and does not establish full traversal of the corrected route.",
          "Endpoint approaches are straightened locally with a 3 m maximum shape displacement; points, connectivity, and central road geometry are preserved."
        ],
        "junction_straightening": {
          "previous_geometry_method": "user_satellite_redline_registered",
          "point_coordinates_preserved": true,
          "middle_geometry_preserved": true,
          "approaches": [
            {
              "segment_id": "S038",
              "point_id": "P023",
              "status": "straightened",
              "window_m": 10.2049,
              "straight_length_m": 10.1986,
              "maximum_local_offset_m": 0.1016,
              "transition_turn_degrees": 6.51
            }
          ]
        }
      }
    },
    {
      "type": "Feature",
      "id": "S039",
      "geometry": {
        "type": "LineString",
        "coordinates": [
          [
            116.2605049,
            40.15246035
          ],
          [
            116.26065354,
            40.15234592
          ],
          [
            116.26070254,
            40.15230228
          ],
          [
            116.26076485,
            40.15218775
          ],
          [
            116.26084343,
            40.15201315
          ],
          [
            116.26085456,
            40.15185132
          ],
          [
            116.26091753,
            40.15170684
          ],
          [
            116.26097223,
            40.15159839
          ],
          [
            116.26107212,
            40.15147144
          ],
          [
            116.2611776,
            40.15142826
          ],
          [
            116.26132719,
            40.15141449
          ],
          [
            116.26151331,
            40.15143623
          ],
          [
            116.26169074,
            40.15151196
          ],
          [
            116.26192003,
            40.15160504
          ],
          [
            116.26208939,
            40.15163714
          ],
          [
            116.26229145,
            40.15168445
          ]
        ]
      },
      "properties": {
        "id": "S039",
        "point_a": "P022",
        "point_b": "P027",
        "directed": false,
        "length_m": 234.25,
        "coordinate_count": 16,
        "geometry_method": "junction_approach_straightening",
        "length_method": "WGS84_geodesic_sum_along_map_corrected_polyline",
        "supporting_gps_sample_count": 86,
        "median_support_offset_m": 9.98,
        "max_support_offset_m": 15.17,
        "is_user_corrected": true,
        "connection_confirmed": true,
        "connection_source": "user_map_annotation",
        "geometry_is_estimate": true,
        "length_is_estimate": true,
        "source_segment_ids": [
          "S039"
        ],
        "correction_notes": "User map annotation correction; straighten local junction approaches at user request.",
        "provenance": {
          "connection_basis": "User supplied actual route annotation.",
          "geometry_basis": "Straight local approaches to fixed junctions; previous road geometry preserved outside endpoint windows.",
          "registration": {
            "method": "Least-squares local affine from ground-road junction controls; no satellite coordinate readout used",
            "pixel_to_local_xy_matrix": [
              [
                0.6358299708262182,
                -0.015182139298409038
              ],
              [
                0.0059933070205737795,
                -0.6649821220004547
              ],
              [
                68.71325445253487,
                751.5544645935769
              ]
            ],
            "control_pixel_xy": [
              [
                295.0,
                336.0
              ],
              [
                477.0,
                282.0
              ],
              [
                532.0,
                462.0
              ],
              [
                626.0,
                244.0
              ]
            ],
            "control_local_xy": [
              [
                257.88,
                525.07
              ],
              [
                374.61,
                553.65
              ],
              [
                409.76,
                436.2
              ],
              [
                467.69,
                581.56
              ]
            ],
            "control_description": [
              "western end of laboratory north road, way992727774/992727789",
              "laboratory middle passage north entrance, way992727758/992727789",
              "laboratory middle passage south entrance, way992727760/992727759",
              "laboratory east road north entrance, way992727789"
            ],
            "control_rmse_m": 2.0175266867840986,
            "accuracy_note": "Hand-drawn paths and screenshot registration carry several-metres uncertainty. Coordinates provide an editable local reconstruction, not a survey."
          },
          "source_segment_ids": [
            "S039"
          ],
          "actual_route_length_measured": false,
          "previous_geometry_basis": "registered satellite redline"
        },
        "notes": [
          "Route geometry and connections corrected using the supplied map annotations.",
          "Distance is accumulated along the corrected polyline as a map estimate, not a measurement from the source activity.",
          "GPS support denotes nearby source samples and does not establish full traversal of the corrected route.",
          "Endpoint approaches are straightened locally with a 3 m maximum shape displacement; points, connectivity, and central road geometry are preserved."
        ],
        "junction_straightening": {
          "previous_geometry_method": "user_satellite_redline_registered",
          "point_coordinates_preserved": true,
          "middle_geometry_preserved": true,
          "approaches": [
            {
              "segment_id": "S039",
              "point_id": "P022",
              "status": "straightened",
              "window_m": 18.0,
              "straight_length_m": 17.9336,
              "maximum_local_offset_m": 0.7616,
              "transition_turn_degrees": 4.16
            },
            {
              "segment_id": "S039",
              "point_id": "P027",
              "status": "straightened",
              "window_m": 18.0,
              "straight_length_m": 17.9939,
              "maximum_local_offset_m": 0.1836,
              "transition_turn_degrees": 3.1
            }
          ]
        }
      }
    },
    {
      "type": "Feature",
      "id": "S040",
      "geometry": {
        "type": "LineString",
        "coordinates": [
          [
            116.26047447,
            40.15215529
          ],
          [
            116.26039275,
            40.1521383
          ],
          [
            116.26031102,
            40.15212131
          ],
          [
            116.26023664,
            40.15211022
          ]
        ]
      },
      "properties": {
        "id": "S040",
        "point_a": "P023",
        "point_b": "P025",
        "directed": false,
        "length_m": 20.88,
        "coordinate_count": 4,
        "geometry_method": "user_satellite_redline_registered",
        "length_method": "WGS84_geodesic_sum_along_map_corrected_polyline",
        "supporting_gps_sample_count": 2,
        "median_support_offset_m": 8.82,
        "max_support_offset_m": 9.31,
        "is_user_corrected": true,
        "connection_confirmed": true,
        "connection_source": "user_map_annotation",
        "geometry_is_estimate": true,
        "length_is_estimate": true,
        "source_segment_ids": [
          "S040"
        ],
        "correction_notes": "User map annotation correction",
        "provenance": {
          "connection_basis": "User supplied actual route annotation.",
          "geometry_basis": "registered satellite redline",
          "registration": {
            "method": "Least-squares local affine from ground-road junction controls; no satellite coordinate readout used",
            "pixel_to_local_xy_matrix": [
              [
                0.6358299708262182,
                -0.015182139298409038
              ],
              [
                0.0059933070205737795,
                -0.6649821220004547
              ],
              [
                68.71325445253487,
                751.5544645935769
              ]
            ],
            "control_pixel_xy": [
              [
                295.0,
                336.0
              ],
              [
                477.0,
                282.0
              ],
              [
                532.0,
                462.0
              ],
              [
                626.0,
                244.0
              ]
            ],
            "control_local_xy": [
              [
                257.88,
                525.07
              ],
              [
                374.61,
                553.65
              ],
              [
                409.76,
                436.2
              ],
              [
                467.69,
                581.56
              ]
            ],
            "control_description": [
              "western end of laboratory north road, way992727774/992727789",
              "laboratory middle passage north entrance, way992727758/992727789",
              "laboratory middle passage south entrance, way992727760/992727759",
              "laboratory east road north entrance, way992727789"
            ],
            "control_rmse_m": 2.0175266867840986,
            "accuracy_note": "Hand-drawn paths and screenshot registration carry several-metres uncertainty. Coordinates provide an editable local reconstruction, not a survey."
          },
          "source_segment_ids": [
            "S040"
          ],
          "actual_route_length_measured": false
        },
        "notes": [
          "Route geometry and connections corrected using the supplied map annotations.",
          "Distance is accumulated along the corrected polyline as a map estimate, not a measurement from the source activity.",
          "GPS support denotes nearby source samples and does not establish full traversal of the corrected route."
        ]
      }
    },
    {
      "type": "Feature",
      "id": "S041",
      "geometry": {
        "type": "LineString",
        "coordinates": [
          [
            116.26047447,
            40.15215529
          ],
          [
            116.26047626,
            40.15199352
          ],
          [
            116.26050404,
            40.15183754
          ],
          [
            116.26055982,
            40.15168117
          ],
          [
            116.26062376,
            40.15149476
          ],
          [
            116.26074251,
            40.15119391
          ],
          [
            116.260852,
            40.15099599
          ],
          [
            116.26094434,
            40.15085015
          ]
        ]
      },
      "properties": {
        "id": "S041",
        "point_a": "P023",
        "point_b": "P033",
        "directed": false,
        "length_m": 151.63,
        "coordinate_count": 8,
        "geometry_method": "junction_approach_straightening",
        "length_method": "WGS84_geodesic_sum_along_map_corrected_polyline",
        "supporting_gps_sample_count": 69,
        "median_support_offset_m": 4.74,
        "max_support_offset_m": 12.15,
        "is_user_corrected": true,
        "connection_confirmed": true,
        "connection_source": "user_map_annotation",
        "geometry_is_estimate": true,
        "length_is_estimate": true,
        "source_segment_ids": [
          "S041"
        ],
        "correction_notes": "User map annotation correction; straighten local junction approaches at user request.",
        "provenance": {
          "connection_basis": "User supplied actual route annotation.",
          "geometry_basis": "Straight local approaches to fixed junctions; previous road geometry preserved outside endpoint windows.",
          "registration": {
            "method": "Least-squares local affine from ground-road junction controls; no satellite coordinate readout used",
            "pixel_to_local_xy_matrix": [
              [
                0.6358299708262182,
                -0.015182139298409038
              ],
              [
                0.0059933070205737795,
                -0.6649821220004547
              ],
              [
                68.71325445253487,
                751.5544645935769
              ]
            ],
            "control_pixel_xy": [
              [
                295.0,
                336.0
              ],
              [
                477.0,
                282.0
              ],
              [
                532.0,
                462.0
              ],
              [
                626.0,
                244.0
              ]
            ],
            "control_local_xy": [
              [
                257.88,
                525.07
              ],
              [
                374.61,
                553.65
              ],
              [
                409.76,
                436.2
              ],
              [
                467.69,
                581.56
              ]
            ],
            "control_description": [
              "western end of laboratory north road, way992727774/992727789",
              "laboratory middle passage north entrance, way992727758/992727789",
              "laboratory middle passage south entrance, way992727760/992727759",
              "laboratory east road north entrance, way992727789"
            ],
            "control_rmse_m": 2.0175266867840986,
            "accuracy_note": "Hand-drawn paths and screenshot registration carry several-metres uncertainty. Coordinates provide an editable local reconstruction, not a survey."
          },
          "source_segment_ids": [
            "S041"
          ],
          "actual_route_length_measured": false,
          "previous_geometry_basis": "registered satellite redline"
        },
        "notes": [
          "Route geometry and connections corrected using the supplied map annotations.",
          "Distance is accumulated along the corrected polyline as a map estimate, not a measurement from the source activity.",
          "GPS support denotes nearby source samples and does not establish full traversal of the corrected route.",
          "Endpoint approaches are straightened locally with a 3 m maximum shape displacement; points, connectivity, and central road geometry are preserved."
        ],
        "junction_straightening": {
          "previous_geometry_method": "user_satellite_redline_registered",
          "point_coordinates_preserved": true,
          "middle_geometry_preserved": true,
          "approaches": [
            {
              "segment_id": "S041",
              "point_id": "P023",
              "status": "straightened",
              "window_m": 18.0,
              "straight_length_m": 17.9579,
              "maximum_local_offset_m": 0.5128,
              "transition_turn_degrees": 7.29
            },
            {
              "segment_id": "S041",
              "point_id": "P033",
              "status": "straightened",
              "window_m": 18.0,
              "straight_length_m": 17.9978,
              "maximum_local_offset_m": 0.0801,
              "transition_turn_degrees": 2.91
            }
          ]
        }
      }
    },
    {
      "type": "Feature",
      "id": "S042",
      "geometry": {
        "type": "LineString",
        "coordinates": [
          [
            116.26930784,
            40.15233698
          ],
          [
            116.26902415,
            40.15225814
          ],
          [
            116.26720404,
            40.15180176
          ],
          [
            116.26716708,
            40.15177754
          ],
          [
            116.26714376,
            40.1516589
          ]
        ]
      },
      "properties": {
        "id": "S042",
        "point_a": "P024",
        "point_b": "P028",
        "directed": false,
        "length_m": 206.32,
        "coordinate_count": 5,
        "geometry_method": "osm_constrained_map_snap",
        "length_method": "WGS84_geodesic_sum_along_map_corrected_polyline",
        "supporting_gps_sample_count": 86,
        "median_support_offset_m": 1.32,
        "max_support_offset_m": 4.12,
        "is_user_corrected": true,
        "connection_confirmed": true,
        "connection_source": "osm_basemap_alignment",
        "geometry_is_estimate": true,
        "length_is_estimate": true,
        "source_segment_ids": [
          "S042"
        ],
        "correction_notes": "Network alignment to basemap roads",
        "provenance": {
          "connection_basis": "Existing network connection preserved during map registration.",
          "geometry_basis": "osm_constrained_map_snap",
          "registration": {
            "method": "Heading- and continuity-constrained local map registration; user satellite corrections locked.",
            "max_candidate_offset_m": 18,
            "minimum_heading_abs_cos": 0.72,
            "node_junction_search_radius_m": 12,
            "sample_spacing_m": 3,
            "soft_snap_fraction": 0.9,
            "topology_limited_segments": [
              "S023",
              "S024",
              "S054",
              "S060",
              "S074",
              "S077"
            ]
          },
          "source_segment_ids": [
            "S042"
          ],
          "actual_route_length_measured": false
        },
        "notes": [
          "Matched nearby basemap roads with consistent headings; unmatched portions retain their track shape with shared endpoints reconnected.",
          "Distance is accumulated along the corrected polyline as a map estimate, not a measurement from the source activity.",
          "GPS support denotes nearby source samples and does not establish full traversal of the corrected route."
        ],
        "map_alignment": {
          "id": "S042",
          "matched_sample_fraction": 1.0,
          "source_map_distance_p95_m": 3.22,
          "aligned_map_distance_p95_m": 1.03,
          "registration_scale": 1.0,
          "status": "matched"
        }
      }
    },
    {
      "type": "Feature",
      "id": "S043",
      "geometry": {
        "type": "LineString",
        "coordinates": [
          [
            116.26930784,
            40.15233698
          ],
          [
            116.26951145,
            40.15237956
          ],
          [
            116.2698293,
            40.15246283
          ],
          [
            116.26995828,
            40.15248718
          ],
          [
            116.26999606,
            40.15248623
          ],
          [
            116.2700431,
            40.15247637
          ],
          [
            116.27007793,
            40.15245004
          ],
          [
            116.2701069,
            40.1524146
          ],
          [
            116.27015653,
            40.15231425
          ],
          [
            116.27072816,
            40.1510218
          ],
          [
            116.27079708,
            40.15086877
          ]
        ]
      },
      "properties": {
        "id": "S043",
        "point_a": "P024",
        "point_b": "P035",
        "directed": false,
        "length_m": 255.55,
        "coordinate_count": 11,
        "geometry_method": "junction_approach_straightening",
        "length_method": "WGS84_geodesic_sum_along_map_corrected_polyline",
        "supporting_gps_sample_count": 56,
        "median_support_offset_m": 2.28,
        "max_support_offset_m": 6.5,
        "is_user_corrected": true,
        "connection_confirmed": true,
        "connection_source": "osm_basemap_alignment",
        "geometry_is_estimate": true,
        "length_is_estimate": true,
        "source_segment_ids": [
          "S043"
        ],
        "correction_notes": "Network alignment to basemap roads; straighten local junction approaches at user request.",
        "provenance": {
          "connection_basis": "Existing network connection preserved during map registration.",
          "geometry_basis": "Straight local approaches to fixed junctions; previous road geometry preserved outside endpoint windows.",
          "registration": {
            "method": "Heading- and continuity-constrained local map registration; user satellite corrections locked.",
            "max_candidate_offset_m": 18,
            "minimum_heading_abs_cos": 0.72,
            "node_junction_search_radius_m": 12,
            "sample_spacing_m": 3,
            "soft_snap_fraction": 0.9,
            "topology_limited_segments": [
              "S023",
              "S024",
              "S054",
              "S060",
              "S074",
              "S077"
            ]
          },
          "source_segment_ids": [
            "S043"
          ],
          "actual_route_length_measured": false,
          "previous_geometry_basis": "osm_constrained_map_snap"
        },
        "notes": [
          "Matched nearby basemap roads with consistent headings; unmatched portions retain their track shape with shared endpoints reconnected.",
          "Distance is accumulated along the corrected polyline as a map estimate, not a measurement from the source activity.",
          "GPS support denotes nearby source samples and does not establish full traversal of the corrected route.",
          "Endpoint approaches are straightened locally with a 3 m maximum shape displacement; points, connectivity, and central road geometry are preserved."
        ],
        "map_alignment": {
          "id": "S043",
          "matched_sample_fraction": 1.0,
          "source_map_distance_p95_m": 7.16,
          "aligned_map_distance_p95_m": 1.17,
          "registration_scale": 1.0,
          "status": "matched",
          "measurement_scope": "Before junction-approach straightening; retained as historical map-match evidence."
        },
        "junction_straightening": {
          "previous_geometry_method": "osm_constrained_map_snap",
          "point_coordinates_preserved": true,
          "middle_geometry_preserved": true,
          "approaches": [
            {
              "segment_id": "S043",
              "point_id": "P024",
              "status": "straightened",
              "window_m": 18.0,
              "straight_length_m": 17.9748,
              "maximum_local_offset_m": 0.4686,
              "transition_turn_degrees": 3.6
            },
            {
              "segment_id": "S043",
              "point_id": "P035",
              "status": "straightened",
              "window_m": 18.0,
              "straight_length_m": 17.9724,
              "maximum_local_offset_m": 0.4198,
              "transition_turn_degrees": 0.32
            }
          ]
        }
      }
    },
    {
      "type": "Feature",
      "id": "S044",
      "geometry": {
        "type": "LineString",
        "coordinates": [
          [
            116.26336919,
            40.15188716
          ],
          [
            116.26316674,
            40.15184549
          ],
          [
            116.26298976,
            40.1518318
          ],
          [
            116.26276672,
            40.15179255
          ],
          [
            116.26251436,
            40.15172969
          ],
          [
            116.26229145,
            40.15168445
          ]
        ]
      },
      "properties": {
        "id": "S044",
        "point_a": "P026",
        "point_b": "P027",
        "directed": false,
        "length_m": 94.77,
        "coordinate_count": 6,
        "geometry_method": "junction_approach_straightening",
        "length_method": "WGS84_geodesic_sum_along_map_corrected_polyline",
        "supporting_gps_sample_count": 8,
        "median_support_offset_m": 15.93,
        "max_support_offset_m": 17.78,
        "is_user_corrected": true,
        "connection_confirmed": true,
        "connection_source": "user_map_annotation",
        "geometry_is_estimate": true,
        "length_is_estimate": true,
        "source_segment_ids": [
          "S044"
        ],
        "correction_notes": "User map annotation correction; straighten local junction approaches at user request.",
        "provenance": {
          "connection_basis": "User supplied actual route annotation.",
          "geometry_basis": "Straight local approaches to fixed junctions; previous road geometry preserved outside endpoint windows.",
          "registration": {
            "method": "Least-squares local affine from ground-road junction controls; no satellite coordinate readout used",
            "pixel_to_local_xy_matrix": [
              [
                0.6358299708262182,
                -0.015182139298409038
              ],
              [
                0.0059933070205737795,
                -0.6649821220004547
              ],
              [
                68.71325445253487,
                751.5544645935769
              ]
            ],
            "control_pixel_xy": [
              [
                295.0,
                336.0
              ],
              [
                477.0,
                282.0
              ],
              [
                532.0,
                462.0
              ],
              [
                626.0,
                244.0
              ]
            ],
            "control_local_xy": [
              [
                257.88,
                525.07
              ],
              [
                374.61,
                553.65
              ],
              [
                409.76,
                436.2
              ],
              [
                467.69,
                581.56
              ]
            ],
            "control_description": [
              "western end of laboratory north road, way992727774/992727789",
              "laboratory middle passage north entrance, way992727758/992727789",
              "laboratory middle passage south entrance, way992727760/992727759",
              "laboratory east road north entrance, way992727789"
            ],
            "control_rmse_m": 2.0175266867840986,
            "accuracy_note": "Hand-drawn paths and screenshot registration carry several-metres uncertainty. Coordinates provide an editable local reconstruction, not a survey."
          },
          "source_segment_ids": [
            "S044"
          ],
          "actual_route_length_measured": false,
          "previous_geometry_basis": "registered satellite redline"
        },
        "notes": [
          "Route geometry and connections corrected using the supplied map annotations.",
          "Distance is accumulated along the corrected polyline as a map estimate, not a measurement from the source activity.",
          "GPS support denotes nearby source samples and does not establish full traversal of the corrected route.",
          "Endpoint approaches are straightened locally with a 3 m maximum shape displacement; points, connectivity, and central road geometry are preserved."
        ],
        "junction_straightening": {
          "previous_geometry_method": "user_satellite_redline_registered",
          "point_coordinates_preserved": true,
          "middle_geometry_preserved": true,
          "approaches": [
            {
              "segment_id": "S044",
              "point_id": "P026",
              "status": "straightened",
              "window_m": 18.0,
              "straight_length_m": 17.8526,
              "maximum_local_offset_m": 0.8012,
              "transition_turn_degrees": 9.26
            }
          ]
        }
      }
    },
    {
      "type": "Feature",
      "id": "S045",
      "geometry": {
        "type": "LineString",
        "coordinates": [
          [
            116.26336919,
            40.15188716
          ],
          [
            116.26341669,
            40.15176681
          ],
          [
            116.2634351,
            40.15168668
          ],
          [
            116.26345033,
            40.15159873
          ]
        ]
      },
      "properties": {
        "id": "S045",
        "point_a": "P026",
        "point_b": "P029",
        "directed": false,
        "length_m": 32.85,
        "coordinate_count": 4,
        "geometry_method": "junction_approach_straightening",
        "length_method": "WGS84_geodesic_sum_along_map_corrected_polyline",
        "supporting_gps_sample_count": 6,
        "median_support_offset_m": 2.91,
        "max_support_offset_m": 5.0,
        "is_user_corrected": true,
        "connection_confirmed": true,
        "connection_source": "user_map_annotation",
        "geometry_is_estimate": true,
        "length_is_estimate": true,
        "source_segment_ids": [
          "S045"
        ],
        "correction_notes": "User map annotation correction; straighten local junction approaches at user request.",
        "provenance": {
          "connection_basis": "User supplied actual route annotation.",
          "geometry_basis": "Straight local approaches to fixed junctions; previous road geometry preserved outside endpoint windows.",
          "registration": {
            "method": "Least-squares local affine from ground-road junction controls; no satellite coordinate readout used",
            "pixel_to_local_xy_matrix": [
              [
                0.6358299708262182,
                -0.015182139298409038
              ],
              [
                0.0059933070205737795,
                -0.6649821220004547
              ],
              [
                68.71325445253487,
                751.5544645935769
              ]
            ],
            "control_pixel_xy": [
              [
                295.0,
                336.0
              ],
              [
                477.0,
                282.0
              ],
              [
                532.0,
                462.0
              ],
              [
                626.0,
                244.0
              ]
            ],
            "control_local_xy": [
              [
                257.88,
                525.07
              ],
              [
                374.61,
                553.65
              ],
              [
                409.76,
                436.2
              ],
              [
                467.69,
                581.56
              ]
            ],
            "control_description": [
              "western end of laboratory north road, way992727774/992727789",
              "laboratory middle passage north entrance, way992727758/992727789",
              "laboratory middle passage south entrance, way992727760/992727759",
              "laboratory east road north entrance, way992727789"
            ],
            "control_rmse_m": 2.0175266867840986,
            "accuracy_note": "Hand-drawn paths and screenshot registration carry several-metres uncertainty. Coordinates provide an editable local reconstruction, not a survey."
          },
          "source_segment_ids": [
            "S045"
          ],
          "actual_route_length_measured": false,
          "previous_geometry_basis": "registered satellite redline"
        },
        "notes": [
          "Route geometry and connections corrected using the supplied map annotations.",
          "Distance is accumulated along the corrected polyline as a map estimate, not a measurement from the source activity.",
          "GPS support denotes nearby source samples and does not establish full traversal of the corrected route.",
          "Endpoint approaches are straightened locally with a 3 m maximum shape displacement; points, connectivity, and central road geometry are preserved."
        ],
        "junction_straightening": {
          "previous_geometry_method": "user_satellite_redline_registered",
          "point_coordinates_preserved": true,
          "middle_geometry_preserved": true,
          "approaches": [
            {
              "segment_id": "S045",
              "point_id": "P029",
              "status": "straightened",
              "window_m": 9.8524,
              "straight_length_m": 9.8482,
              "maximum_local_offset_m": 0.1336,
              "transition_turn_degrees": 2.43
            }
          ]
        }
      }
    },
    {
      "type": "Feature",
      "id": "S046",
      "geometry": {
        "type": "LineString",
        "coordinates": [
          [
            116.26714376,
            40.1516589
          ],
          [
            116.26699226,
            40.15174899
          ],
          [
            116.26698442,
            40.15176051
          ],
          [
            116.26696968,
            40.15177532
          ],
          [
            116.26693134,
            40.15179887
          ],
          [
            116.26690779,
            40.15180471
          ],
          [
            116.26687803,
            40.15179308
          ],
          [
            116.26676583,
            40.15176714
          ],
          [
            116.2664595,
            40.1516962
          ]
        ]
      },
      "properties": {
        "id": "S046",
        "point_a": "P028",
        "point_b": "P030",
        "directed": false,
        "length_m": 66.23,
        "coordinate_count": 9,
        "geometry_method": "junction_approach_straightening",
        "length_method": "WGS84_geodesic_sum_along_map_corrected_polyline",
        "supporting_gps_sample_count": 18,
        "median_support_offset_m": 2.16,
        "max_support_offset_m": 8.07,
        "is_user_corrected": true,
        "connection_confirmed": true,
        "connection_source": "user_map_annotation",
        "geometry_is_estimate": true,
        "length_is_estimate": true,
        "source_segment_ids": [
          "S046"
        ],
        "correction_notes": "Two user-annotated junctions; straighten local junction approaches at user request.",
        "provenance": {
          "connection_basis": "User supplied actual route annotation.",
          "geometry_basis": "Straight local approaches to fixed junctions; previous road geometry preserved outside endpoint windows.",
          "registration": {},
          "source_segment_ids": [
            "S046"
          ],
          "actual_route_length_measured": false,
          "previous_geometry_basis": "user_annotated_junction_with_osm"
        },
        "notes": [
          "Route geometry and connections corrected using the supplied map annotations.",
          "Distance is accumulated along the corrected polyline as a map estimate, not a measurement from the source activity.",
          "GPS support denotes nearby source samples and does not establish full traversal of the corrected route.",
          "Endpoint approaches are straightened locally with a 3 m maximum shape displacement; points, connectivity, and central road geometry are preserved."
        ],
        "junction_straightening": {
          "previous_geometry_method": "user_annotated_junction_with_osm",
          "point_coordinates_preserved": true,
          "middle_geometry_preserved": true,
          "approaches": [
            {
              "segment_id": "S046",
              "point_id": "P028",
              "status": "straightened",
              "window_m": 17.5,
              "straight_length_m": 16.3252,
              "maximum_local_offset_m": 2.9067,
              "transition_turn_degrees": 24.66
            }
          ]
        }
      }
    },
    {
      "type": "Feature",
      "id": "S047",
      "geometry": {
        "type": "LineString",
        "coordinates": [
          [
            116.26714376,
            40.1516589
          ],
          [
            116.26717171,
            40.15149994
          ],
          [
            116.26733103,
            40.15111488
          ],
          [
            116.26736867,
            40.15105001
          ],
          [
            116.26747936,
            40.15091234
          ]
        ]
      },
      "properties": {
        "id": "S047",
        "point_a": "P028",
        "point_b": "P034",
        "directed": false,
        "length_m": 88.52,
        "coordinate_count": 5,
        "geometry_method": "junction_approach_straightening",
        "length_method": "WGS84_geodesic_sum_along_map_corrected_polyline",
        "supporting_gps_sample_count": 53,
        "median_support_offset_m": 3.9,
        "max_support_offset_m": 7.18,
        "is_user_corrected": true,
        "connection_confirmed": true,
        "connection_source": "osm_basemap_alignment",
        "geometry_is_estimate": true,
        "length_is_estimate": true,
        "source_segment_ids": [
          "S047"
        ],
        "correction_notes": "Network alignment to basemap roads; straighten local junction approaches at user request.",
        "provenance": {
          "connection_basis": "Existing network connection preserved during map registration.",
          "geometry_basis": "Straight local approaches to fixed junctions; previous road geometry preserved outside endpoint windows.",
          "registration": {
            "method": "Heading- and continuity-constrained local map registration; user satellite corrections locked.",
            "max_candidate_offset_m": 18,
            "minimum_heading_abs_cos": 0.72,
            "node_junction_search_radius_m": 12,
            "sample_spacing_m": 3,
            "soft_snap_fraction": 0.9,
            "topology_limited_segments": [
              "S023",
              "S024",
              "S054",
              "S060",
              "S074",
              "S077"
            ]
          },
          "source_segment_ids": [
            "S047"
          ],
          "actual_route_length_measured": false,
          "previous_geometry_basis": "osm_constrained_map_snap"
        },
        "notes": [
          "Matched nearby basemap roads with consistent headings; unmatched portions retain their track shape with shared endpoints reconnected.",
          "Distance is accumulated along the corrected polyline as a map estimate, not a measurement from the source activity.",
          "GPS support denotes nearby source samples and does not establish full traversal of the corrected route.",
          "Endpoint approaches are straightened locally with a 3 m maximum shape displacement; points, connectivity, and central road geometry are preserved."
        ],
        "map_alignment": {
          "id": "S047",
          "matched_sample_fraction": 1.0,
          "source_map_distance_p95_m": 3.4,
          "aligned_map_distance_p95_m": 2.17,
          "registration_scale": 1.0,
          "status": "matched",
          "measurement_scope": "Before junction-approach straightening; retained as historical map-match evidence."
        },
        "junction_straightening": {
          "previous_geometry_method": "osm_constrained_map_snap",
          "point_coordinates_preserved": true,
          "middle_geometry_preserved": true,
          "approaches": [
            {
              "segment_id": "S047",
              "point_id": "P028",
              "status": "straightened",
              "window_m": 18.0,
              "straight_length_m": 17.8034,
              "maximum_local_offset_m": 1.2739,
              "transition_turn_degrees": 9.93
            },
            {
              "segment_id": "S047",
              "point_id": "P034",
              "status": "straightened",
              "window_m": 18.0,
              "straight_length_m": 17.9554,
              "maximum_local_offset_m": 0.5217,
              "transition_turn_degrees": 7.67
            }
          ]
        }
      }
    },
    {
      "type": "Feature",
      "id": "S048",
      "geometry": {
        "type": "LineString",
        "coordinates": [
          [
            116.26345033,
            40.15159873
          ],
          [
            116.2632428,
            40.15156869
          ],
          [
            116.26317504,
            40.1515601
          ],
          [
            116.26299,
            40.15149044
          ],
          [
            116.26280497,
            40.1514208
          ],
          [
            116.26261313,
            40.1513635
          ]
        ]
      },
      "properties": {
        "id": "S048",
        "point_a": "P029",
        "point_b": "P031",
        "directed": false,
        "length_m": 76.51,
        "coordinate_count": 6,
        "geometry_method": "junction_approach_straightening",
        "length_method": "WGS84_geodesic_sum_along_map_corrected_polyline",
        "supporting_gps_sample_count": 29,
        "median_support_offset_m": 1.84,
        "max_support_offset_m": 5.39,
        "is_user_corrected": true,
        "connection_confirmed": true,
        "connection_source": "user_map_annotation",
        "geometry_is_estimate": true,
        "length_is_estimate": true,
        "source_segment_ids": [
          "S048"
        ],
        "correction_notes": "User map annotation correction; straighten local junction approaches at user request.",
        "provenance": {
          "connection_basis": "User supplied actual route annotation.",
          "geometry_basis": "Straight local approaches to fixed junctions; previous road geometry preserved outside endpoint windows.",
          "registration": {
            "method": "Least-squares local affine from ground-road junction controls; no satellite coordinate readout used",
            "pixel_to_local_xy_matrix": [
              [
                0.6358299708262182,
                -0.015182139298409038
              ],
              [
                0.0059933070205737795,
                -0.6649821220004547
              ],
              [
                68.71325445253487,
                751.5544645935769
              ]
            ],
            "control_pixel_xy": [
              [
                295.0,
                336.0
              ],
              [
                477.0,
                282.0
              ],
              [
                532.0,
                462.0
              ],
              [
                626.0,
                244.0
              ]
            ],
            "control_local_xy": [
              [
                257.88,
                525.07
              ],
              [
                374.61,
                553.65
              ],
              [
                409.76,
                436.2
              ],
              [
                467.69,
                581.56
              ]
            ],
            "control_description": [
              "western end of laboratory north road, way992727774/992727789",
              "laboratory middle passage north entrance, way992727758/992727789",
              "laboratory middle passage south entrance, way992727760/992727759",
              "laboratory east road north entrance, way992727789"
            ],
            "control_rmse_m": 2.0175266867840986,
            "accuracy_note": "Hand-drawn paths and screenshot registration carry several-metres uncertainty. Coordinates provide an editable local reconstruction, not a survey."
          },
          "source_segment_ids": [
            "S048"
          ],
          "actual_route_length_measured": false,
          "previous_geometry_basis": "registered satellite redline"
        },
        "notes": [
          "Route geometry and connections corrected using the supplied map annotations.",
          "Distance is accumulated along the corrected polyline as a map estimate, not a measurement from the source activity.",
          "GPS support denotes nearby source samples and does not establish full traversal of the corrected route.",
          "Endpoint approaches are straightened locally with a 3 m maximum shape displacement; points, connectivity, and central road geometry are preserved."
        ],
        "junction_straightening": {
          "previous_geometry_method": "user_satellite_redline_registered",
          "point_coordinates_preserved": true,
          "middle_geometry_preserved": true,
          "approaches": [
            {
              "segment_id": "S048",
              "point_id": "P029",
              "status": "straightened",
              "window_m": 18.0,
              "straight_length_m": 17.9886,
              "maximum_local_offset_m": 0.2907,
              "transition_turn_degrees": 1.3
            }
          ]
        }
      }
    },
    {
      "type": "Feature",
      "id": "S049",
      "geometry": {
        "type": "LineString",
        "coordinates": [
          [
            116.26345033,
            40.15159873
          ],
          [
            116.2635947,
            40.15148287
          ],
          [
            116.26359846,
            40.15147982
          ],
          [
            116.26367678,
            40.15138693
          ],
          [
            116.26373332,
            40.15126749
          ],
          [
            116.26379862,
            40.15116947
          ],
          [
            116.26384128,
            40.15106569
          ],
          [
            116.26389702,
            40.15098494
          ],
          [
            116.2639244,
            40.15091444
          ],
          [
            116.2639655,
            40.15084785
          ],
          [
            116.26400885,
            40.15072482
          ],
          [
            116.26404501,
            40.15065726
          ],
          [
            116.26407392,
            40.15058785
          ],
          [
            116.26410058,
            40.15053517
          ],
          [
            116.26415189,
            40.1503786
          ]
        ]
      },
      "properties": {
        "id": "S049",
        "point_a": "P029",
        "point_b": "P040",
        "directed": false,
        "length_m": 150.02,
        "coordinate_count": 15,
        "geometry_method": "junction_approach_straightening",
        "length_method": "WGS84_geodesic_sum_along_map_corrected_polyline",
        "supporting_gps_sample_count": 61,
        "median_support_offset_m": 3.13,
        "max_support_offset_m": 5.44,
        "is_user_corrected": true,
        "connection_confirmed": true,
        "connection_source": "user_map_annotation",
        "geometry_is_estimate": true,
        "length_is_estimate": true,
        "source_segment_ids": [
          "S049"
        ],
        "correction_notes": "User map annotation correction; straighten local junction approaches at user request.",
        "provenance": {
          "connection_basis": "User supplied actual route annotation.",
          "geometry_basis": "Straight local approaches to fixed junctions; previous road geometry preserved outside endpoint windows.",
          "registration": {
            "method": "Least-squares local affine from ground-road junction controls; no satellite coordinate readout used",
            "pixel_to_local_xy_matrix": [
              [
                0.6358299708262182,
                -0.015182139298409038
              ],
              [
                0.0059933070205737795,
                -0.6649821220004547
              ],
              [
                68.71325445253487,
                751.5544645935769
              ]
            ],
            "control_pixel_xy": [
              [
                295.0,
                336.0
              ],
              [
                477.0,
                282.0
              ],
              [
                532.0,
                462.0
              ],
              [
                626.0,
                244.0
              ]
            ],
            "control_local_xy": [
              [
                257.88,
                525.07
              ],
              [
                374.61,
                553.65
              ],
              [
                409.76,
                436.2
              ],
              [
                467.69,
                581.56
              ]
            ],
            "control_description": [
              "western end of laboratory north road, way992727774/992727789",
              "laboratory middle passage north entrance, way992727758/992727789",
              "laboratory middle passage south entrance, way992727760/992727759",
              "laboratory east road north entrance, way992727789"
            ],
            "control_rmse_m": 2.0175266867840986,
            "accuracy_note": "Hand-drawn paths and screenshot registration carry several-metres uncertainty. Coordinates provide an editable local reconstruction, not a survey."
          },
          "source_segment_ids": [
            "S049"
          ],
          "actual_route_length_measured": false,
          "previous_geometry_basis": "registered satellite redline"
        },
        "notes": [
          "Route geometry and connections corrected using the supplied map annotations.",
          "Distance is accumulated along the corrected polyline as a map estimate, not a measurement from the source activity.",
          "GPS support denotes nearby source samples and does not establish full traversal of the corrected route.",
          "Endpoint approaches are straightened locally with a 3 m maximum shape displacement; points, connectivity, and central road geometry are preserved."
        ],
        "junction_straightening": {
          "previous_geometry_method": "user_satellite_redline_registered",
          "point_coordinates_preserved": true,
          "middle_geometry_preserved": true,
          "approaches": [
            {
              "segment_id": "S049",
              "point_id": "P029",
              "status": "straightened",
              "window_m": 18.0,
              "straight_length_m": 17.7928,
              "maximum_local_offset_m": 1.0272,
              "transition_turn_degrees": 0.26
            },
            {
              "segment_id": "S049",
              "point_id": "P040",
              "status": "straightened",
              "window_m": 18.0,
              "straight_length_m": 17.9201,
              "maximum_local_offset_m": 0.722,
              "transition_turn_degrees": 7.1
            }
          ]
        }
      }
    },
    {
      "type": "Feature",
      "id": "S050",
      "geometry": {
        "type": "LineString",
        "coordinates": [
          [
            116.2664595,
            40.1516962
          ],
          [
            116.26655771,
            40.1514677
          ],
          [
            116.26679872,
            40.15089226
          ],
          [
            116.26702703,
            40.15035107
          ],
          [
            116.26713996,
            40.15005762
          ]
        ]
      },
      "properties": {
        "id": "S050",
        "point_a": "P030",
        "point_b": "P044",
        "directed": false,
        "length_m": 190.97,
        "coordinate_count": 5,
        "geometry_method": "user_redline_precise_local_refinement",
        "length_method": "WGS84_geodesic_sum_along_map_corrected_polyline",
        "supporting_gps_sample_count": 90,
        "median_support_offset_m": 2.4,
        "max_support_offset_m": 17.36,
        "is_user_corrected": true,
        "connection_confirmed": true,
        "connection_source": "user_map_annotation",
        "geometry_is_estimate": true,
        "length_is_estimate": true,
        "source_segment_ids": [
          "S050"
        ],
        "correction_notes": "Latest annotated refinements south of the main building and west of the swimming pool",
        "provenance": {
          "connection_basis": "User supplied actual route annotation.",
          "geometry_basis": "user_redline_precise_local_refinement",
          "registration": {
            "method": "Screenshot affine scale and translation from four existing point positions; user redline crossing takes priority over nearby OSM junction.",
            "scale_px_per_m": 1.7512304485074885,
            "origin_pixel": [
              -1364.0127472690995,
              531.9712625509036
            ],
            "fit_rmse_px": 0.08311521105520296,
            "point_P066_basis": "Intersection of centerline fits to red north-south and east-west strokes, independently reviewed.",
            "reference_road_ways": [
              446085861,
              992727774,
              992742374,
              992727780
            ]
          },
          "source_segment_ids": [
            "S050"
          ],
          "actual_route_length_measured": false
        },
        "notes": [
          "Route geometry and connections corrected using the supplied map annotations.",
          "Distance is accumulated along the corrected polyline as a map estimate, not a measurement from the source activity.",
          "GPS support denotes nearby source samples and does not establish full traversal of the corrected route."
        ]
      }
    },
    {
      "type": "Feature",
      "id": "S051",
      "geometry": {
        "type": "LineString",
        "coordinates": [
          [
            116.26261313,
            40.1513635
          ],
          [
            116.26261219,
            40.15136321
          ],
          [
            116.26241984,
            40.15128766
          ],
          [
            116.2622272,
            40.15122409
          ],
          [
            116.26201217,
            40.15116079
          ],
          [
            116.26176754,
            40.15108585
          ],
          [
            116.26150784,
            40.15101709
          ],
          [
            116.26124055,
            40.15095441
          ],
          [
            116.26113754,
            40.1509155
          ],
          [
            116.26094434,
            40.15085015
          ]
        ]
      },
      "properties": {
        "id": "S051",
        "point_a": "P031",
        "point_b": "P033",
        "directed": false,
        "length_m": 153.43,
        "coordinate_count": 10,
        "geometry_method": "junction_approach_straightening",
        "length_method": "WGS84_geodesic_sum_along_map_corrected_polyline",
        "supporting_gps_sample_count": 31,
        "median_support_offset_m": 5.61,
        "max_support_offset_m": 8.81,
        "is_user_corrected": true,
        "connection_confirmed": true,
        "connection_source": "user_map_annotation",
        "geometry_is_estimate": true,
        "length_is_estimate": true,
        "source_segment_ids": [
          "S051"
        ],
        "correction_notes": "User map annotation correction; straighten local junction approaches at user request.",
        "provenance": {
          "connection_basis": "User supplied actual route annotation.",
          "geometry_basis": "Straight local approaches to fixed junctions; previous road geometry preserved outside endpoint windows.",
          "registration": {
            "method": "Least-squares local affine from ground-road junction controls; no satellite coordinate readout used",
            "pixel_to_local_xy_matrix": [
              [
                0.6358299708262182,
                -0.015182139298409038
              ],
              [
                0.0059933070205737795,
                -0.6649821220004547
              ],
              [
                68.71325445253487,
                751.5544645935769
              ]
            ],
            "control_pixel_xy": [
              [
                295.0,
                336.0
              ],
              [
                477.0,
                282.0
              ],
              [
                532.0,
                462.0
              ],
              [
                626.0,
                244.0
              ]
            ],
            "control_local_xy": [
              [
                257.88,
                525.07
              ],
              [
                374.61,
                553.65
              ],
              [
                409.76,
                436.2
              ],
              [
                467.69,
                581.56
              ]
            ],
            "control_description": [
              "western end of laboratory north road, way992727774/992727789",
              "laboratory middle passage north entrance, way992727758/992727789",
              "laboratory middle passage south entrance, way992727760/992727759",
              "laboratory east road north entrance, way992727789"
            ],
            "control_rmse_m": 2.0175266867840986,
            "accuracy_note": "Hand-drawn paths and screenshot registration carry several-metres uncertainty. Coordinates provide an editable local reconstruction, not a survey."
          },
          "source_segment_ids": [
            "S051"
          ],
          "actual_route_length_measured": false,
          "previous_geometry_basis": "registered satellite redline"
        },
        "notes": [
          "Route geometry and connections corrected using the supplied map annotations.",
          "Distance is accumulated along the corrected polyline as a map estimate, not a measurement from the source activity.",
          "GPS support denotes nearby source samples and does not establish full traversal of the corrected route.",
          "Endpoint approaches are straightened locally with a 3 m maximum shape displacement; points, connectivity, and central road geometry are preserved."
        ],
        "junction_straightening": {
          "previous_geometry_method": "user_satellite_redline_registered",
          "point_coordinates_preserved": true,
          "middle_geometry_preserved": true,
          "approaches": [
            {
              "segment_id": "S051",
              "point_id": "P033",
              "status": "straightened",
              "window_m": 18.0,
              "straight_length_m": 17.9833,
              "maximum_local_offset_m": 0.3876,
              "transition_turn_degrees": 2.42
            }
          ]
        }
      }
    },
    {
      "type": "Feature",
      "id": "S052",
      "geometry": {
        "type": "LineString",
        "coordinates": [
          [
            116.26261313,
            40.1513635
          ],
          [
            116.26259717,
            40.15120234
          ],
          [
            116.26262512,
            40.15109005
          ],
          [
            116.26276134,
            40.15076058
          ],
          [
            116.26293371,
            40.15036355
          ],
          [
            116.26304494,
            40.14995512
          ]
        ]
      },
      "properties": {
        "id": "S052",
        "point_a": "P031",
        "point_b": "P047",
        "directed": false,
        "length_m": 161.82,
        "coordinate_count": 6,
        "geometry_method": "junction_approach_straightening",
        "length_method": "WGS84_geodesic_sum_along_map_corrected_polyline",
        "supporting_gps_sample_count": 34,
        "median_support_offset_m": 0.08,
        "max_support_offset_m": 5.18,
        "is_user_corrected": true,
        "connection_confirmed": true,
        "connection_source": "user_map_annotation",
        "geometry_is_estimate": true,
        "length_is_estimate": true,
        "source_segment_ids": [
          "S052"
        ],
        "correction_notes": "User map annotation correction; straighten local junction approaches at user request.",
        "provenance": {
          "connection_basis": "User supplied actual route annotation.",
          "geometry_basis": "Straight local approaches to fixed junctions; previous road geometry preserved outside endpoint windows.",
          "registration": {
            "method": "Least-squares local affine from ground-road junction controls; no satellite coordinate readout used",
            "pixel_to_local_xy_matrix": [
              [
                0.6358299708262182,
                -0.015182139298409038
              ],
              [
                0.0059933070205737795,
                -0.6649821220004547
              ],
              [
                68.71325445253487,
                751.5544645935769
              ]
            ],
            "control_pixel_xy": [
              [
                295.0,
                336.0
              ],
              [
                477.0,
                282.0
              ],
              [
                532.0,
                462.0
              ],
              [
                626.0,
                244.0
              ]
            ],
            "control_local_xy": [
              [
                257.88,
                525.07
              ],
              [
                374.61,
                553.65
              ],
              [
                409.76,
                436.2
              ],
              [
                467.69,
                581.56
              ]
            ],
            "control_description": [
              "western end of laboratory north road, way992727774/992727789",
              "laboratory middle passage north entrance, way992727758/992727789",
              "laboratory middle passage south entrance, way992727760/992727759",
              "laboratory east road north entrance, way992727789"
            ],
            "control_rmse_m": 2.0175266867840986,
            "accuracy_note": "Hand-drawn paths and screenshot registration carry several-metres uncertainty. Coordinates provide an editable local reconstruction, not a survey."
          },
          "source_segment_ids": [
            "S052"
          ],
          "actual_route_length_measured": false,
          "previous_geometry_basis": "registered satellite redline"
        },
        "notes": [
          "Route geometry and connections corrected using the supplied map annotations.",
          "Distance is accumulated along the corrected polyline as a map estimate, not a measurement from the source activity.",
          "GPS support denotes nearby source samples and does not establish full traversal of the corrected route.",
          "Endpoint approaches are straightened locally with a 3 m maximum shape displacement; points, connectivity, and central road geometry are preserved."
        ],
        "junction_straightening": {
          "previous_geometry_method": "user_satellite_redline_registered",
          "point_coordinates_preserved": true,
          "middle_geometry_preserved": true,
          "approaches": [
            {
              "segment_id": "S052",
              "point_id": "P031",
              "status": "straightened",
              "window_m": 18.0,
              "straight_length_m": 17.9398,
              "maximum_local_offset_m": 0.4131,
              "transition_turn_degrees": 15.16
            }
          ]
        }
      }
    },
    {
      "type": "Feature",
      "id": "S053",
      "geometry": {
        "type": "LineString",
        "coordinates": [
          [
            116.2686382,
            40.15107136
          ],
          [
            116.2687058,
            40.15114995
          ],
          [
            116.26870759,
            40.15115246
          ],
          [
            116.26870871,
            40.15116138
          ],
          [
            116.26869337,
            40.15118536
          ],
          [
            116.26866326,
            40.15120113
          ],
          [
            116.2685944,
            40.15119473
          ],
          [
            116.26838938,
            40.15114597
          ],
          [
            116.26776598,
            40.15098309
          ],
          [
            116.26767735,
            40.15096464
          ],
          [
            116.26747936,
            40.15091234
          ]
        ]
      },
      "properties": {
        "id": "S053",
        "point_a": "P032",
        "point_b": "P034",
        "directed": false,
        "length_m": 123.82,
        "coordinate_count": 11,
        "geometry_method": "junction_approach_straightening",
        "length_method": "WGS84_geodesic_sum_along_map_corrected_polyline",
        "supporting_gps_sample_count": 42,
        "median_support_offset_m": 0.74,
        "max_support_offset_m": 7.04,
        "is_user_corrected": true,
        "connection_confirmed": true,
        "connection_source": "osm_basemap_alignment",
        "geometry_is_estimate": true,
        "length_is_estimate": true,
        "source_segment_ids": [
          "S053"
        ],
        "correction_notes": "Network alignment to basemap roads; straighten local junction approaches at user request.",
        "provenance": {
          "connection_basis": "Existing network connection preserved during map registration.",
          "geometry_basis": "Straight local approaches to fixed junctions; previous road geometry preserved outside endpoint windows.",
          "registration": {
            "method": "Heading- and continuity-constrained local map registration; user satellite corrections locked.",
            "max_candidate_offset_m": 18,
            "minimum_heading_abs_cos": 0.72,
            "node_junction_search_radius_m": 12,
            "sample_spacing_m": 3,
            "soft_snap_fraction": 0.9,
            "topology_limited_segments": [
              "S023",
              "S024",
              "S054",
              "S060",
              "S074",
              "S077"
            ]
          },
          "source_segment_ids": [
            "S053"
          ],
          "actual_route_length_measured": false,
          "previous_geometry_basis": "osm_constrained_map_snap"
        },
        "notes": [
          "Matched nearby basemap roads with consistent headings; unmatched portions retain their track shape with shared endpoints reconnected.",
          "Distance is accumulated along the corrected polyline as a map estimate, not a measurement from the source activity.",
          "GPS support denotes nearby source samples and does not establish full traversal of the corrected route.",
          "Endpoint approaches are straightened locally with a 3 m maximum shape displacement; points, connectivity, and central road geometry are preserved."
        ],
        "map_alignment": {
          "id": "S053",
          "matched_sample_fraction": 0.962,
          "source_map_distance_p95_m": 5.34,
          "aligned_map_distance_p95_m": 3.25,
          "registration_scale": 1.0,
          "status": "matched",
          "measurement_scope": "Before junction-approach straightening; retained as historical map-match evidence."
        },
        "junction_straightening": {
          "previous_geometry_method": "osm_constrained_map_snap",
          "point_coordinates_preserved": true,
          "middle_geometry_preserved": true,
          "approaches": [
            {
              "segment_id": "S053",
              "point_id": "P032",
              "status": "straightened",
              "window_m": 10.5,
              "straight_length_m": 10.4529,
              "maximum_local_offset_m": 0.4933,
              "transition_turn_degrees": 4.82
            },
            {
              "segment_id": "S053",
              "point_id": "P034",
              "status": "straightened",
              "window_m": 18.0,
              "straight_length_m": 17.8354,
              "maximum_local_offset_m": 0.8197,
              "transition_turn_degrees": 3.82
            }
          ]
        }
      }
    },
    {
      "type": "Feature",
      "id": "S054",
      "geometry": {
        "type": "LineString",
        "coordinates": [
          [
            116.2686382,
            40.15107136
          ],
          [
            116.26843848,
            40.15101887
          ],
          [
            116.26837215,
            40.15099958
          ],
          [
            116.26801662,
            40.15090572
          ],
          [
            116.26782984,
            40.15084414
          ],
          [
            116.26775881,
            40.1507912
          ],
          [
            116.26773256,
            40.15076059
          ],
          [
            116.26772486,
            40.15071935
          ],
          [
            116.26774103,
            40.15070376
          ],
          [
            116.26778299,
            40.15070775
          ]
        ]
      },
      "properties": {
        "id": "S054",
        "point_a": "P032",
        "point_b": "P036",
        "directed": false,
        "length_m": 96.34,
        "coordinate_count": 10,
        "geometry_method": "junction_approach_straightening",
        "length_method": "WGS84_geodesic_sum_along_map_corrected_polyline",
        "supporting_gps_sample_count": 21,
        "median_support_offset_m": 0.71,
        "max_support_offset_m": 2.56,
        "is_user_corrected": true,
        "connection_confirmed": true,
        "connection_source": "osm_basemap_alignment",
        "geometry_is_estimate": true,
        "length_is_estimate": true,
        "source_segment_ids": [
          "S054"
        ],
        "correction_notes": "Network alignment to basemap roads; straighten local junction approaches at user request.",
        "provenance": {
          "connection_basis": "Existing network connection preserved during map registration.",
          "geometry_basis": "Straight local approaches to fixed junctions; previous road geometry preserved outside endpoint windows.",
          "registration": {
            "method": "Heading- and continuity-constrained local map registration; user satellite corrections locked.",
            "max_candidate_offset_m": 18,
            "minimum_heading_abs_cos": 0.72,
            "node_junction_search_radius_m": 12,
            "sample_spacing_m": 3,
            "soft_snap_fraction": 0.9,
            "topology_limited_segments": [
              "S023",
              "S024",
              "S054",
              "S060",
              "S074",
              "S077"
            ]
          },
          "source_segment_ids": [
            "S054"
          ],
          "actual_route_length_measured": false,
          "previous_geometry_basis": "osm_constrained_map_snap"
        },
        "notes": [
          "Matched nearby basemap roads with consistent headings; unmatched portions retain their track shape with shared endpoints reconnected.",
          "Distance is accumulated along the corrected polyline as a map estimate, not a measurement from the source activity.",
          "GPS support denotes nearby source samples and does not establish full traversal of the corrected route.",
          "Endpoint approaches are straightened locally with a 3 m maximum shape displacement; points, connectivity, and central road geometry are preserved."
        ],
        "map_alignment": {
          "id": "S054",
          "matched_sample_fraction": 0.976,
          "source_map_distance_p95_m": 7.41,
          "aligned_map_distance_p95_m": 7.0,
          "registration_scale": 0.179,
          "status": "matched",
          "measurement_scope": "Before junction-approach straightening; retained as historical map-match evidence."
        },
        "junction_straightening": {
          "previous_geometry_method": "osm_constrained_map_snap",
          "point_coordinates_preserved": true,
          "middle_geometry_preserved": true,
          "approaches": [
            {
              "segment_id": "S054",
              "point_id": "P032",
              "status": "straightened",
              "window_m": 18.0,
              "straight_length_m": 17.9812,
              "maximum_local_offset_m": 0.3876,
              "transition_turn_degrees": 1.85
            }
          ]
        }
      }
    },
    {
      "type": "Feature",
      "id": "S055",
      "geometry": {
        "type": "LineString",
        "coordinates": [
          [
            116.2686382,
            40.15107136
          ],
          [
            116.26879659,
            40.15099118
          ],
          [
            116.26879717,
            40.15099065
          ],
          [
            116.26885076,
            40.15088937
          ],
          [
            116.26901268,
            40.15052873
          ]
        ]
      },
      "properties": {
        "id": "S055",
        "point_a": "P032",
        "point_b": "P039",
        "directed": false,
        "length_m": 70.74,
        "coordinate_count": 5,
        "geometry_method": "junction_approach_straightening",
        "length_method": "WGS84_geodesic_sum_along_map_corrected_polyline",
        "supporting_gps_sample_count": 28,
        "median_support_offset_m": 5.46,
        "max_support_offset_m": 10.58,
        "is_user_corrected": true,
        "connection_confirmed": true,
        "connection_source": "osm_basemap_alignment",
        "geometry_is_estimate": true,
        "length_is_estimate": true,
        "source_segment_ids": [
          "S055"
        ],
        "correction_notes": "Network alignment to basemap roads; straighten local junction approaches at user request.",
        "provenance": {
          "connection_basis": "Existing network connection preserved during map registration.",
          "geometry_basis": "Straight local approaches to fixed junctions; previous road geometry preserved outside endpoint windows.",
          "registration": {
            "method": "Heading- and continuity-constrained local map registration; user satellite corrections locked.",
            "max_candidate_offset_m": 18,
            "minimum_heading_abs_cos": 0.72,
            "node_junction_search_radius_m": 12,
            "sample_spacing_m": 3,
            "soft_snap_fraction": 0.9,
            "topology_limited_segments": [
              "S023",
              "S024",
              "S054",
              "S060",
              "S074",
              "S077"
            ]
          },
          "source_segment_ids": [
            "S055"
          ],
          "actual_route_length_measured": false,
          "previous_geometry_basis": "osm_constrained_map_snap"
        },
        "notes": [
          "Matched nearby basemap roads with consistent headings; unmatched portions retain their track shape with shared endpoints reconnected.",
          "Distance is accumulated along the corrected polyline as a map estimate, not a measurement from the source activity.",
          "GPS support denotes nearby source samples and does not establish full traversal of the corrected route.",
          "Endpoint approaches are straightened locally with a 3 m maximum shape displacement; points, connectivity, and central road geometry are preserved."
        ],
        "map_alignment": {
          "id": "S055",
          "matched_sample_fraction": 1.0,
          "source_map_distance_p95_m": 10.52,
          "aligned_map_distance_p95_m": 5.58,
          "registration_scale": 1.0,
          "status": "matched",
          "measurement_scope": "Before junction-approach straightening; retained as historical map-match evidence."
        },
        "junction_straightening": {
          "previous_geometry_method": "osm_constrained_map_snap",
          "point_coordinates_preserved": true,
          "middle_geometry_preserved": true,
          "approaches": [
            {
              "segment_id": "S055",
              "point_id": "P032",
              "status": "straightened",
              "window_m": 16.5,
              "straight_length_m": 16.1625,
              "maximum_local_offset_m": 1.5185,
              "transition_turn_degrees": 16.76
            }
          ]
        }
      }
    },
    {
      "type": "Feature",
      "id": "S056",
      "geometry": {
        "type": "LineString",
        "coordinates": [
          [
            116.26094434,
            40.15085015
          ],
          [
            116.26097553,
            40.15075815
          ],
          [
            116.26102491,
            40.15063107
          ],
          [
            116.26102503,
            40.1506274
          ],
          [
            116.26100353,
            40.15054775
          ]
        ]
      },
      "properties": {
        "id": "S056",
        "point_a": "P033",
        "point_b": "P038",
        "directed": false,
        "length_m": 34.72,
        "coordinate_count": 5,
        "geometry_method": "junction_approach_straightening",
        "length_method": "WGS84_geodesic_sum_along_map_corrected_polyline",
        "supporting_gps_sample_count": 7,
        "median_support_offset_m": 1.18,
        "max_support_offset_m": 2.84,
        "is_user_corrected": true,
        "connection_confirmed": true,
        "connection_source": "user_map_annotation",
        "geometry_is_estimate": true,
        "length_is_estimate": true,
        "source_segment_ids": [
          "S056"
        ],
        "correction_notes": "User map annotation correction; straighten local junction approaches at user request.",
        "provenance": {
          "connection_basis": "User supplied actual route annotation.",
          "geometry_basis": "Straight local approaches to fixed junctions; previous road geometry preserved outside endpoint windows.",
          "registration": {
            "method": "Least-squares local affine from ground-road junction controls; no satellite coordinate readout used",
            "pixel_to_local_xy_matrix": [
              [
                0.6358299708262182,
                -0.015182139298409038
              ],
              [
                0.0059933070205737795,
                -0.6649821220004547
              ],
              [
                68.71325445253487,
                751.5544645935769
              ]
            ],
            "control_pixel_xy": [
              [
                295.0,
                336.0
              ],
              [
                477.0,
                282.0
              ],
              [
                532.0,
                462.0
              ],
              [
                626.0,
                244.0
              ]
            ],
            "control_local_xy": [
              [
                257.88,
                525.07
              ],
              [
                374.61,
                553.65
              ],
              [
                409.76,
                436.2
              ],
              [
                467.69,
                581.56
              ]
            ],
            "control_description": [
              "western end of laboratory north road, way992727774/992727789",
              "laboratory middle passage north entrance, way992727758/992727789",
              "laboratory middle passage south entrance, way992727760/992727759",
              "laboratory east road north entrance, way992727789"
            ],
            "control_rmse_m": 2.0175266867840986,
            "accuracy_note": "Hand-drawn paths and screenshot registration carry several-metres uncertainty. Coordinates provide an editable local reconstruction, not a survey."
          },
          "source_segment_ids": [
            "S056"
          ],
          "actual_route_length_measured": false,
          "previous_geometry_basis": "registered satellite redline"
        },
        "notes": [
          "Route geometry and connections corrected using the supplied map annotations.",
          "Distance is accumulated along the corrected polyline as a map estimate, not a measurement from the source activity.",
          "GPS support denotes nearby source samples and does not establish full traversal of the corrected route.",
          "Endpoint approaches are straightened locally with a 3 m maximum shape displacement; points, connectivity, and central road geometry are preserved."
        ],
        "junction_straightening": {
          "previous_geometry_method": "user_satellite_redline_registered",
          "point_coordinates_preserved": true,
          "middle_geometry_preserved": true,
          "approaches": [
            {
              "segment_id": "S056",
              "point_id": "P033",
              "status": "straightened",
              "window_m": 10.5543,
              "straight_length_m": 10.552,
              "maximum_local_offset_m": 0.0956,
              "transition_turn_degrees": 2.02
            },
            {
              "segment_id": "S056",
              "point_id": "P038",
              "status": "straightened",
              "window_m": 9.5,
              "straight_length_m": 9.0291,
              "maximum_local_offset_m": 1.2255,
              "transition_turn_degrees": 13.15
            }
          ]
        }
      }
    },
    {
      "type": "Feature",
      "id": "S057",
      "geometry": {
        "type": "LineString",
        "coordinates": [
          [
            116.26747936,
            40.15091234
          ],
          [
            116.26747438,
            40.15091623
          ],
          [
            116.26748184,
            40.15088789
          ],
          [
            116.26754253,
            40.15074555
          ],
          [
            116.26757964,
            40.15067207
          ]
        ]
      },
      "properties": {
        "id": "S057",
        "point_a": "P034",
        "point_b": "P037",
        "directed": false,
        "length_m": 29.2,
        "coordinate_count": 5,
        "geometry_method": "junction_approach_straightening",
        "length_method": "WGS84_geodesic_sum_along_map_corrected_polyline",
        "supporting_gps_sample_count": 10,
        "median_support_offset_m": 4.67,
        "max_support_offset_m": 5.73,
        "is_user_corrected": true,
        "connection_confirmed": true,
        "connection_source": "osm_basemap_alignment",
        "geometry_is_estimate": true,
        "length_is_estimate": true,
        "source_segment_ids": [
          "S057"
        ],
        "correction_notes": "Network alignment to basemap roads; straighten local junction approaches at user request.",
        "provenance": {
          "connection_basis": "Existing network connection preserved during map registration.",
          "geometry_basis": "Straight local approaches to fixed junctions; previous road geometry preserved outside endpoint windows.",
          "registration": {
            "method": "Heading- and continuity-constrained local map registration; user satellite corrections locked.",
            "max_candidate_offset_m": 18,
            "minimum_heading_abs_cos": 0.72,
            "node_junction_search_radius_m": 12,
            "sample_spacing_m": 3,
            "soft_snap_fraction": 0.9,
            "topology_limited_segments": [
              "S023",
              "S024",
              "S054",
              "S060",
              "S074",
              "S077"
            ]
          },
          "source_segment_ids": [
            "S057"
          ],
          "actual_route_length_measured": false,
          "previous_geometry_basis": "osm_constrained_map_snap"
        },
        "notes": [
          "Matched nearby basemap roads with consistent headings; unmatched portions retain their track shape with shared endpoints reconnected.",
          "Distance is accumulated along the corrected polyline as a map estimate, not a measurement from the source activity.",
          "GPS support denotes nearby source samples and does not establish full traversal of the corrected route.",
          "Endpoint approaches are straightened locally with a 3 m maximum shape displacement; points, connectivity, and central road geometry are preserved."
        ],
        "map_alignment": {
          "id": "S057",
          "matched_sample_fraction": 1.0,
          "source_map_distance_p95_m": 2.55,
          "aligned_map_distance_p95_m": 0.59,
          "registration_scale": 1.0,
          "status": "matched",
          "measurement_scope": "Before junction-approach straightening; retained as historical map-match evidence."
        },
        "junction_straightening": {
          "previous_geometry_method": "osm_constrained_map_snap",
          "point_coordinates_preserved": true,
          "middle_geometry_preserved": true,
          "approaches": [
            {
              "segment_id": "S057",
              "point_id": "P037",
              "status": "straightened",
              "window_m": 8.7595,
              "straight_length_m": 8.7471,
              "maximum_local_offset_m": 0.2333,
              "transition_turn_degrees": 3.07
            }
          ]
        }
      }
    },
    {
      "type": "Feature",
      "id": "S058",
      "geometry": {
        "type": "LineString",
        "coordinates": [
          [
            116.27079708,
            40.15086877
          ],
          [
            116.27061391,
            40.15080819
          ],
          [
            116.27061304,
            40.15080759
          ],
          [
            116.27058953,
            40.15077339
          ],
          [
            116.27058391,
            40.15074614
          ],
          [
            116.2706214,
            40.15060685
          ],
          [
            116.27062065,
            40.15059038
          ],
          [
            116.27060387,
            40.15053546
          ],
          [
            116.27049503,
            40.15037141
          ],
          [
            116.27048242,
            40.15029424
          ],
          [
            116.27049194,
            40.15013321
          ]
        ]
      },
      "properties": {
        "id": "S058",
        "point_a": "P035",
        "point_b": "P045",
        "directed": false,
        "length_m": 95.31,
        "coordinate_count": 11,
        "geometry_method": "junction_approach_straightening",
        "length_method": "WGS84_geodesic_sum_along_map_corrected_polyline",
        "supporting_gps_sample_count": 25,
        "median_support_offset_m": 1.66,
        "max_support_offset_m": 6.37,
        "is_user_corrected": true,
        "connection_confirmed": true,
        "connection_source": "osm_basemap_alignment",
        "geometry_is_estimate": true,
        "length_is_estimate": true,
        "source_segment_ids": [
          "S058"
        ],
        "correction_notes": "Network alignment to basemap roads; straighten local junction approaches at user request.",
        "provenance": {
          "connection_basis": "Existing network connection preserved during map registration.",
          "geometry_basis": "Straight local approaches to fixed junctions; previous road geometry preserved outside endpoint windows.",
          "registration": {
            "method": "Heading- and continuity-constrained local map registration; user satellite corrections locked.",
            "max_candidate_offset_m": 18,
            "minimum_heading_abs_cos": 0.72,
            "node_junction_search_radius_m": 12,
            "sample_spacing_m": 3,
            "soft_snap_fraction": 0.9,
            "topology_limited_segments": [
              "S023",
              "S024",
              "S054",
              "S060",
              "S074",
              "S077"
            ]
          },
          "source_segment_ids": [
            "S058"
          ],
          "actual_route_length_measured": false,
          "previous_geometry_basis": "osm_constrained_map_snap"
        },
        "notes": [
          "Matched nearby basemap roads with consistent headings; unmatched portions retain their track shape with shared endpoints reconnected.",
          "Distance is accumulated along the corrected polyline as a map estimate, not a measurement from the source activity.",
          "GPS support denotes nearby source samples and does not establish full traversal of the corrected route.",
          "Endpoint approaches are straightened locally with a 3 m maximum shape displacement; points, connectivity, and central road geometry are preserved."
        ],
        "map_alignment": {
          "id": "S058",
          "matched_sample_fraction": 0.943,
          "source_map_distance_p95_m": 6.11,
          "aligned_map_distance_p95_m": 2.33,
          "registration_scale": 1.0,
          "status": "matched",
          "measurement_scope": "Before junction-approach straightening; retained as historical map-match evidence."
        },
        "junction_straightening": {
          "previous_geometry_method": "osm_constrained_map_snap",
          "point_coordinates_preserved": true,
          "middle_geometry_preserved": true,
          "approaches": [
            {
              "segment_id": "S058",
              "point_id": "P035",
              "status": "straightened",
              "window_m": 17.5,
              "straight_length_m": 16.9891,
              "maximum_local_offset_m": 2.0168,
              "transition_turn_degrees": 18.37
            },
            {
              "segment_id": "S058",
              "point_id": "P045",
              "status": "straightened",
              "window_m": 18.0,
              "straight_length_m": 17.8922,
              "maximum_local_offset_m": 0.8949,
              "transition_turn_degrees": 9.74
            }
          ]
        }
      }
    },
    {
      "type": "Feature",
      "id": "S059",
      "geometry": {
        "type": "LineString",
        "coordinates": [
          [
            116.27079708,
            40.15086877
          ],
          [
            116.27085477,
            40.15071331
          ],
          [
            116.270965,
            40.15041797
          ],
          [
            116.27096884,
            40.15036898
          ],
          [
            116.27096291,
            40.15033954
          ],
          [
            116.2709525,
            40.15031804
          ],
          [
            116.27091063,
            40.15028274
          ],
          [
            116.27083558,
            40.15023801
          ],
          [
            116.27049194,
            40.15013321
          ]
        ]
      },
      "properties": {
        "id": "S059",
        "point_a": "P035",
        "point_b": "P045",
        "directed": false,
        "length_m": 108.27,
        "coordinate_count": 9,
        "geometry_method": "junction_approach_straightening",
        "length_method": "WGS84_geodesic_sum_along_map_corrected_polyline",
        "supporting_gps_sample_count": 45,
        "median_support_offset_m": 2.74,
        "max_support_offset_m": 6.55,
        "is_user_corrected": true,
        "connection_confirmed": true,
        "connection_source": "osm_basemap_alignment",
        "geometry_is_estimate": true,
        "length_is_estimate": true,
        "source_segment_ids": [
          "S059"
        ],
        "correction_notes": "Network alignment to basemap roads; straighten local junction approaches at user request.",
        "provenance": {
          "connection_basis": "Existing network connection preserved during map registration.",
          "geometry_basis": "Straight local approaches to fixed junctions; previous road geometry preserved outside endpoint windows.",
          "registration": {
            "method": "Heading- and continuity-constrained local map registration; user satellite corrections locked.",
            "max_candidate_offset_m": 18,
            "minimum_heading_abs_cos": 0.72,
            "node_junction_search_radius_m": 12,
            "sample_spacing_m": 3,
            "soft_snap_fraction": 0.9,
            "topology_limited_segments": [
              "S023",
              "S024",
              "S054",
              "S060",
              "S074",
              "S077"
            ]
          },
          "source_segment_ids": [
            "S059"
          ],
          "actual_route_length_measured": false,
          "previous_geometry_basis": "osm_constrained_map_snap"
        },
        "notes": [
          "Matched nearby basemap roads with consistent headings; unmatched portions retain their track shape with shared endpoints reconnected.",
          "Distance is accumulated along the corrected polyline as a map estimate, not a measurement from the source activity.",
          "GPS support denotes nearby source samples and does not establish full traversal of the corrected route.",
          "Endpoint approaches are straightened locally with a 3 m maximum shape displacement; points, connectivity, and central road geometry are preserved."
        ],
        "map_alignment": {
          "id": "S059",
          "matched_sample_fraction": 1.0,
          "source_map_distance_p95_m": 6.4,
          "aligned_map_distance_p95_m": 1.1,
          "registration_scale": 1.0,
          "status": "matched",
          "measurement_scope": "Before junction-approach straightening; retained as historical map-match evidence."
        },
        "junction_straightening": {
          "previous_geometry_method": "osm_constrained_map_snap",
          "point_coordinates_preserved": true,
          "middle_geometry_preserved": true,
          "approaches": [
            {
              "segment_id": "S059",
              "point_id": "P035",
              "status": "straightened",
              "window_m": 18.0,
              "straight_length_m": 17.9415,
              "maximum_local_offset_m": 0.5461,
              "transition_turn_degrees": 0.09
            }
          ]
        }
      }
    },
    {
      "type": "Feature",
      "id": "S060",
      "geometry": {
        "type": "LineString",
        "coordinates": [
          [
            116.26778299,
            40.15070775
          ],
          [
            116.26766881,
            40.15069408
          ],
          [
            116.26757964,
            40.15067207
          ]
        ]
      },
      "properties": {
        "id": "S060",
        "point_a": "P036",
        "point_b": "P037",
        "directed": false,
        "length_m": 17.83,
        "coordinate_count": 3,
        "geometry_method": "osm_constrained_map_snap",
        "length_method": "WGS84_geodesic_sum_along_map_corrected_polyline",
        "supporting_gps_sample_count": 7,
        "median_support_offset_m": 0.55,
        "max_support_offset_m": 5.98,
        "is_user_corrected": true,
        "connection_confirmed": true,
        "connection_source": "osm_basemap_alignment",
        "geometry_is_estimate": true,
        "length_is_estimate": true,
        "source_segment_ids": [
          "S060"
        ],
        "correction_notes": "Network alignment to basemap roads",
        "provenance": {
          "connection_basis": "Existing network connection preserved during map registration.",
          "geometry_basis": "osm_constrained_map_snap",
          "registration": {
            "method": "Heading- and continuity-constrained local map registration; user satellite corrections locked.",
            "max_candidate_offset_m": 18,
            "minimum_heading_abs_cos": 0.72,
            "node_junction_search_radius_m": 12,
            "sample_spacing_m": 3,
            "soft_snap_fraction": 0.9,
            "topology_limited_segments": [
              "S023",
              "S024",
              "S054",
              "S060",
              "S074",
              "S077"
            ]
          },
          "source_segment_ids": [
            "S060"
          ],
          "actual_route_length_measured": false
        },
        "notes": [
          "Matched nearby basemap roads with consistent headings; unmatched portions retain their track shape with shared endpoints reconnected.",
          "Distance is accumulated along the corrected polyline as a map estimate, not a measurement from the source activity.",
          "GPS support denotes nearby source samples and does not establish full traversal of the corrected route."
        ],
        "map_alignment": {
          "id": "S060",
          "matched_sample_fraction": 1.0,
          "source_map_distance_p95_m": 4.03,
          "aligned_map_distance_p95_m": 3.53,
          "registration_scale": 0.179,
          "status": "matched"
        }
      }
    },
    {
      "type": "Feature",
      "id": "S061",
      "geometry": {
        "type": "LineString",
        "coordinates": [
          [
            116.26778299,
            40.15070775
          ],
          [
            116.26795323,
            40.15080066
          ],
          [
            116.26796558,
            40.15080491
          ],
          [
            116.26826398,
            40.15086837
          ],
          [
            116.26836706,
            40.15087892
          ],
          [
            116.26842113,
            40.15087608
          ],
          [
            116.26852423,
            40.15083159
          ],
          [
            116.26856689,
            40.15080075
          ],
          [
            116.2685863,
            40.15077304
          ],
          [
            116.26863167,
            40.15068524
          ],
          [
            116.26867857,
            40.15056267
          ],
          [
            116.26874453,
            40.15040865
          ]
        ]
      },
      "properties": {
        "id": "S061",
        "point_a": "P036",
        "point_b": "P041",
        "directed": false,
        "length_m": 120.05,
        "coordinate_count": 12,
        "geometry_method": "junction_approach_straightening",
        "length_method": "WGS84_geodesic_sum_along_map_corrected_polyline",
        "supporting_gps_sample_count": 55,
        "median_support_offset_m": 4.54,
        "max_support_offset_m": 10.72,
        "is_user_corrected": true,
        "connection_confirmed": true,
        "connection_source": "osm_basemap_alignment",
        "geometry_is_estimate": true,
        "length_is_estimate": true,
        "source_segment_ids": [
          "S061"
        ],
        "correction_notes": "Network alignment to basemap roads; straighten local junction approaches at user request.",
        "provenance": {
          "connection_basis": "Existing network connection preserved during map registration.",
          "geometry_basis": "Straight local approaches to fixed junctions; previous road geometry preserved outside endpoint windows.",
          "registration": {
            "method": "Heading- and continuity-constrained local map registration; user satellite corrections locked.",
            "max_candidate_offset_m": 18,
            "minimum_heading_abs_cos": 0.72,
            "node_junction_search_radius_m": 12,
            "sample_spacing_m": 3,
            "soft_snap_fraction": 0.9,
            "topology_limited_segments": [
              "S023",
              "S024",
              "S054",
              "S060",
              "S074",
              "S077"
            ]
          },
          "source_segment_ids": [
            "S061"
          ],
          "actual_route_length_measured": false,
          "previous_geometry_basis": "osm_constrained_map_snap"
        },
        "notes": [
          "Matched nearby basemap roads with consistent headings; unmatched portions retain their track shape with shared endpoints reconnected.",
          "Distance is accumulated along the corrected polyline as a map estimate, not a measurement from the source activity.",
          "GPS support denotes nearby source samples and does not establish full traversal of the corrected route.",
          "Endpoint approaches are straightened locally with a 3 m maximum shape displacement; points, connectivity, and central road geometry are preserved."
        ],
        "map_alignment": {
          "id": "S061",
          "matched_sample_fraction": 1.0,
          "source_map_distance_p95_m": 9.17,
          "aligned_map_distance_p95_m": 2.71,
          "registration_scale": 1.0,
          "status": "matched",
          "measurement_scope": "Before junction-approach straightening; retained as historical map-match evidence."
        },
        "junction_straightening": {
          "previous_geometry_method": "osm_constrained_map_snap",
          "point_coordinates_preserved": true,
          "middle_geometry_preserved": true,
          "approaches": [
            {
              "segment_id": "S061",
              "point_id": "P036",
              "status": "straightened",
              "window_m": 18.0,
              "straight_length_m": 17.7942,
              "maximum_local_offset_m": 1.2162,
              "transition_turn_degrees": 11.28
            },
            {
              "segment_id": "S061",
              "point_id": "P041",
              "status": "straightened",
              "window_m": 18.0,
              "straight_length_m": 17.9955,
              "maximum_local_offset_m": 0.1881,
              "transition_turn_degrees": 1.83
            }
          ]
        }
      }
    },
    {
      "type": "Feature",
      "id": "S062",
      "geometry": {
        "type": "LineString",
        "coordinates": [
          [
            116.26778299,
            40.15070775
          ],
          [
            116.26783846,
            40.15056035
          ],
          [
            116.26785461,
            40.15050433
          ],
          [
            116.267972,
            40.15023686
          ],
          [
            116.26803239,
            40.15008451
          ]
        ]
      },
      "properties": {
        "id": "S062",
        "point_a": "P036",
        "point_b": "P046",
        "directed": false,
        "length_m": 72.43,
        "coordinate_count": 5,
        "geometry_method": "junction_approach_straightening",
        "length_method": "WGS84_geodesic_sum_along_map_corrected_polyline",
        "supporting_gps_sample_count": 15,
        "median_support_offset_m": 2.81,
        "max_support_offset_m": 4.45,
        "is_user_corrected": true,
        "connection_confirmed": true,
        "connection_source": "user_map_annotation",
        "geometry_is_estimate": true,
        "length_is_estimate": true,
        "source_segment_ids": [
          "S062"
        ],
        "correction_notes": "Latest annotated refinements south of the main building and west of the swimming pool; straighten local junction approaches at user request.",
        "provenance": {
          "connection_basis": "User supplied actual route annotation.",
          "geometry_basis": "Straight local approaches to fixed junctions; previous road geometry preserved outside endpoint windows.",
          "registration": {
            "method": "Screenshot affine scale and translation from four existing point positions; user redline crossing takes priority over nearby OSM junction.",
            "scale_px_per_m": 1.7512304485074885,
            "origin_pixel": [
              -1364.0127472690995,
              531.9712625509036
            ],
            "fit_rmse_px": 0.08311521105520296,
            "point_P066_basis": "Intersection of centerline fits to red north-south and east-west strokes, independently reviewed.",
            "reference_road_ways": [
              446085861,
              992727774,
              992742374,
              992727780
            ]
          },
          "source_segment_ids": [
            "S062"
          ],
          "actual_route_length_measured": false,
          "previous_geometry_basis": "user_redline_precise_local_refinement"
        },
        "notes": [
          "Route geometry and connections corrected using the supplied map annotations.",
          "Distance is accumulated along the corrected polyline as a map estimate, not a measurement from the source activity.",
          "GPS support denotes nearby source samples and does not establish full traversal of the corrected route.",
          "Endpoint approaches are straightened locally with a 3 m maximum shape displacement; points, connectivity, and central road geometry are preserved."
        ],
        "junction_straightening": {
          "previous_geometry_method": "user_redline_precise_local_refinement",
          "point_coordinates_preserved": true,
          "middle_geometry_preserved": true,
          "approaches": [
            {
              "segment_id": "S062",
              "point_id": "P036",
              "status": "straightened",
              "window_m": 18.0,
              "straight_length_m": 17.0292,
              "maximum_local_offset_m": 1.9284,
              "transition_turn_degrees": 3.64
            },
            {
              "segment_id": "S062",
              "point_id": "P046",
              "status": "straightened",
              "window_m": 18.0,
              "straight_length_m": 17.6762,
              "maximum_local_offset_m": 1.2401,
              "transition_turn_degrees": 1.69
            }
          ]
        }
      }
    },
    {
      "type": "Feature",
      "id": "S063",
      "geometry": {
        "type": "LineString",
        "coordinates": [
          [
            116.26757964,
            40.15067207
          ],
          [
            116.26752856,
            40.1506166
          ],
          [
            116.26769646,
            40.1502007
          ]
        ]
      },
      "properties": {
        "id": "S063",
        "point_a": "P037",
        "point_b": "P043",
        "directed": false,
        "length_m": 55.89,
        "coordinate_count": 3,
        "geometry_method": "user_redline_precise_local_refinement",
        "length_method": "WGS84_geodesic_sum_along_map_corrected_polyline",
        "supporting_gps_sample_count": 24,
        "median_support_offset_m": 1.13,
        "max_support_offset_m": 8.05,
        "is_user_corrected": true,
        "connection_confirmed": true,
        "connection_source": "user_map_annotation",
        "geometry_is_estimate": true,
        "length_is_estimate": true,
        "source_segment_ids": [
          "S063"
        ],
        "correction_notes": "Latest annotated refinements south of the main building and west of the swimming pool",
        "provenance": {
          "connection_basis": "User supplied actual route annotation.",
          "geometry_basis": "user_redline_precise_local_refinement",
          "registration": {
            "method": "Screenshot affine scale and translation from four existing point positions; user redline crossing takes priority over nearby OSM junction.",
            "scale_px_per_m": 1.7512304485074885,
            "origin_pixel": [
              -1364.0127472690995,
              531.9712625509036
            ],
            "fit_rmse_px": 0.08311521105520296,
            "point_P066_basis": "Intersection of centerline fits to red north-south and east-west strokes, independently reviewed.",
            "reference_road_ways": [
              446085861,
              992727774,
              992742374,
              992727780
            ]
          },
          "source_segment_ids": [
            "S063"
          ],
          "actual_route_length_measured": false
        },
        "notes": [
          "Route geometry and connections corrected using the supplied map annotations.",
          "Distance is accumulated along the corrected polyline as a map estimate, not a measurement from the source activity.",
          "GPS support denotes nearby source samples and does not establish full traversal of the corrected route."
        ]
      }
    },
    {
      "type": "Feature",
      "id": "S064",
      "geometry": {
        "type": "LineString",
        "coordinates": [
          [
            116.26100353,
            40.15054775
          ],
          [
            116.26111315,
            40.15040975
          ],
          [
            116.26116145,
            40.15031877
          ],
          [
            116.2612933,
            40.15016419
          ],
          [
            116.26143197,
            40.1499794
          ],
          [
            116.26164456,
            40.149738
          ],
          [
            116.2618434,
            40.14955101
          ],
          [
            116.26187627,
            40.14952494
          ],
          [
            116.2620283,
            40.14941246
          ]
        ]
      },
      "properties": {
        "id": "S064",
        "point_a": "P038",
        "point_b": "P050",
        "directed": false,
        "length_m": 154.22,
        "coordinate_count": 9,
        "geometry_method": "junction_approach_straightening",
        "length_method": "WGS84_geodesic_sum_along_map_corrected_polyline",
        "supporting_gps_sample_count": 68,
        "median_support_offset_m": 4.9,
        "max_support_offset_m": 7.22,
        "is_user_corrected": true,
        "connection_confirmed": true,
        "connection_source": "user_map_annotation",
        "geometry_is_estimate": true,
        "length_is_estimate": true,
        "source_segment_ids": [
          "S064"
        ],
        "correction_notes": "Engineering Training Center and surrounding roads corrected from satellite annotations; straighten local junction approaches at user request.",
        "provenance": {
          "connection_basis": "User supplied actual route annotation.",
          "geometry_basis": "Straight local approaches to fixed junctions; previous road geometry preserved outside endpoint windows.",
          "registration": {
            "method": "local affine fit to ground-road junctions and garden circular-path center; no GCJ02 coordinate assumptions",
            "anchors": [
              {
                "name": "engineering_north_main_road_junction",
                "pixel": [
                  520,
                  334
                ],
                "xy": [
                  502.22,
                  150.87
                ],
                "osm": "way/992727781 + way/992727774",
                "residual_m": 3.746
              },
              {
                "name": "engineering_southeast_road_junction",
                "pixel": [
                  615,
                  440
                ],
                "xy": [
                  563.94,
                  73.3
                ],
                "osm": "way/992727780 + way/992727779",
                "residual_m": 0.969
              },
              {
                "name": "engineering_southwest_road_junction",
                "pixel": [
                  384,
                  521
                ],
                "xy": [
                  414.68,
                  24.84
                ],
                "osm": "way/992727777 + way/992727779",
                "residual_m": 3.585
              },
              {
                "name": "engineering_northwest_road_junction",
                "pixel": [
                  335,
                  381
                ],
                "xy": [
                  383.85,
                  127.52
                ],
                "osm": "way/992727777 + way/992727778",
                "residual_m": 4.567
              },
              {
                "name": "garden_southeast_round_path_center",
                "pixel": [
                  408,
                  194
                ],
                "xy": [
                  436.3,
                  241.1
                ],
                "osm": "way/992727756 ring bounds center",
                "residual_m": 3.843
              }
            ],
            "affine_pixel_homogeneous_to_local_xy": [
              [
                0.6402833996956108,
                -0.035786438984098626
              ],
              [
                -0.017509706479063344,
                -0.6642921708985366
              ],
              [
                177.08242020087576,
                388.161056912459
              ]
            ],
            "rmse_m": 3.562,
            "max_residual_m": 4.567,
            "estimated_absolute_uncertainty_m": [
              5,
              10
            ],
            "notes": "Anchor residuals measure mutual fit only, not geographic ground truth. Satellite road marking thickness and hand placement add uncertainty. Red stroke gaps at apparent physical junctions were bridged."
          },
          "source_segment_ids": [
            "S064"
          ],
          "actual_route_length_measured": false,
          "previous_geometry_basis": "user_satellite_redline_registered"
        },
        "notes": [
          "Route geometry and connections corrected using the supplied map annotations.",
          "Distance is accumulated along the corrected polyline as a map estimate, not a measurement from the source activity.",
          "GPS support denotes nearby source samples and does not establish full traversal of the corrected route.",
          "Endpoint approaches are straightened locally with a 3 m maximum shape displacement; points, connectivity, and central road geometry are preserved."
        ],
        "junction_straightening": {
          "previous_geometry_method": "user_satellite_redline_registered",
          "point_coordinates_preserved": true,
          "middle_geometry_preserved": true,
          "approaches": [
            {
              "segment_id": "S064",
              "point_id": "P038",
              "status": "straightened",
              "window_m": 18.0,
              "straight_length_m": 17.9393,
              "maximum_local_offset_m": 0.5981,
              "transition_turn_degrees": 9.2
            },
            {
              "segment_id": "S064",
              "point_id": "P050",
              "status": "straightened",
              "window_m": 18.0,
              "straight_length_m": 17.9876,
              "maximum_local_offset_m": 0.333,
              "transition_turn_degrees": 2.0
            }
          ]
        }
      }
    },
    {
      "type": "Feature",
      "id": "S065",
      "geometry": {
        "type": "LineString",
        "coordinates": [
          [
            116.26100353,
            40.15054775
          ],
          [
            116.26082185,
            40.15062335
          ],
          [
            116.26079573,
            40.15062812
          ],
          [
            116.26067773,
            40.15062415
          ],
          [
            116.26051874,
            40.15058997
          ],
          [
            116.26033335,
            40.15051168
          ],
          [
            116.26008451,
            40.15037601
          ],
          [
            116.2598384,
            40.15027002
          ],
          [
            116.25980074,
            40.15024752
          ],
          [
            116.25975392,
            40.15020661
          ],
          [
            116.25970316,
            40.15014401
          ],
          [
            116.2597086,
            40.15003457
          ],
          [
            116.25979972,
            40.14988769
          ],
          [
            116.25993154,
            40.14959858
          ],
          [
            116.25996286,
            40.14955023
          ],
          [
            116.25998357,
            40.14950785
          ],
          [
            116.26000424,
            40.14946548
          ],
          [
            116.26002221,
            40.14942209
          ],
          [
            116.26004016,
            40.14937873
          ],
          [
            116.2600581,
            40.14933536
          ],
          [
            116.26007605,
            40.14929199
          ],
          [
            116.2601412,
            40.14918178
          ],
          [
            116.26022835,
            40.1490468
          ],
          [
            116.26028612,
            40.14894285
          ],
          [
            116.2603439,
            40.14883889
          ]
        ]
      },
      "properties": {
        "id": "S065",
        "point_a": "P038",
        "point_b": "P060",
        "directed": false,
        "length_m": 286.17,
        "coordinate_count": 25,
        "geometry_method": "junction_approach_straightening",
        "length_method": "WGS84_geodesic_sum_along_map_corrected_polyline",
        "supporting_gps_sample_count": 64,
        "median_support_offset_m": 0.18,
        "max_support_offset_m": 3.66,
        "is_user_corrected": true,
        "connection_confirmed": true,
        "connection_source": "user_map_annotation",
        "geometry_is_estimate": true,
        "length_is_estimate": true,
        "source_segment_ids": [
          "S065"
        ],
        "correction_notes": "Engineering Training Center and surrounding roads corrected from satellite annotations; straighten local junction approaches at user request.",
        "provenance": {
          "connection_basis": "User supplied actual route annotation.",
          "geometry_basis": "Straight local approaches to fixed junctions; previous road geometry preserved outside endpoint windows.",
          "registration": {
            "method": "local affine fit to ground-road junctions and garden circular-path center; no GCJ02 coordinate assumptions",
            "anchors": [
              {
                "name": "engineering_north_main_road_junction",
                "pixel": [
                  520,
                  334
                ],
                "xy": [
                  502.22,
                  150.87
                ],
                "osm": "way/992727781 + way/992727774",
                "residual_m": 3.746
              },
              {
                "name": "engineering_southeast_road_junction",
                "pixel": [
                  615,
                  440
                ],
                "xy": [
                  563.94,
                  73.3
                ],
                "osm": "way/992727780 + way/992727779",
                "residual_m": 0.969
              },
              {
                "name": "engineering_southwest_road_junction",
                "pixel": [
                  384,
                  521
                ],
                "xy": [
                  414.68,
                  24.84
                ],
                "osm": "way/992727777 + way/992727779",
                "residual_m": 3.585
              },
              {
                "name": "engineering_northwest_road_junction",
                "pixel": [
                  335,
                  381
                ],
                "xy": [
                  383.85,
                  127.52
                ],
                "osm": "way/992727777 + way/992727778",
                "residual_m": 4.567
              },
              {
                "name": "garden_southeast_round_path_center",
                "pixel": [
                  408,
                  194
                ],
                "xy": [
                  436.3,
                  241.1
                ],
                "osm": "way/992727756 ring bounds center",
                "residual_m": 3.843
              }
            ],
            "affine_pixel_homogeneous_to_local_xy": [
              [
                0.6402833996956108,
                -0.035786438984098626
              ],
              [
                -0.017509706479063344,
                -0.6642921708985366
              ],
              [
                177.08242020087576,
                388.161056912459
              ]
            ],
            "rmse_m": 3.562,
            "max_residual_m": 4.567,
            "estimated_absolute_uncertainty_m": [
              5,
              10
            ],
            "notes": "Anchor residuals measure mutual fit only, not geographic ground truth. Satellite road marking thickness and hand placement add uncertainty. Red stroke gaps at apparent physical junctions were bridged."
          },
          "source_segment_ids": [
            "S065"
          ],
          "actual_route_length_measured": false,
          "previous_geometry_basis": "user_satellite_redline_registered"
        },
        "notes": [
          "Route geometry and connections corrected using the supplied map annotations.",
          "Distance is accumulated along the corrected polyline as a map estimate, not a measurement from the source activity.",
          "GPS support denotes nearby source samples and does not establish full traversal of the corrected route.",
          "Endpoint approaches are straightened locally with a 3 m maximum shape displacement; points, connectivity, and central road geometry are preserved."
        ],
        "junction_straightening": {
          "previous_geometry_method": "user_satellite_redline_registered",
          "point_coordinates_preserved": true,
          "middle_geometry_preserved": true,
          "approaches": [
            {
              "segment_id": "S065",
              "point_id": "P038",
              "status": "straightened",
              "window_m": 18.0,
              "straight_length_m": 17.6033,
              "maximum_local_offset_m": 1.3169,
              "transition_turn_degrees": 15.07
            }
          ]
        }
      }
    },
    {
      "type": "Feature",
      "id": "S066",
      "geometry": {
        "type": "LineString",
        "coordinates": [
          [
            116.26901268,
            40.15052873
          ],
          [
            116.26891334,
            40.15045642
          ],
          [
            116.26889552,
            40.15043477
          ],
          [
            116.26887236,
            40.15038905
          ],
          [
            116.26884602,
            40.15035533
          ],
          [
            116.26882182,
            40.15034152
          ],
          [
            116.26878606,
            40.15034039
          ],
          [
            116.26876867,
            40.15034348
          ],
          [
            116.26875883,
            40.15035138
          ],
          [
            116.26875792,
            40.15035264
          ],
          [
            116.26874453,
            40.15040865
          ]
        ]
      },
      "properties": {
        "id": "S066",
        "point_a": "P039",
        "point_b": "P041",
        "directed": false,
        "length_m": 39.16,
        "coordinate_count": 11,
        "geometry_method": "junction_approach_straightening",
        "length_method": "WGS84_geodesic_sum_along_map_corrected_polyline",
        "supporting_gps_sample_count": 20,
        "median_support_offset_m": 0.94,
        "max_support_offset_m": 9.15,
        "is_user_corrected": true,
        "connection_confirmed": true,
        "connection_source": "osm_basemap_alignment",
        "geometry_is_estimate": true,
        "length_is_estimate": true,
        "source_segment_ids": [
          "S066"
        ],
        "correction_notes": "Network alignment to basemap roads; straighten local junction approaches at user request.",
        "provenance": {
          "connection_basis": "Existing network connection preserved during map registration.",
          "geometry_basis": "Straight local approaches to fixed junctions; previous road geometry preserved outside endpoint windows.",
          "registration": {
            "method": "Heading- and continuity-constrained local map registration; user satellite corrections locked.",
            "max_candidate_offset_m": 18,
            "minimum_heading_abs_cos": 0.72,
            "node_junction_search_radius_m": 12,
            "sample_spacing_m": 3,
            "soft_snap_fraction": 0.9,
            "topology_limited_segments": [
              "S023",
              "S024",
              "S054",
              "S060",
              "S074",
              "S077"
            ]
          },
          "source_segment_ids": [
            "S066"
          ],
          "actual_route_length_measured": false,
          "previous_geometry_basis": "osm_constrained_map_snap"
        },
        "notes": [
          "Matched nearby basemap roads with consistent headings; unmatched portions retain their track shape with shared endpoints reconnected.",
          "Distance is accumulated along the corrected polyline as a map estimate, not a measurement from the source activity.",
          "GPS support denotes nearby source samples and does not establish full traversal of the corrected route.",
          "Endpoint approaches are straightened locally with a 3 m maximum shape displacement; points, connectivity, and central road geometry are preserved."
        ],
        "map_alignment": {
          "id": "S066",
          "matched_sample_fraction": 0.0,
          "source_map_distance_p95_m": 12.21,
          "aligned_map_distance_p95_m": 11.74,
          "registration_scale": 1.0,
          "status": "no_corresponding_mapped_road",
          "measurement_scope": "Before junction-approach straightening; retained as historical map-match evidence."
        },
        "junction_straightening": {
          "previous_geometry_method": "osm_constrained_map_snap",
          "point_coordinates_preserved": true,
          "middle_geometry_preserved": true,
          "approaches": [
            {
              "segment_id": "S066",
              "point_id": "P039",
              "status": "straightened",
              "window_m": 11.8547,
              "straight_length_m": 11.6635,
              "maximum_local_offset_m": 1.0067,
              "transition_turn_degrees": 14.22
            },
            {
              "segment_id": "S066",
              "point_id": "P041",
              "status": "straightened",
              "window_m": 6.5,
              "straight_length_m": 6.3209,
              "maximum_local_offset_m": 0.7184,
              "transition_turn_degrees": 18.66
            }
          ]
        }
      }
    },
    {
      "type": "Feature",
      "id": "S067",
      "geometry": {
        "type": "LineString",
        "coordinates": [
          [
            116.26901268,
            40.15052873
          ],
          [
            116.26907134,
            40.15038291
          ],
          [
            116.26916828,
            40.15012268
          ],
          [
            116.26919777,
            40.15006758
          ],
          [
            116.26925169,
            40.15006385
          ],
          [
            116.2693534,
            40.15007639
          ],
          [
            116.26939662,
            40.15005793
          ],
          [
            116.26946241,
            40.15000215
          ],
          [
            116.26958036,
            40.14986768
          ]
        ]
      },
      "properties": {
        "id": "S067",
        "point_a": "P039",
        "point_b": "P048",
        "directed": false,
        "length_m": 97.57,
        "coordinate_count": 9,
        "geometry_method": "junction_approach_straightening",
        "length_method": "WGS84_geodesic_sum_along_map_corrected_polyline",
        "supporting_gps_sample_count": 29,
        "median_support_offset_m": 1.87,
        "max_support_offset_m": 16.79,
        "is_user_corrected": true,
        "connection_confirmed": true,
        "connection_source": "osm_basemap_alignment",
        "geometry_is_estimate": true,
        "length_is_estimate": true,
        "source_segment_ids": [
          "S067"
        ],
        "correction_notes": "Network alignment to basemap roads; straighten local junction approaches at user request.",
        "provenance": {
          "connection_basis": "Existing network connection preserved during map registration.",
          "geometry_basis": "Straight local approaches to fixed junctions; previous road geometry preserved outside endpoint windows.",
          "registration": {
            "method": "Heading- and continuity-constrained local map registration; user satellite corrections locked.",
            "max_candidate_offset_m": 18,
            "minimum_heading_abs_cos": 0.72,
            "node_junction_search_radius_m": 12,
            "sample_spacing_m": 3,
            "soft_snap_fraction": 0.9,
            "topology_limited_segments": [
              "S023",
              "S024",
              "S054",
              "S060",
              "S074",
              "S077"
            ]
          },
          "source_segment_ids": [
            "S067"
          ],
          "actual_route_length_measured": false,
          "previous_geometry_basis": "osm_constrained_map_snap"
        },
        "notes": [
          "Matched nearby basemap roads with consistent headings; unmatched portions retain their track shape with shared endpoints reconnected.",
          "Distance is accumulated along the corrected polyline as a map estimate, not a measurement from the source activity.",
          "GPS support denotes nearby source samples and does not establish full traversal of the corrected route.",
          "Endpoint approaches are straightened locally with a 3 m maximum shape displacement; points, connectivity, and central road geometry are preserved."
        ],
        "map_alignment": {
          "id": "S067",
          "matched_sample_fraction": 0.85,
          "source_map_distance_p95_m": 11.29,
          "aligned_map_distance_p95_m": 11.55,
          "registration_scale": 1.0,
          "status": "matched",
          "measurement_scope": "Before junction-approach straightening; retained as historical map-match evidence."
        },
        "junction_straightening": {
          "previous_geometry_method": "osm_constrained_map_snap",
          "point_coordinates_preserved": true,
          "middle_geometry_preserved": true,
          "approaches": [
            {
              "segment_id": "S067",
              "point_id": "P039",
              "status": "straightened",
              "window_m": 18.0,
              "straight_length_m": 16.9395,
              "maximum_local_offset_m": 2.2223,
              "transition_turn_degrees": 1.2
            },
            {
              "segment_id": "S067",
              "point_id": "P048",
              "status": "straightened",
              "window_m": 18.0,
              "straight_length_m": 17.9921,
              "maximum_local_offset_m": 0.1063,
              "transition_turn_degrees": 8.2
            }
          ]
        }
      }
    },
    {
      "type": "Feature",
      "id": "S068",
      "geometry": {
        "type": "LineString",
        "coordinates": [
          [
            116.26415189,
            40.1503786
          ],
          [
            116.26431655,
            40.15031052
          ],
          [
            116.26432069,
            40.15030935
          ],
          [
            116.26441754,
            40.15030947
          ],
          [
            116.26456358,
            40.15033675
          ],
          [
            116.26475101,
            40.15034637
          ]
        ]
      },
      "properties": {
        "id": "S068",
        "point_a": "P040",
        "point_b": "P042",
        "directed": false,
        "length_m": 53.38,
        "coordinate_count": 6,
        "geometry_method": "junction_approach_straightening",
        "length_method": "WGS84_geodesic_sum_along_map_corrected_polyline",
        "supporting_gps_sample_count": 13,
        "median_support_offset_m": 0.45,
        "max_support_offset_m": 2.63,
        "is_user_corrected": true,
        "connection_confirmed": true,
        "connection_source": "osm_basemap_alignment",
        "geometry_is_estimate": true,
        "length_is_estimate": true,
        "source_segment_ids": [
          "S068"
        ],
        "correction_notes": "Network alignment to basemap roads; straighten local junction approaches at user request.",
        "provenance": {
          "connection_basis": "Existing network connection preserved during map registration.",
          "geometry_basis": "Straight local approaches to fixed junctions; previous road geometry preserved outside endpoint windows.",
          "registration": {
            "method": "Heading- and continuity-constrained local map registration; user satellite corrections locked.",
            "max_candidate_offset_m": 18,
            "minimum_heading_abs_cos": 0.72,
            "node_junction_search_radius_m": 12,
            "sample_spacing_m": 3,
            "soft_snap_fraction": 0.9,
            "topology_limited_segments": [
              "S023",
              "S024",
              "S054",
              "S060",
              "S074",
              "S077"
            ]
          },
          "source_segment_ids": [
            "S068"
          ],
          "actual_route_length_measured": false,
          "previous_geometry_basis": "osm_constrained_map_snap"
        },
        "notes": [
          "Matched nearby basemap roads with consistent headings; unmatched portions retain their track shape with shared endpoints reconnected.",
          "Distance is accumulated along the corrected polyline as a map estimate, not a measurement from the source activity.",
          "GPS support denotes nearby source samples and does not establish full traversal of the corrected route.",
          "Endpoint approaches are straightened locally with a 3 m maximum shape displacement; points, connectivity, and central road geometry are preserved."
        ],
        "map_alignment": {
          "id": "S068",
          "matched_sample_fraction": 0.0,
          "source_map_distance_p95_m": 20.6,
          "aligned_map_distance_p95_m": 19.53,
          "registration_scale": 1.0,
          "status": "no_corresponding_mapped_road",
          "measurement_scope": "Before junction-approach straightening; retained as historical map-match evidence."
        },
        "junction_straightening": {
          "previous_geometry_method": "osm_constrained_map_snap",
          "point_coordinates_preserved": true,
          "middle_geometry_preserved": true,
          "approaches": [
            {
              "segment_id": "S068",
              "point_id": "P040",
              "status": "straightened",
              "window_m": 16.0708,
              "straight_length_m": 15.9319,
              "maximum_local_offset_m": 0.536,
              "transition_turn_degrees": 8.1
            },
            {
              "segment_id": "S068",
              "point_id": "P042",
              "status": "straightened",
              "window_m": 16.0708,
              "straight_length_m": 16.0004,
              "maximum_local_offset_m": 0.63,
              "transition_turn_degrees": 9.85
            }
          ]
        }
      }
    },
    {
      "type": "Feature",
      "id": "S069",
      "geometry": {
        "type": "LineString",
        "coordinates": [
          [
            116.26415189,
            40.1503786
          ],
          [
            116.26396695,
            40.15029921
          ],
          [
            116.26388218,
            40.15026784
          ],
          [
            116.26360991,
            40.15017845
          ],
          [
            116.26359863,
            40.15017545
          ],
          [
            116.26354333,
            40.15015827
          ],
          [
            116.26347701,
            40.15013766
          ],
          [
            116.26341069,
            40.15011705
          ],
          [
            116.26335919,
            40.15010105
          ],
          [
            116.26334546,
            40.15009506
          ],
          [
            116.26328404,
            40.15006828
          ],
          [
            116.2632232,
            40.15004175
          ],
          [
            116.26304494,
            40.14995512
          ]
        ]
      },
      "properties": {
        "id": "S069",
        "point_a": "P040",
        "point_b": "P047",
        "directed": false,
        "length_m": 105.64,
        "coordinate_count": 13,
        "geometry_method": "junction_approach_straightening",
        "length_method": "WGS84_geodesic_sum_along_map_corrected_polyline",
        "supporting_gps_sample_count": 24,
        "median_support_offset_m": 0.35,
        "max_support_offset_m": 8.65,
        "is_user_corrected": true,
        "connection_confirmed": true,
        "connection_source": "user_map_annotation",
        "geometry_is_estimate": true,
        "length_is_estimate": true,
        "source_segment_ids": [
          "S069"
        ],
        "correction_notes": "Engineering Training Center and surrounding roads corrected from satellite annotations; straighten local junction approaches at user request.",
        "provenance": {
          "connection_basis": "User supplied actual route annotation.",
          "geometry_basis": "Straight local approaches to fixed junctions; previous road geometry preserved outside endpoint windows.",
          "registration": {
            "method": "local affine fit to ground-road junctions and garden circular-path center; no GCJ02 coordinate assumptions",
            "anchors": [
              {
                "name": "engineering_north_main_road_junction",
                "pixel": [
                  520,
                  334
                ],
                "xy": [
                  502.22,
                  150.87
                ],
                "osm": "way/992727781 + way/992727774",
                "residual_m": 3.746
              },
              {
                "name": "engineering_southeast_road_junction",
                "pixel": [
                  615,
                  440
                ],
                "xy": [
                  563.94,
                  73.3
                ],
                "osm": "way/992727780 + way/992727779",
                "residual_m": 0.969
              },
              {
                "name": "engineering_southwest_road_junction",
                "pixel": [
                  384,
                  521
                ],
                "xy": [
                  414.68,
                  24.84
                ],
                "osm": "way/992727777 + way/992727779",
                "residual_m": 3.585
              },
              {
                "name": "engineering_northwest_road_junction",
                "pixel": [
                  335,
                  381
                ],
                "xy": [
                  383.85,
                  127.52
                ],
                "osm": "way/992727777 + way/992727778",
                "residual_m": 4.567
              },
              {
                "name": "garden_southeast_round_path_center",
                "pixel": [
                  408,
                  194
                ],
                "xy": [
                  436.3,
                  241.1
                ],
                "osm": "way/992727756 ring bounds center",
                "residual_m": 3.843
              }
            ],
            "affine_pixel_homogeneous_to_local_xy": [
              [
                0.6402833996956108,
                -0.035786438984098626
              ],
              [
                -0.017509706479063344,
                -0.6642921708985366
              ],
              [
                177.08242020087576,
                388.161056912459
              ]
            ],
            "rmse_m": 3.562,
            "max_residual_m": 4.567,
            "estimated_absolute_uncertainty_m": [
              5,
              10
            ],
            "notes": "Anchor residuals measure mutual fit only, not geographic ground truth. Satellite road marking thickness and hand placement add uncertainty. Red stroke gaps at apparent physical junctions were bridged."
          },
          "source_segment_ids": [
            "S069"
          ],
          "actual_route_length_measured": false,
          "previous_geometry_basis": "user_satellite_redline_registered"
        },
        "notes": [
          "Route geometry and connections corrected using the supplied map annotations.",
          "Distance is accumulated along the corrected polyline as a map estimate, not a measurement from the source activity.",
          "GPS support denotes nearby source samples and does not establish full traversal of the corrected route.",
          "Endpoint approaches are straightened locally with a 3 m maximum shape displacement; points, connectivity, and central road geometry are preserved."
        ],
        "junction_straightening": {
          "previous_geometry_method": "user_satellite_redline_registered",
          "point_coordinates_preserved": true,
          "middle_geometry_preserved": true,
          "approaches": [
            {
              "segment_id": "S069",
              "point_id": "P047",
              "status": "straightened",
              "window_m": 18.0,
              "straight_length_m": 17.9723,
              "maximum_local_offset_m": 0.4101,
              "transition_turn_degrees": 2.73
            }
          ]
        }
      }
    },
    {
      "type": "Feature",
      "id": "S070",
      "geometry": {
        "type": "LineString",
        "coordinates": [
          [
            116.26874453,
            40.15040865
          ],
          [
            116.26860351,
            40.150289
          ],
          [
            116.26853202,
            40.15021144
          ],
          [
            116.26839158,
            40.15017866
          ],
          [
            116.26831791,
            40.15017151
          ],
          [
            116.268227,
            40.15014761
          ],
          [
            116.26803239,
            40.15008451
          ]
        ]
      },
      "properties": {
        "id": "S070",
        "point_a": "P041",
        "point_b": "P046",
        "directed": false,
        "length_m": 73.49,
        "coordinate_count": 7,
        "geometry_method": "junction_approach_straightening",
        "length_method": "WGS84_geodesic_sum_along_map_corrected_polyline",
        "supporting_gps_sample_count": 26,
        "median_support_offset_m": 1.57,
        "max_support_offset_m": 8.1,
        "is_user_corrected": true,
        "connection_confirmed": true,
        "connection_source": "user_map_annotation",
        "geometry_is_estimate": true,
        "length_is_estimate": true,
        "source_segment_ids": [
          "S070"
        ],
        "correction_notes": "Latest annotated refinements south of the main building and west of the swimming pool; straighten local junction approaches at user request.",
        "provenance": {
          "connection_basis": "User supplied actual route annotation.",
          "geometry_basis": "Straight local approaches to fixed junctions; previous road geometry preserved outside endpoint windows.",
          "registration": {
            "method": "Screenshot affine scale and translation from four existing point positions; user redline crossing takes priority over nearby OSM junction.",
            "scale_px_per_m": 1.7512304485074885,
            "origin_pixel": [
              -1364.0127472690995,
              531.9712625509036
            ],
            "fit_rmse_px": 0.08311521105520296,
            "point_P066_basis": "Intersection of centerline fits to red north-south and east-west strokes, independently reviewed.",
            "reference_road_ways": [
              446085861,
              992727774,
              992742374,
              992727780
            ]
          },
          "source_segment_ids": [
            "S070"
          ],
          "actual_route_length_measured": false,
          "previous_geometry_basis": "user_redline_precise_local_refinement"
        },
        "notes": [
          "Route geometry and connections corrected using the supplied map annotations.",
          "Distance is accumulated along the corrected polyline as a map estimate, not a measurement from the source activity.",
          "GPS support denotes nearby source samples and does not establish full traversal of the corrected route.",
          "Endpoint approaches are straightened locally with a 3 m maximum shape displacement; points, connectivity, and central road geometry are preserved."
        ],
        "junction_straightening": {
          "previous_geometry_method": "user_redline_precise_local_refinement",
          "point_coordinates_preserved": true,
          "middle_geometry_preserved": true,
          "approaches": [
            {
              "segment_id": "S070",
              "point_id": "P041",
              "status": "straightened",
              "window_m": 18.0,
              "straight_length_m": 17.9071,
              "maximum_local_offset_m": 0.6301,
              "transition_turn_degrees": 6.85
            },
            {
              "segment_id": "S070",
              "point_id": "P046",
              "status": "straightened",
              "window_m": 18.0,
              "straight_length_m": 17.9953,
              "maximum_local_offset_m": 0.1218,
              "transition_turn_degrees": 4.0
            }
          ]
        }
      }
    },
    {
      "type": "Feature",
      "id": "S071",
      "geometry": {
        "type": "LineString",
        "coordinates": [
          [
            116.26475101,
            40.15034637
          ],
          [
            116.26487166,
            40.15021361
          ],
          [
            116.26488481,
            40.15019629
          ],
          [
            116.26490307,
            40.15016128
          ],
          [
            116.26492422,
            40.15008958
          ],
          [
            116.26494272,
            40.14999905
          ],
          [
            116.26497417,
            40.14992629
          ],
          [
            116.26498551,
            40.14991129
          ],
          [
            116.26500896,
            40.14987659
          ],
          [
            116.2650427,
            40.14982665
          ],
          [
            116.26507644,
            40.1497767
          ],
          [
            116.2651102,
            40.14972677
          ],
          [
            116.26514394,
            40.14967683
          ],
          [
            116.26517768,
            40.14962689
          ],
          [
            116.26518819,
            40.14961133
          ],
          [
            116.26520302,
            40.14957595
          ],
          [
            116.26520565,
            40.14956969
          ],
          [
            116.26521069,
            40.14952549
          ],
          [
            116.26521496,
            40.14948824
          ],
          [
            116.26521361,
            40.14947588
          ],
          [
            116.26511513,
            40.14944953
          ],
          [
            116.26500915,
            40.14942344
          ],
          [
            116.26486471,
            40.14936282
          ],
          [
            116.26473617,
            40.14933756
          ],
          [
            116.26462238,
            40.14929978
          ],
          [
            116.26447097,
            40.14926337
          ],
          [
            116.26434229,
            40.14923212
          ],
          [
            116.26421388,
            40.14921285
          ],
          [
            116.26407809,
            40.14919983
          ],
          [
            116.26406278,
            40.14919825
          ],
          [
            116.26385888,
            40.14915991
          ]
        ]
      },
      "properties": {
        "id": "S071",
        "point_a": "P042",
        "point_b": "P058",
        "directed": false,
        "length_m": 227.29,
        "coordinate_count": 31,
        "geometry_method": "junction_approach_straightening",
        "length_method": "WGS84_geodesic_sum_along_map_corrected_polyline",
        "supporting_gps_sample_count": 90,
        "median_support_offset_m": 3.79,
        "max_support_offset_m": 11.47,
        "is_user_corrected": true,
        "connection_confirmed": true,
        "connection_source": "user_map_annotation",
        "geometry_is_estimate": true,
        "length_is_estimate": true,
        "source_segment_ids": [
          "S071",
          "S085",
          "S088"
        ],
        "correction_notes": "Engineering Training Center and surrounding roads corrected from satellite annotations; straighten local junction approaches at user request.",
        "provenance": {
          "connection_basis": "User supplied actual route annotation.",
          "geometry_basis": "Straight local approaches to fixed junctions; previous road geometry preserved outside endpoint windows.",
          "registration": {
            "method": "local affine fit to ground-road junctions and garden circular-path center; no GCJ02 coordinate assumptions",
            "anchors": [
              {
                "name": "engineering_north_main_road_junction",
                "pixel": [
                  520,
                  334
                ],
                "xy": [
                  502.22,
                  150.87
                ],
                "osm": "way/992727781 + way/992727774",
                "residual_m": 3.746
              },
              {
                "name": "engineering_southeast_road_junction",
                "pixel": [
                  615,
                  440
                ],
                "xy": [
                  563.94,
                  73.3
                ],
                "osm": "way/992727780 + way/992727779",
                "residual_m": 0.969
              },
              {
                "name": "engineering_southwest_road_junction",
                "pixel": [
                  384,
                  521
                ],
                "xy": [
                  414.68,
                  24.84
                ],
                "osm": "way/992727777 + way/992727779",
                "residual_m": 3.585
              },
              {
                "name": "engineering_northwest_road_junction",
                "pixel": [
                  335,
                  381
                ],
                "xy": [
                  383.85,
                  127.52
                ],
                "osm": "way/992727777 + way/992727778",
                "residual_m": 4.567
              },
              {
                "name": "garden_southeast_round_path_center",
                "pixel": [
                  408,
                  194
                ],
                "xy": [
                  436.3,
                  241.1
                ],
                "osm": "way/992727756 ring bounds center",
                "residual_m": 3.843
              }
            ],
            "affine_pixel_homogeneous_to_local_xy": [
              [
                0.6402833996956108,
                -0.035786438984098626
              ],
              [
                -0.017509706479063344,
                -0.6642921708985366
              ],
              [
                177.08242020087576,
                388.161056912459
              ]
            ],
            "rmse_m": 3.562,
            "max_residual_m": 4.567,
            "estimated_absolute_uncertainty_m": [
              5,
              10
            ],
            "notes": "Anchor residuals measure mutual fit only, not geographic ground truth. Satellite road marking thickness and hand placement add uncertainty. Red stroke gaps at apparent physical junctions were bridged."
          },
          "source_segment_ids": [
            "S071",
            "S085",
            "S088"
          ],
          "actual_route_length_measured": false,
          "previous_geometry_basis": "user_satellite_redline_registered"
        },
        "notes": [
          "Route geometry and connections corrected using the supplied map annotations.",
          "Distance is accumulated along the corrected polyline as a map estimate, not a measurement from the source activity.",
          "GPS support denotes nearby source samples and does not establish full traversal of the corrected route.",
          "Endpoint approaches are straightened locally with a 3 m maximum shape displacement; points, connectivity, and central road geometry are preserved."
        ],
        "junction_straightening": {
          "previous_geometry_method": "user_satellite_redline_registered",
          "point_coordinates_preserved": true,
          "middle_geometry_preserved": true,
          "approaches": [
            {
              "segment_id": "S071",
              "point_id": "P042",
              "status": "straightened",
              "window_m": 18.0,
              "straight_length_m": 17.9657,
              "maximum_local_offset_m": 0.4456,
              "transition_turn_degrees": 4.66
            },
            {
              "segment_id": "S071",
              "point_id": "P058",
              "status": "straightened",
              "window_m": 18.0,
              "straight_length_m": 17.8814,
              "maximum_local_offset_m": 1.0281,
              "transition_turn_degrees": 6.08
            }
          ]
        }
      }
    },
    {
      "type": "Feature",
      "id": "S072",
      "geometry": {
        "type": "LineString",
        "coordinates": [
          [
            116.26475101,
            40.15034637
          ],
          [
            116.26462131,
            40.15047068
          ],
          [
            116.2645128,
            40.1507195
          ],
          [
            116.26450754,
            40.15073836
          ],
          [
            116.26451653,
            40.15077468
          ],
          [
            116.26457394,
            40.15087721
          ],
          [
            116.26462455,
            40.15093218
          ],
          [
            116.2646562,
            40.15095337
          ],
          [
            116.26475209,
            40.15097215
          ],
          [
            116.2648639,
            40.15100935
          ],
          [
            116.26519531,
            40.15110086
          ],
          [
            116.26523654,
            40.15110219
          ],
          [
            116.26530905,
            40.15109189
          ],
          [
            116.26534292,
            40.15106337
          ],
          [
            116.26535079,
            40.1510446
          ],
          [
            116.26534987,
            40.15102174
          ],
          [
            116.26533069,
            40.15099733
          ],
          [
            116.26528277,
            40.15096032
          ],
          [
            116.26527547,
            40.15094123
          ],
          [
            116.26528511,
            40.15089718
          ],
          [
            116.26532891,
            40.15079465
          ],
          [
            116.26534153,
            40.15071045
          ],
          [
            116.26535069,
            40.15068608
          ],
          [
            116.26561762,
            40.15007276
          ],
          [
            116.26562491,
            40.15004275
          ],
          [
            116.26560796,
            40.15000938
          ],
          [
            116.26556674,
            40.14996789
          ],
          [
            116.26554496,
            40.14993195
          ],
          [
            116.26554675,
            40.14990665
          ],
          [
            116.26558549,
            40.14980233
          ],
          [
            116.26554773,
            40.14973971
          ],
          [
            116.26551988,
            40.14966875
          ],
          [
            116.2654991,
            40.1496415
          ],
          [
            116.2653355,
            40.14958928
          ],
          [
            116.26529023,
            40.14956656
          ],
          [
            116.26523402,
            40.14949347
          ],
          [
            116.26523414,
            40.14947605
          ],
          [
            116.26524824,
            40.14942393
          ],
          [
            116.2654434,
            40.14895554
          ],
          [
            116.26555409,
            40.14881986
          ]
        ]
      },
      "properties": {
        "id": "S072",
        "point_a": "P042",
        "point_b": "P061",
        "directed": false,
        "length_m": 417.45,
        "coordinate_count": 40,
        "geometry_method": "junction_approach_straightening",
        "length_method": "WGS84_geodesic_sum_along_map_corrected_polyline",
        "supporting_gps_sample_count": 95,
        "median_support_offset_m": 3.68,
        "max_support_offset_m": 11.53,
        "is_user_corrected": true,
        "connection_confirmed": true,
        "connection_source": "osm_basemap_alignment",
        "geometry_is_estimate": true,
        "length_is_estimate": true,
        "source_segment_ids": [
          "S072"
        ],
        "correction_notes": "Network alignment to basemap roads; straighten local junction approaches at user request.",
        "provenance": {
          "connection_basis": "Existing network connection preserved during map registration.",
          "geometry_basis": "Straight local approaches to fixed junctions; previous road geometry preserved outside endpoint windows.",
          "registration": {
            "method": "Heading- and continuity-constrained local map registration; user satellite corrections locked.",
            "max_candidate_offset_m": 18,
            "minimum_heading_abs_cos": 0.72,
            "node_junction_search_radius_m": 12,
            "sample_spacing_m": 3,
            "soft_snap_fraction": 0.9,
            "topology_limited_segments": [
              "S023",
              "S024",
              "S054",
              "S060",
              "S074",
              "S077"
            ]
          },
          "source_segment_ids": [
            "S072"
          ],
          "actual_route_length_measured": false,
          "previous_geometry_basis": "osm_constrained_map_snap"
        },
        "notes": [
          "Matched nearby basemap roads with consistent headings; unmatched portions retain their track shape with shared endpoints reconnected.",
          "Distance is accumulated along the corrected polyline as a map estimate, not a measurement from the source activity.",
          "GPS support denotes nearby source samples and does not establish full traversal of the corrected route.",
          "Endpoint approaches are straightened locally with a 3 m maximum shape displacement; points, connectivity, and central road geometry are preserved."
        ],
        "map_alignment": {
          "id": "S072",
          "matched_sample_fraction": 0.958,
          "source_map_distance_p95_m": 11.77,
          "aligned_map_distance_p95_m": 5.51,
          "registration_scale": 1.0,
          "status": "matched",
          "measurement_scope": "Before junction-approach straightening; retained as historical map-match evidence."
        },
        "junction_straightening": {
          "previous_geometry_method": "osm_constrained_map_snap",
          "point_coordinates_preserved": true,
          "middle_geometry_preserved": true,
          "approaches": [
            {
              "segment_id": "S072",
              "point_id": "P042",
              "status": "straightened",
              "window_m": 18.0,
              "straight_length_m": 17.6766,
              "maximum_local_offset_m": 1.3291,
              "transition_turn_degrees": 20.18
            },
            {
              "segment_id": "S072",
              "point_id": "P061",
              "status": "straightened",
              "window_m": 18.0,
              "straight_length_m": 17.7677,
              "maximum_local_offset_m": 1.1731,
              "transition_turn_degrees": 14.32
            }
          ]
        }
      }
    },
    {
      "type": "Feature",
      "id": "S073",
      "geometry": {
        "type": "LineString",
        "coordinates": [
          [
            116.26769646,
            40.1502007
          ],
          [
            116.26753024,
            40.15015615
          ],
          [
            116.26713996,
            40.15005762
          ]
        ]
      },
      "properties": {
        "id": "S073",
        "point_a": "P043",
        "point_b": "P044",
        "directed": false,
        "length_m": 50.01,
        "coordinate_count": 3,
        "geometry_method": "junction_approach_straightening",
        "length_method": "WGS84_geodesic_sum_along_map_corrected_polyline",
        "supporting_gps_sample_count": 8,
        "median_support_offset_m": 5.15,
        "max_support_offset_m": 8.18,
        "is_user_corrected": true,
        "connection_confirmed": true,
        "connection_source": "user_map_annotation",
        "geometry_is_estimate": true,
        "length_is_estimate": true,
        "source_segment_ids": [
          "S073"
        ],
        "correction_notes": "Latest annotated refinements south of the main building and west of the swimming pool; straighten local junction approaches at user request.",
        "provenance": {
          "connection_basis": "User supplied actual route annotation.",
          "geometry_basis": "Straight local approaches to fixed junctions; previous road geometry preserved outside endpoint windows.",
          "registration": {
            "method": "Screenshot affine scale and translation from four existing point positions; user redline crossing takes priority over nearby OSM junction.",
            "scale_px_per_m": 1.7512304485074885,
            "origin_pixel": [
              -1364.0127472690995,
              531.9712625509036
            ],
            "fit_rmse_px": 0.08311521105520296,
            "point_P066_basis": "Intersection of centerline fits to red north-south and east-west strokes, independently reviewed.",
            "reference_road_ways": [
              446085861,
              992727774,
              992742374,
              992727780
            ]
          },
          "source_segment_ids": [
            "S073"
          ],
          "actual_route_length_measured": false,
          "previous_geometry_basis": "user_redline_precise_local_refinement"
        },
        "notes": [
          "Route geometry and connections corrected using the supplied map annotations.",
          "Distance is accumulated along the corrected polyline as a map estimate, not a measurement from the source activity.",
          "GPS support denotes nearby source samples and does not establish full traversal of the corrected route.",
          "Endpoint approaches are straightened locally with a 3 m maximum shape displacement; points, connectivity, and central road geometry are preserved."
        ],
        "junction_straightening": {
          "previous_geometry_method": "user_redline_precise_local_refinement",
          "point_coordinates_preserved": true,
          "middle_geometry_preserved": true,
          "approaches": [
            {
              "segment_id": "S073",
              "point_id": "P043",
              "status": "straightened",
              "window_m": 14.9981,
              "straight_length_m": 14.9966,
              "maximum_local_offset_m": 0.1049,
              "transition_turn_degrees": 1.05
            }
          ]
        }
      }
    },
    {
      "type": "Feature",
      "id": "S074",
      "geometry": {
        "type": "LineString",
        "coordinates": [
          [
            116.26769646,
            40.1502007
          ],
          [
            116.26771543,
            40.15008796
          ],
          [
            116.26775681,
            40.14998694
          ]
        ]
      },
      "properties": {
        "id": "S074",
        "point_a": "P043",
        "point_b": "P066",
        "directed": false,
        "length_m": 24.38,
        "coordinate_count": 3,
        "geometry_method": "user_redline_precise_local_refinement",
        "length_method": "WGS84_geodesic_sum_along_map_corrected_polyline",
        "supporting_gps_sample_count": 5,
        "median_support_offset_m": 3.19,
        "max_support_offset_m": 7.11,
        "is_user_corrected": true,
        "connection_confirmed": true,
        "connection_source": "user_map_annotation",
        "geometry_is_estimate": true,
        "length_is_estimate": true,
        "source_segment_ids": [
          "S074"
        ],
        "correction_notes": "Latest annotated refinements south of the main building and west of the swimming pool",
        "provenance": {
          "connection_basis": "User supplied actual route annotation.",
          "geometry_basis": "user_redline_precise_local_refinement",
          "registration": {
            "method": "Screenshot affine scale and translation from four existing point positions; user redline crossing takes priority over nearby OSM junction.",
            "scale_px_per_m": 1.7512304485074885,
            "origin_pixel": [
              -1364.0127472690995,
              531.9712625509036
            ],
            "fit_rmse_px": 0.08311521105520296,
            "point_P066_basis": "Intersection of centerline fits to red north-south and east-west strokes, independently reviewed.",
            "reference_road_ways": [
              446085861,
              992727774,
              992742374,
              992727780
            ]
          },
          "source_segment_ids": [
            "S074"
          ],
          "actual_route_length_measured": false
        },
        "notes": [
          "Route geometry and connections corrected using the supplied map annotations.",
          "Distance is accumulated along the corrected polyline as a map estimate, not a measurement from the source activity.",
          "GPS support denotes nearby source samples and does not establish full traversal of the corrected route."
        ]
      }
    },
    {
      "type": "Feature",
      "id": "S075",
      "geometry": {
        "type": "LineString",
        "coordinates": [
          [
            116.26713996,
            40.15005762
          ],
          [
            116.26687101,
            40.14998862
          ],
          [
            116.26624369,
            40.14982689
          ],
          [
            116.26577655,
            40.14970509
          ],
          [
            116.26575259,
            40.1496938
          ],
          [
            116.26572735,
            40.14966958
          ],
          [
            116.26570162,
            40.14958508
          ],
          [
            116.26570078,
            40.14956279
          ],
          [
            116.26571289,
            40.1495326
          ],
          [
            116.26571161,
            40.14950443
          ],
          [
            116.26569838,
            40.14946976
          ],
          [
            116.26570069,
            40.14944488
          ],
          [
            116.26593784,
            40.14890041
          ]
        ]
      },
      "properties": {
        "id": "S075",
        "point_a": "P044",
        "point_b": "P059",
        "directed": false,
        "length_m": 217.7,
        "coordinate_count": 13,
        "geometry_method": "user_redline_precise_local_refinement",
        "length_method": "WGS84_geodesic_sum_along_map_corrected_polyline",
        "supporting_gps_sample_count": 48,
        "median_support_offset_m": 2.2,
        "max_support_offset_m": 7.52,
        "is_user_corrected": true,
        "connection_confirmed": true,
        "connection_source": "user_map_annotation",
        "geometry_is_estimate": true,
        "length_is_estimate": true,
        "source_segment_ids": [
          "S075"
        ],
        "correction_notes": "Latest annotated refinements south of the main building and west of the swimming pool",
        "provenance": {
          "connection_basis": "User supplied actual route annotation.",
          "geometry_basis": "user_redline_precise_local_refinement",
          "registration": {
            "method": "Screenshot affine scale and translation from four existing point positions; user redline crossing takes priority over nearby OSM junction.",
            "scale_px_per_m": 1.7512304485074885,
            "origin_pixel": [
              -1364.0127472690995,
              531.9712625509036
            ],
            "fit_rmse_px": 0.08311521105520296,
            "point_P066_basis": "Intersection of centerline fits to red north-south and east-west strokes, independently reviewed.",
            "reference_road_ways": [
              446085861,
              992727774,
              992742374,
              992727780
            ]
          },
          "source_segment_ids": [
            "S075"
          ],
          "actual_route_length_measured": false
        },
        "notes": [
          "Route geometry and connections corrected using the supplied map annotations.",
          "Distance is accumulated along the corrected polyline as a map estimate, not a measurement from the source activity.",
          "GPS support denotes nearby source samples and does not establish full traversal of the corrected route."
        ]
      }
    },
    {
      "type": "Feature",
      "id": "S076",
      "geometry": {
        "type": "LineString",
        "coordinates": [
          [
            116.27049194,
            40.15013321
          ],
          [
            116.27029096,
            40.15008314
          ],
          [
            116.26977382,
            40.14993255
          ],
          [
            116.26958036,
            40.14986768
          ]
        ]
      },
      "properties": {
        "id": "S076",
        "point_a": "P045",
        "point_b": "P048",
        "directed": false,
        "length_m": 83.12,
        "coordinate_count": 4,
        "geometry_method": "junction_approach_straightening",
        "length_method": "WGS84_geodesic_sum_along_map_corrected_polyline",
        "supporting_gps_sample_count": 28,
        "median_support_offset_m": 6.51,
        "max_support_offset_m": 15.51,
        "is_user_corrected": true,
        "connection_confirmed": true,
        "connection_source": "osm_basemap_alignment",
        "geometry_is_estimate": true,
        "length_is_estimate": true,
        "source_segment_ids": [
          "S076"
        ],
        "correction_notes": "Network alignment to basemap roads; straighten local junction approaches at user request.",
        "provenance": {
          "connection_basis": "Existing network connection preserved during map registration.",
          "geometry_basis": "Straight local approaches to fixed junctions; previous road geometry preserved outside endpoint windows.",
          "registration": {
            "method": "Heading- and continuity-constrained local map registration; user satellite corrections locked.",
            "max_candidate_offset_m": 18,
            "minimum_heading_abs_cos": 0.72,
            "node_junction_search_radius_m": 12,
            "sample_spacing_m": 3,
            "soft_snap_fraction": 0.9,
            "topology_limited_segments": [
              "S023",
              "S024",
              "S054",
              "S060",
              "S074",
              "S077"
            ]
          },
          "source_segment_ids": [
            "S076"
          ],
          "actual_route_length_measured": false,
          "previous_geometry_basis": "osm_constrained_map_snap"
        },
        "notes": [
          "Matched nearby basemap roads with consistent headings; unmatched portions retain their track shape with shared endpoints reconnected.",
          "Distance is accumulated along the corrected polyline as a map estimate, not a measurement from the source activity.",
          "GPS support denotes nearby source samples and does not establish full traversal of the corrected route.",
          "Endpoint approaches are straightened locally with a 3 m maximum shape displacement; points, connectivity, and central road geometry are preserved."
        ],
        "map_alignment": {
          "id": "S076",
          "matched_sample_fraction": 1.0,
          "source_map_distance_p95_m": 10.08,
          "aligned_map_distance_p95_m": 0.88,
          "registration_scale": 1.0,
          "status": "matched",
          "measurement_scope": "Before junction-approach straightening; retained as historical map-match evidence."
        },
        "junction_straightening": {
          "previous_geometry_method": "osm_constrained_map_snap",
          "point_coordinates_preserved": true,
          "middle_geometry_preserved": true,
          "approaches": [
            {
              "segment_id": "S076",
              "point_id": "P045",
              "status": "straightened",
              "window_m": 18.0,
              "straight_length_m": 17.9984,
              "maximum_local_offset_m": 0.0628,
              "transition_turn_degrees": 2.79
            },
            {
              "segment_id": "S076",
              "point_id": "P048",
              "status": "straightened",
              "window_m": 18.0,
              "straight_length_m": 17.9824,
              "maximum_local_offset_m": 0.3954,
              "transition_turn_degrees": 2.82
            }
          ]
        }
      }
    },
    {
      "type": "Feature",
      "id": "S077",
      "geometry": {
        "type": "LineString",
        "coordinates": [
          [
            116.26775681,
            40.14998694
          ],
          [
            116.26785281,
            40.14978015
          ],
          [
            116.26792876,
            40.14957484
          ],
          [
            116.26801109,
            40.14941473
          ]
        ]
      },
      "properties": {
        "id": "S077",
        "point_a": "P066",
        "point_b": "P049",
        "directed": false,
        "length_m": 67.19,
        "coordinate_count": 4,
        "geometry_method": "user_redline_precise_local_refinement",
        "length_method": "WGS84_geodesic_sum_along_map_corrected_polyline",
        "supporting_gps_sample_count": 12,
        "median_support_offset_m": 8.61,
        "max_support_offset_m": 12.64,
        "is_user_corrected": true,
        "connection_confirmed": true,
        "connection_source": "user_map_annotation",
        "geometry_is_estimate": true,
        "length_is_estimate": true,
        "source_segment_ids": [
          "S077"
        ],
        "correction_notes": "Latest annotated refinements south of the main building and west of the swimming pool",
        "provenance": {
          "connection_basis": "User supplied actual route annotation.",
          "geometry_basis": "user_redline_precise_local_refinement",
          "registration": {
            "method": "Screenshot affine scale and translation from four existing point positions; user redline crossing takes priority over nearby OSM junction.",
            "scale_px_per_m": 1.7512304485074885,
            "origin_pixel": [
              -1364.0127472690995,
              531.9712625509036
            ],
            "fit_rmse_px": 0.08311521105520296,
            "point_P066_basis": "Intersection of centerline fits to red north-south and east-west strokes, independently reviewed.",
            "reference_road_ways": [
              446085861,
              992727774,
              992742374,
              992727780
            ]
          },
          "source_segment_ids": [
            "S077"
          ],
          "actual_route_length_measured": false
        },
        "notes": [
          "Route geometry and connections corrected using the supplied map annotations.",
          "Distance is accumulated along the corrected polyline as a map estimate, not a measurement from the source activity.",
          "GPS support denotes nearby source samples and does not establish full traversal of the corrected route."
        ]
      }
    },
    {
      "type": "Feature",
      "id": "S078",
      "geometry": {
        "type": "LineString",
        "coordinates": [
          [
            116.26304494,
            40.14995512
          ],
          [
            116.26312619,
            40.14980652
          ],
          [
            116.26314266,
            40.14974922
          ],
          [
            116.26320766,
            40.14963301
          ],
          [
            116.26324926,
            40.14948172
          ],
          [
            116.26329909,
            40.14936008
          ],
          [
            116.2633343,
            40.14925695
          ],
          [
            116.26335286,
            40.14923605
          ],
          [
            116.26342811,
            40.14908577
          ]
        ]
      },
      "properties": {
        "id": "S078",
        "point_a": "P047",
        "point_b": "P051",
        "directed": false,
        "length_m": 102.3,
        "coordinate_count": 9,
        "geometry_method": "junction_approach_straightening",
        "length_method": "WGS84_geodesic_sum_along_map_corrected_polyline",
        "supporting_gps_sample_count": 39,
        "median_support_offset_m": 7.12,
        "max_support_offset_m": 15.74,
        "is_user_corrected": true,
        "connection_confirmed": true,
        "connection_source": "user_map_annotation",
        "geometry_is_estimate": true,
        "length_is_estimate": true,
        "source_segment_ids": [
          "S078"
        ],
        "correction_notes": "Engineering Training Center and surrounding roads corrected from satellite annotations; straighten local junction approaches at user request.",
        "provenance": {
          "connection_basis": "User supplied actual route annotation.",
          "geometry_basis": "Straight local approaches to fixed junctions; previous road geometry preserved outside endpoint windows.",
          "registration": {
            "method": "local affine fit to ground-road junctions and garden circular-path center; no GCJ02 coordinate assumptions",
            "anchors": [
              {
                "name": "engineering_north_main_road_junction",
                "pixel": [
                  520,
                  334
                ],
                "xy": [
                  502.22,
                  150.87
                ],
                "osm": "way/992727781 + way/992727774",
                "residual_m": 3.746
              },
              {
                "name": "engineering_southeast_road_junction",
                "pixel": [
                  615,
                  440
                ],
                "xy": [
                  563.94,
                  73.3
                ],
                "osm": "way/992727780 + way/992727779",
                "residual_m": 0.969
              },
              {
                "name": "engineering_southwest_road_junction",
                "pixel": [
                  384,
                  521
                ],
                "xy": [
                  414.68,
                  24.84
                ],
                "osm": "way/992727777 + way/992727779",
                "residual_m": 3.585
              },
              {
                "name": "engineering_northwest_road_junction",
                "pixel": [
                  335,
                  381
                ],
                "xy": [
                  383.85,
                  127.52
                ],
                "osm": "way/992727777 + way/992727778",
                "residual_m": 4.567
              },
              {
                "name": "garden_southeast_round_path_center",
                "pixel": [
                  408,
                  194
                ],
                "xy": [
                  436.3,
                  241.1
                ],
                "osm": "way/992727756 ring bounds center",
                "residual_m": 3.843
              }
            ],
            "affine_pixel_homogeneous_to_local_xy": [
              [
                0.6402833996956108,
                -0.035786438984098626
              ],
              [
                -0.017509706479063344,
                -0.6642921708985366
              ],
              [
                177.08242020087576,
                388.161056912459
              ]
            ],
            "rmse_m": 3.562,
            "max_residual_m": 4.567,
            "estimated_absolute_uncertainty_m": [
              5,
              10
            ],
            "notes": "Anchor residuals measure mutual fit only, not geographic ground truth. Satellite road marking thickness and hand placement add uncertainty. Red stroke gaps at apparent physical junctions were bridged."
          },
          "source_segment_ids": [
            "S078"
          ],
          "actual_route_length_measured": false,
          "previous_geometry_basis": "user_satellite_redline_registered"
        },
        "notes": [
          "Route geometry and connections corrected using the supplied map annotations.",
          "Distance is accumulated along the corrected polyline as a map estimate, not a measurement from the source activity.",
          "GPS support denotes nearby source samples and does not establish full traversal of the corrected route.",
          "Endpoint approaches are straightened locally with a 3 m maximum shape displacement; points, connectivity, and central road geometry are preserved."
        ],
        "junction_straightening": {
          "previous_geometry_method": "user_satellite_redline_registered",
          "point_coordinates_preserved": true,
          "middle_geometry_preserved": true,
          "approaches": [
            {
              "segment_id": "S078",
              "point_id": "P047",
              "status": "straightened",
              "window_m": 18.0,
              "straight_length_m": 17.8874,
              "maximum_local_offset_m": 0.8062,
              "transition_turn_degrees": 10.33
            },
            {
              "segment_id": "S078",
              "point_id": "P051",
              "status": "straightened",
              "window_m": 18.0,
              "straight_length_m": 17.8701,
              "maximum_local_offset_m": 0.8817,
              "transition_turn_degrees": 13.25
            }
          ]
        }
      }
    },
    {
      "type": "Feature",
      "id": "S079",
      "geometry": {
        "type": "LineString",
        "coordinates": [
          [
            116.26958036,
            40.14986768
          ],
          [
            116.26941024,
            40.14981818
          ],
          [
            116.26821026,
            40.14946868
          ],
          [
            116.26801109,
            40.14941473
          ]
        ]
      },
      "properties": {
        "id": "S079",
        "point_a": "P048",
        "point_b": "P049",
        "directed": false,
        "length_m": 142.86,
        "coordinate_count": 4,
        "geometry_method": "junction_approach_straightening",
        "length_method": "WGS84_geodesic_sum_along_map_corrected_polyline",
        "supporting_gps_sample_count": 56,
        "median_support_offset_m": 5.67,
        "max_support_offset_m": 11.31,
        "is_user_corrected": true,
        "connection_confirmed": true,
        "connection_source": "user_map_annotation",
        "geometry_is_estimate": true,
        "length_is_estimate": true,
        "source_segment_ids": [
          "S079"
        ],
        "correction_notes": "Latest annotated refinements south of the main building and west of the swimming pool; straighten local junction approaches at user request.",
        "provenance": {
          "connection_basis": "User supplied actual route annotation.",
          "geometry_basis": "Straight local approaches to fixed junctions; previous road geometry preserved outside endpoint windows.",
          "registration": {
            "method": "Screenshot affine scale and translation from four existing point positions; user redline crossing takes priority over nearby OSM junction.",
            "scale_px_per_m": 1.7512304485074885,
            "origin_pixel": [
              -1364.0127472690995,
              531.9712625509036
            ],
            "fit_rmse_px": 0.08311521105520296,
            "point_P066_basis": "Intersection of centerline fits to red north-south and east-west strokes, independently reviewed.",
            "reference_road_ways": [
              446085861,
              992727774,
              992742374,
              992727780
            ]
          },
          "source_segment_ids": [
            "S079"
          ],
          "actual_route_length_measured": false,
          "previous_geometry_basis": "user_redline_precise_local_refinement"
        },
        "notes": [
          "Route geometry and connections corrected using the supplied map annotations.",
          "Distance is accumulated along the corrected polyline as a map estimate, not a measurement from the source activity.",
          "GPS support denotes nearby source samples and does not establish full traversal of the corrected route.",
          "Endpoint approaches are straightened locally with a 3 m maximum shape displacement; points, connectivity, and central road geometry are preserved."
        ],
        "junction_straightening": {
          "previous_geometry_method": "user_redline_precise_local_refinement",
          "point_coordinates_preserved": true,
          "middle_geometry_preserved": true,
          "approaches": [
            {
              "segment_id": "S079",
              "point_id": "P049",
              "status": "straightened",
              "window_m": 18.0,
              "straight_length_m": 17.9906,
              "maximum_local_offset_m": 0.2762,
              "transition_turn_degrees": 1.34
            }
          ]
        }
      }
    },
    {
      "type": "Feature",
      "id": "S080",
      "geometry": {
        "type": "LineString",
        "coordinates": [
          [
            116.26801109,
            40.14941473
          ],
          [
            116.26781159,
            40.14936152
          ],
          [
            116.26604158,
            40.14892656
          ],
          [
            116.26593784,
            40.14890041
          ]
        ]
      },
      "properties": {
        "id": "S080",
        "point_a": "P049",
        "point_b": "P059",
        "directed": false,
        "length_m": 185.66,
        "coordinate_count": 4,
        "geometry_method": "junction_approach_straightening",
        "length_method": "WGS84_geodesic_sum_along_map_corrected_polyline",
        "supporting_gps_sample_count": 40,
        "median_support_offset_m": 0.47,
        "max_support_offset_m": 2.58,
        "is_user_corrected": true,
        "connection_confirmed": true,
        "connection_source": "user_map_annotation",
        "geometry_is_estimate": true,
        "length_is_estimate": true,
        "source_segment_ids": [
          "S080"
        ],
        "correction_notes": "Latest annotated refinements south of the main building and west of the swimming pool; straighten local junction approaches at user request.",
        "provenance": {
          "connection_basis": "User supplied actual route annotation.",
          "geometry_basis": "Straight local approaches to fixed junctions; previous road geometry preserved outside endpoint windows.",
          "registration": {
            "method": "Screenshot affine scale and translation from four existing point positions; user redline crossing takes priority over nearby OSM junction.",
            "scale_px_per_m": 1.7512304485074885,
            "origin_pixel": [
              -1364.0127472690995,
              531.9712625509036
            ],
            "fit_rmse_px": 0.08311521105520296,
            "point_P066_basis": "Intersection of centerline fits to red north-south and east-west strokes, independently reviewed.",
            "reference_road_ways": [
              446085861,
              992727774,
              992742374,
              992727780
            ]
          },
          "source_segment_ids": [
            "S080"
          ],
          "actual_route_length_measured": false,
          "previous_geometry_basis": "user_redline_precise_local_refinement"
        },
        "notes": [
          "Route geometry and connections corrected using the supplied map annotations.",
          "Distance is accumulated along the corrected polyline as a map estimate, not a measurement from the source activity.",
          "GPS support denotes nearby source samples and does not establish full traversal of the corrected route.",
          "Endpoint approaches are straightened locally with a 3 m maximum shape displacement; points, connectivity, and central road geometry are preserved."
        ],
        "junction_straightening": {
          "previous_geometry_method": "user_redline_precise_local_refinement",
          "point_coordinates_preserved": true,
          "middle_geometry_preserved": true,
          "approaches": [
            {
              "segment_id": "S080",
              "point_id": "P049",
              "status": "straightened",
              "window_m": 18.0,
              "straight_length_m": 17.9899,
              "maximum_local_offset_m": 0.2878,
              "transition_turn_degrees": 1.41
            }
          ]
        }
      }
    },
    {
      "type": "Feature",
      "id": "S081",
      "geometry": {
        "type": "LineString",
        "coordinates": [
          [
            116.2620283,
            40.14941246
          ],
          [
            116.26221366,
            40.14933601
          ],
          [
            116.2623043,
            40.14930653
          ],
          [
            116.26246096,
            40.1492469
          ],
          [
            116.26262997,
            40.14918987
          ],
          [
            116.26282705,
            40.14913168
          ]
        ]
      },
      "properties": {
        "id": "S081",
        "point_a": "P050",
        "point_b": "P054",
        "directed": false,
        "length_m": 74.94,
        "coordinate_count": 6,
        "geometry_method": "junction_approach_straightening",
        "length_method": "WGS84_geodesic_sum_along_map_corrected_polyline",
        "supporting_gps_sample_count": 31,
        "median_support_offset_m": 4.06,
        "max_support_offset_m": 16.76,
        "is_user_corrected": true,
        "connection_confirmed": true,
        "connection_source": "user_map_annotation",
        "geometry_is_estimate": true,
        "length_is_estimate": true,
        "source_segment_ids": [
          "S081",
          "S086"
        ],
        "correction_notes": "Engineering Training Center and surrounding roads corrected from satellite annotations; straighten local junction approaches at user request.",
        "provenance": {
          "connection_basis": "User supplied actual route annotation.",
          "geometry_basis": "Straight local approaches to fixed junctions; previous road geometry preserved outside endpoint windows.",
          "registration": {
            "method": "local affine fit to ground-road junctions and garden circular-path center; no GCJ02 coordinate assumptions",
            "anchors": [
              {
                "name": "engineering_north_main_road_junction",
                "pixel": [
                  520,
                  334
                ],
                "xy": [
                  502.22,
                  150.87
                ],
                "osm": "way/992727781 + way/992727774",
                "residual_m": 3.746
              },
              {
                "name": "engineering_southeast_road_junction",
                "pixel": [
                  615,
                  440
                ],
                "xy": [
                  563.94,
                  73.3
                ],
                "osm": "way/992727780 + way/992727779",
                "residual_m": 0.969
              },
              {
                "name": "engineering_southwest_road_junction",
                "pixel": [
                  384,
                  521
                ],
                "xy": [
                  414.68,
                  24.84
                ],
                "osm": "way/992727777 + way/992727779",
                "residual_m": 3.585
              },
              {
                "name": "engineering_northwest_road_junction",
                "pixel": [
                  335,
                  381
                ],
                "xy": [
                  383.85,
                  127.52
                ],
                "osm": "way/992727777 + way/992727778",
                "residual_m": 4.567
              },
              {
                "name": "garden_southeast_round_path_center",
                "pixel": [
                  408,
                  194
                ],
                "xy": [
                  436.3,
                  241.1
                ],
                "osm": "way/992727756 ring bounds center",
                "residual_m": 3.843
              }
            ],
            "affine_pixel_homogeneous_to_local_xy": [
              [
                0.6402833996956108,
                -0.035786438984098626
              ],
              [
                -0.017509706479063344,
                -0.6642921708985366
              ],
              [
                177.08242020087576,
                388.161056912459
              ]
            ],
            "rmse_m": 3.562,
            "max_residual_m": 4.567,
            "estimated_absolute_uncertainty_m": [
              5,
              10
            ],
            "notes": "Anchor residuals measure mutual fit only, not geographic ground truth. Satellite road marking thickness and hand placement add uncertainty. Red stroke gaps at apparent physical junctions were bridged."
          },
          "source_segment_ids": [
            "S081",
            "S086"
          ],
          "actual_route_length_measured": false,
          "previous_geometry_basis": "user_satellite_redline_registered"
        },
        "notes": [
          "Route geometry and connections corrected using the supplied map annotations.",
          "Distance is accumulated along the corrected polyline as a map estimate, not a measurement from the source activity.",
          "GPS support denotes nearby source samples and does not establish full traversal of the corrected route.",
          "Endpoint approaches are straightened locally with a 3 m maximum shape displacement; points, connectivity, and central road geometry are preserved."
        ],
        "junction_straightening": {
          "previous_geometry_method": "user_satellite_redline_registered",
          "point_coordinates_preserved": true,
          "middle_geometry_preserved": true,
          "approaches": [
            {
              "segment_id": "S081",
              "point_id": "P050",
              "status": "straightened",
              "window_m": 18.0,
              "straight_length_m": 17.9252,
              "maximum_local_offset_m": 0.8197,
              "transition_turn_degrees": 5.29
            },
            {
              "segment_id": "S081",
              "point_id": "P054",
              "status": "straightened",
              "window_m": 18.0,
              "straight_length_m": 17.9863,
              "maximum_local_offset_m": 0.3436,
              "transition_turn_degrees": 2.69
            }
          ]
        }
      }
    },
    {
      "type": "Feature",
      "id": "S082",
      "geometry": {
        "type": "LineString",
        "coordinates": [
          [
            116.26110808,
            40.14900871
          ],
          [
            116.26131324,
            40.14904735
          ],
          [
            116.26141795,
            40.1490633
          ],
          [
            116.26162157,
            40.14907983
          ],
          [
            116.26172003,
            40.1491062
          ],
          [
            116.26181112,
            40.14913881
          ],
          [
            116.26191099,
            40.14922503
          ],
          [
            116.26196575,
            40.1493129
          ],
          [
            116.2620283,
            40.14941246
          ]
        ]
      },
      "properties": {
        "id": "S082",
        "point_a": "P057",
        "point_b": "P050",
        "directed": false,
        "length_m": 97.89,
        "coordinate_count": 9,
        "geometry_method": "junction_approach_straightening",
        "length_method": "WGS84_geodesic_sum_along_map_corrected_polyline",
        "supporting_gps_sample_count": 64,
        "median_support_offset_m": 3.97,
        "max_support_offset_m": 16.35,
        "is_user_corrected": true,
        "connection_confirmed": true,
        "connection_source": "user_map_annotation",
        "geometry_is_estimate": true,
        "length_is_estimate": true,
        "source_segment_ids": [
          "S082",
          "S089",
          "S090"
        ],
        "correction_notes": "Engineering Training Center and surrounding roads corrected from satellite annotations; straighten local junction approaches at user request.",
        "provenance": {
          "connection_basis": "User supplied actual route annotation.",
          "geometry_basis": "Straight local approaches to fixed junctions; previous road geometry preserved outside endpoint windows.",
          "registration": {
            "method": "local affine fit to ground-road junctions and garden circular-path center; no GCJ02 coordinate assumptions",
            "anchors": [
              {
                "name": "engineering_north_main_road_junction",
                "pixel": [
                  520,
                  334
                ],
                "xy": [
                  502.22,
                  150.87
                ],
                "osm": "way/992727781 + way/992727774",
                "residual_m": 3.746
              },
              {
                "name": "engineering_southeast_road_junction",
                "pixel": [
                  615,
                  440
                ],
                "xy": [
                  563.94,
                  73.3
                ],
                "osm": "way/992727780 + way/992727779",
                "residual_m": 0.969
              },
              {
                "name": "engineering_southwest_road_junction",
                "pixel": [
                  384,
                  521
                ],
                "xy": [
                  414.68,
                  24.84
                ],
                "osm": "way/992727777 + way/992727779",
                "residual_m": 3.585
              },
              {
                "name": "engineering_northwest_road_junction",
                "pixel": [
                  335,
                  381
                ],
                "xy": [
                  383.85,
                  127.52
                ],
                "osm": "way/992727777 + way/992727778",
                "residual_m": 4.567
              },
              {
                "name": "garden_southeast_round_path_center",
                "pixel": [
                  408,
                  194
                ],
                "xy": [
                  436.3,
                  241.1
                ],
                "osm": "way/992727756 ring bounds center",
                "residual_m": 3.843
              }
            ],
            "affine_pixel_homogeneous_to_local_xy": [
              [
                0.6402833996956108,
                -0.035786438984098626
              ],
              [
                -0.017509706479063344,
                -0.6642921708985366
              ],
              [
                177.08242020087576,
                388.161056912459
              ]
            ],
            "rmse_m": 3.562,
            "max_residual_m": 4.567,
            "estimated_absolute_uncertainty_m": [
              5,
              10
            ],
            "notes": "Anchor residuals measure mutual fit only, not geographic ground truth. Satellite road marking thickness and hand placement add uncertainty. Red stroke gaps at apparent physical junctions were bridged."
          },
          "source_segment_ids": [
            "S082",
            "S089",
            "S090"
          ],
          "actual_route_length_measured": false,
          "previous_geometry_basis": "user_satellite_redline_registered"
        },
        "notes": [
          "Route geometry and connections corrected using the supplied map annotations.",
          "Distance is accumulated along the corrected polyline as a map estimate, not a measurement from the source activity.",
          "GPS support denotes nearby source samples and does not establish full traversal of the corrected route.",
          "Endpoint approaches are straightened locally with a 3 m maximum shape displacement; points, connectivity, and central road geometry are preserved."
        ],
        "junction_straightening": {
          "previous_geometry_method": "user_satellite_redline_registered",
          "point_coordinates_preserved": true,
          "middle_geometry_preserved": true,
          "approaches": [
            {
              "segment_id": "S082",
              "point_id": "P057",
              "status": "straightened",
              "window_m": 18.0,
              "straight_length_m": 17.9937,
              "maximum_local_offset_m": 0.2091,
              "transition_turn_degrees": 2.56
            }
          ]
        }
      }
    },
    {
      "type": "Feature",
      "id": "S083",
      "geometry": {
        "type": "LineString",
        "coordinates": [
          [
            116.26342811,
            40.14908577
          ],
          [
            116.26355285,
            40.14912256
          ],
          [
            116.26363257,
            40.14913822
          ],
          [
            116.26372295,
            40.14914091
          ],
          [
            116.26372881,
            40.14914238
          ],
          [
            116.26385888,
            40.14915991
          ]
        ]
      },
      "properties": {
        "id": "S083",
        "point_a": "P051",
        "point_b": "P058",
        "directed": false,
        "length_m": 37.88,
        "coordinate_count": 6,
        "geometry_method": "junction_approach_straightening",
        "length_method": "WGS84_geodesic_sum_along_map_corrected_polyline",
        "supporting_gps_sample_count": 11,
        "median_support_offset_m": 6.9,
        "max_support_offset_m": 13.61,
        "is_user_corrected": true,
        "connection_confirmed": true,
        "connection_source": "user_map_annotation",
        "geometry_is_estimate": true,
        "length_is_estimate": true,
        "source_segment_ids": [
          "S083"
        ],
        "correction_notes": "Engineering Training Center and surrounding roads corrected from satellite annotations; straighten local junction approaches at user request.",
        "provenance": {
          "connection_basis": "User supplied actual route annotation.",
          "geometry_basis": "Straight local approaches to fixed junctions; previous road geometry preserved outside endpoint windows.",
          "registration": {
            "method": "local affine fit to ground-road junctions and garden circular-path center; no GCJ02 coordinate assumptions",
            "anchors": [
              {
                "name": "engineering_north_main_road_junction",
                "pixel": [
                  520,
                  334
                ],
                "xy": [
                  502.22,
                  150.87
                ],
                "osm": "way/992727781 + way/992727774",
                "residual_m": 3.746
              },
              {
                "name": "engineering_southeast_road_junction",
                "pixel": [
                  615,
                  440
                ],
                "xy": [
                  563.94,
                  73.3
                ],
                "osm": "way/992727780 + way/992727779",
                "residual_m": 0.969
              },
              {
                "name": "engineering_southwest_road_junction",
                "pixel": [
                  384,
                  521
                ],
                "xy": [
                  414.68,
                  24.84
                ],
                "osm": "way/992727777 + way/992727779",
                "residual_m": 3.585
              },
              {
                "name": "engineering_northwest_road_junction",
                "pixel": [
                  335,
                  381
                ],
                "xy": [
                  383.85,
                  127.52
                ],
                "osm": "way/992727777 + way/992727778",
                "residual_m": 4.567
              },
              {
                "name": "garden_southeast_round_path_center",
                "pixel": [
                  408,
                  194
                ],
                "xy": [
                  436.3,
                  241.1
                ],
                "osm": "way/992727756 ring bounds center",
                "residual_m": 3.843
              }
            ],
            "affine_pixel_homogeneous_to_local_xy": [
              [
                0.6402833996956108,
                -0.035786438984098626
              ],
              [
                -0.017509706479063344,
                -0.6642921708985366
              ],
              [
                177.08242020087576,
                388.161056912459
              ]
            ],
            "rmse_m": 3.562,
            "max_residual_m": 4.567,
            "estimated_absolute_uncertainty_m": [
              5,
              10
            ],
            "notes": "Anchor residuals measure mutual fit only, not geographic ground truth. Satellite road marking thickness and hand placement add uncertainty. Red stroke gaps at apparent physical junctions were bridged."
          },
          "source_segment_ids": [
            "S083"
          ],
          "actual_route_length_measured": false,
          "previous_geometry_basis": "user_satellite_redline_registered"
        },
        "notes": [
          "Route geometry and connections corrected using the supplied map annotations.",
          "Distance is accumulated along the corrected polyline as a map estimate, not a measurement from the source activity.",
          "GPS support denotes nearby source samples and does not establish full traversal of the corrected route.",
          "Endpoint approaches are straightened locally with a 3 m maximum shape displacement; points, connectivity, and central road geometry are preserved."
        ],
        "junction_straightening": {
          "previous_geometry_method": "user_satellite_redline_registered",
          "point_coordinates_preserved": true,
          "middle_geometry_preserved": true,
          "approaches": [
            {
              "segment_id": "S083",
              "point_id": "P051",
              "status": "straightened",
              "window_m": 11.4288,
              "straight_length_m": 11.3825,
              "maximum_local_offset_m": 0.4978,
              "transition_turn_degrees": 6.66
            },
            {
              "segment_id": "S083",
              "point_id": "P058",
              "status": "straightened",
              "window_m": 11.4288,
              "straight_length_m": 11.2491,
              "maximum_local_offset_m": 0.9853,
              "transition_turn_degrees": 8.16
            }
          ]
        }
      }
    },
    {
      "type": "Feature",
      "id": "S084",
      "geometry": {
        "type": "LineString",
        "coordinates": [
          [
            116.26282705,
            40.14913168
          ],
          [
            116.26300601,
            40.14910261
          ],
          [
            116.26308956,
            40.14909214
          ],
          [
            116.2631876,
            40.14910055
          ],
          [
            116.2632456,
            40.14908683
          ],
          [
            116.26342811,
            40.14908577
          ]
        ]
      },
      "properties": {
        "id": "S084",
        "point_a": "P054",
        "point_b": "P051",
        "directed": false,
        "length_m": 51.93,
        "coordinate_count": 6,
        "geometry_method": "junction_approach_straightening",
        "length_method": "WGS84_geodesic_sum_along_map_corrected_polyline",
        "supporting_gps_sample_count": 14,
        "median_support_offset_m": 1.02,
        "max_support_offset_m": 17.88,
        "is_user_corrected": true,
        "connection_confirmed": true,
        "connection_source": "user_map_annotation",
        "geometry_is_estimate": true,
        "length_is_estimate": true,
        "source_segment_ids": [
          "S084"
        ],
        "correction_notes": "Engineering Training Center and surrounding roads corrected from satellite annotations; straighten local junction approaches at user request.",
        "provenance": {
          "connection_basis": "User supplied actual route annotation.",
          "geometry_basis": "Straight local approaches to fixed junctions; previous road geometry preserved outside endpoint windows.",
          "registration": {
            "method": "local affine fit to ground-road junctions and garden circular-path center; no GCJ02 coordinate assumptions",
            "anchors": [
              {
                "name": "engineering_north_main_road_junction",
                "pixel": [
                  520,
                  334
                ],
                "xy": [
                  502.22,
                  150.87
                ],
                "osm": "way/992727781 + way/992727774",
                "residual_m": 3.746
              },
              {
                "name": "engineering_southeast_road_junction",
                "pixel": [
                  615,
                  440
                ],
                "xy": [
                  563.94,
                  73.3
                ],
                "osm": "way/992727780 + way/992727779",
                "residual_m": 0.969
              },
              {
                "name": "engineering_southwest_road_junction",
                "pixel": [
                  384,
                  521
                ],
                "xy": [
                  414.68,
                  24.84
                ],
                "osm": "way/992727777 + way/992727779",
                "residual_m": 3.585
              },
              {
                "name": "engineering_northwest_road_junction",
                "pixel": [
                  335,
                  381
                ],
                "xy": [
                  383.85,
                  127.52
                ],
                "osm": "way/992727777 + way/992727778",
                "residual_m": 4.567
              },
              {
                "name": "garden_southeast_round_path_center",
                "pixel": [
                  408,
                  194
                ],
                "xy": [
                  436.3,
                  241.1
                ],
                "osm": "way/992727756 ring bounds center",
                "residual_m": 3.843
              }
            ],
            "affine_pixel_homogeneous_to_local_xy": [
              [
                0.6402833996956108,
                -0.035786438984098626
              ],
              [
                -0.017509706479063344,
                -0.6642921708985366
              ],
              [
                177.08242020087576,
                388.161056912459
              ]
            ],
            "rmse_m": 3.562,
            "max_residual_m": 4.567,
            "estimated_absolute_uncertainty_m": [
              5,
              10
            ],
            "notes": "Anchor residuals measure mutual fit only, not geographic ground truth. Satellite road marking thickness and hand placement add uncertainty. Red stroke gaps at apparent physical junctions were bridged."
          },
          "source_segment_ids": [
            "S084"
          ],
          "actual_route_length_measured": false,
          "previous_geometry_basis": "user_satellite_redline_registered"
        },
        "notes": [
          "Route geometry and connections corrected using the supplied map annotations.",
          "Distance is accumulated along the corrected polyline as a map estimate, not a measurement from the source activity.",
          "GPS support denotes nearby source samples and does not establish full traversal of the corrected route.",
          "Endpoint approaches are straightened locally with a 3 m maximum shape displacement; points, connectivity, and central road geometry are preserved."
        ],
        "junction_straightening": {
          "previous_geometry_method": "user_satellite_redline_registered",
          "point_coordinates_preserved": true,
          "middle_geometry_preserved": true,
          "approaches": [
            {
              "segment_id": "S084",
              "point_id": "P054",
              "status": "straightened",
              "window_m": 15.5879,
              "straight_length_m": 15.5811,
              "maximum_local_offset_m": 0.2084,
              "transition_turn_degrees": 2.69
            },
            {
              "segment_id": "S084",
              "point_id": "P051",
              "status": "straightened",
              "window_m": 15.5879,
              "straight_length_m": 15.546,
              "maximum_local_offset_m": 0.4851,
              "transition_turn_degrees": 16.7
            }
          ]
        }
      }
    },
    {
      "type": "Feature",
      "id": "S088",
      "geometry": {
        "type": "LineString",
        "coordinates": [
          [
            116.26203791,
            40.14886094
          ],
          [
            116.26224617,
            40.14888779
          ],
          [
            116.26225685,
            40.14888889
          ],
          [
            116.26236325,
            40.14893294
          ],
          [
            116.26247733,
            40.1489827
          ],
          [
            116.26260643,
            40.1490319
          ],
          [
            116.2626465,
            40.14904986
          ],
          [
            116.26282705,
            40.14913168
          ]
        ]
      },
      "properties": {
        "id": "S088",
        "point_a": "P062",
        "point_b": "P054",
        "directed": false,
        "length_m": 74.5,
        "coordinate_count": 8,
        "geometry_method": "junction_approach_straightening",
        "length_method": "WGS84_geodesic_sum_along_map_corrected_polyline",
        "supporting_gps_sample_count": 4,
        "median_support_offset_m": 5.03,
        "max_support_offset_m": 10.47,
        "is_user_corrected": true,
        "connection_confirmed": true,
        "connection_source": "user_map_annotation",
        "geometry_is_estimate": true,
        "length_is_estimate": true,
        "source_segment_ids": [
          "S091",
          "S087",
          "S088"
        ],
        "correction_notes": "Engineering Training Center and surrounding roads corrected from satellite annotations; straighten local junction approaches at user request.",
        "provenance": {
          "connection_basis": "User supplied actual route annotation.",
          "geometry_basis": "Straight local approaches to fixed junctions; previous road geometry preserved outside endpoint windows.",
          "registration": {
            "method": "local affine fit to ground-road junctions and garden circular-path center; no GCJ02 coordinate assumptions",
            "anchors": [
              {
                "name": "engineering_north_main_road_junction",
                "pixel": [
                  520,
                  334
                ],
                "xy": [
                  502.22,
                  150.87
                ],
                "osm": "way/992727781 + way/992727774",
                "residual_m": 3.746
              },
              {
                "name": "engineering_southeast_road_junction",
                "pixel": [
                  615,
                  440
                ],
                "xy": [
                  563.94,
                  73.3
                ],
                "osm": "way/992727780 + way/992727779",
                "residual_m": 0.969
              },
              {
                "name": "engineering_southwest_road_junction",
                "pixel": [
                  384,
                  521
                ],
                "xy": [
                  414.68,
                  24.84
                ],
                "osm": "way/992727777 + way/992727779",
                "residual_m": 3.585
              },
              {
                "name": "engineering_northwest_road_junction",
                "pixel": [
                  335,
                  381
                ],
                "xy": [
                  383.85,
                  127.52
                ],
                "osm": "way/992727777 + way/992727778",
                "residual_m": 4.567
              },
              {
                "name": "garden_southeast_round_path_center",
                "pixel": [
                  408,
                  194
                ],
                "xy": [
                  436.3,
                  241.1
                ],
                "osm": "way/992727756 ring bounds center",
                "residual_m": 3.843
              }
            ],
            "affine_pixel_homogeneous_to_local_xy": [
              [
                0.6402833996956108,
                -0.035786438984098626
              ],
              [
                -0.017509706479063344,
                -0.6642921708985366
              ],
              [
                177.08242020087576,
                388.161056912459
              ]
            ],
            "rmse_m": 3.562,
            "max_residual_m": 4.567,
            "estimated_absolute_uncertainty_m": [
              5,
              10
            ],
            "notes": "Anchor residuals measure mutual fit only, not geographic ground truth. Satellite road marking thickness and hand placement add uncertainty. Red stroke gaps at apparent physical junctions were bridged."
          },
          "source_segment_ids": [
            "S091",
            "S087",
            "S088"
          ],
          "actual_route_length_measured": false,
          "previous_geometry_basis": "user_satellite_redline_registered"
        },
        "notes": [
          "Route geometry and connections corrected using the supplied map annotations.",
          "Distance is accumulated along the corrected polyline as a map estimate, not a measurement from the source activity.",
          "GPS support denotes nearby source samples and does not establish full traversal of the corrected route.",
          "Endpoint approaches are straightened locally with a 3 m maximum shape displacement; points, connectivity, and central road geometry are preserved."
        ],
        "junction_straightening": {
          "previous_geometry_method": "user_satellite_redline_registered",
          "point_coordinates_preserved": true,
          "middle_geometry_preserved": true,
          "approaches": [
            {
              "segment_id": "S088",
              "point_id": "P062",
              "status": "straightened",
              "window_m": 18.0,
              "straight_length_m": 17.988,
              "maximum_local_offset_m": 0.3262,
              "transition_turn_degrees": 1.85
            },
            {
              "segment_id": "S088",
              "point_id": "P054",
              "status": "straightened",
              "window_m": 18.0,
              "straight_length_m": 17.8607,
              "maximum_local_offset_m": 0.932,
              "transition_turn_degrees": 0.28
            }
          ]
        }
      }
    },
    {
      "type": "Feature",
      "id": "S092",
      "geometry": {
        "type": "LineString",
        "coordinates": [
          [
            116.2603439,
            40.14883889
          ],
          [
            116.26054724,
            40.14888293
          ],
          [
            116.26066157,
            40.14890518
          ],
          [
            116.2608202,
            40.14892935
          ],
          [
            116.26090836,
            40.14895599
          ],
          [
            116.26110808,
            40.14900871
          ]
        ]
      },
      "properties": {
        "id": "S092",
        "point_a": "P060",
        "point_b": "P057",
        "directed": false,
        "length_m": 67.9,
        "coordinate_count": 6,
        "geometry_method": "junction_approach_straightening",
        "length_method": "WGS84_geodesic_sum_along_map_corrected_polyline",
        "supporting_gps_sample_count": 29,
        "median_support_offset_m": 5.96,
        "max_support_offset_m": 11.44,
        "is_user_corrected": true,
        "connection_confirmed": true,
        "connection_source": "user_map_annotation",
        "geometry_is_estimate": true,
        "length_is_estimate": true,
        "source_segment_ids": [
          "S092"
        ],
        "correction_notes": "Engineering Training Center and surrounding roads corrected from satellite annotations; straighten local junction approaches at user request.",
        "provenance": {
          "connection_basis": "User supplied actual route annotation.",
          "geometry_basis": "Straight local approaches to fixed junctions; previous road geometry preserved outside endpoint windows.",
          "registration": {
            "method": "local affine fit to ground-road junctions and garden circular-path center; no GCJ02 coordinate assumptions",
            "anchors": [
              {
                "name": "engineering_north_main_road_junction",
                "pixel": [
                  520,
                  334
                ],
                "xy": [
                  502.22,
                  150.87
                ],
                "osm": "way/992727781 + way/992727774",
                "residual_m": 3.746
              },
              {
                "name": "engineering_southeast_road_junction",
                "pixel": [
                  615,
                  440
                ],
                "xy": [
                  563.94,
                  73.3
                ],
                "osm": "way/992727780 + way/992727779",
                "residual_m": 0.969
              },
              {
                "name": "engineering_southwest_road_junction",
                "pixel": [
                  384,
                  521
                ],
                "xy": [
                  414.68,
                  24.84
                ],
                "osm": "way/992727777 + way/992727779",
                "residual_m": 3.585
              },
              {
                "name": "engineering_northwest_road_junction",
                "pixel": [
                  335,
                  381
                ],
                "xy": [
                  383.85,
                  127.52
                ],
                "osm": "way/992727777 + way/992727778",
                "residual_m": 4.567
              },
              {
                "name": "garden_southeast_round_path_center",
                "pixel": [
                  408,
                  194
                ],
                "xy": [
                  436.3,
                  241.1
                ],
                "osm": "way/992727756 ring bounds center",
                "residual_m": 3.843
              }
            ],
            "affine_pixel_homogeneous_to_local_xy": [
              [
                0.6402833996956108,
                -0.035786438984098626
              ],
              [
                -0.017509706479063344,
                -0.6642921708985366
              ],
              [
                177.08242020087576,
                388.161056912459
              ]
            ],
            "rmse_m": 3.562,
            "max_residual_m": 4.567,
            "estimated_absolute_uncertainty_m": [
              5,
              10
            ],
            "notes": "Anchor residuals measure mutual fit only, not geographic ground truth. Satellite road marking thickness and hand placement add uncertainty. Red stroke gaps at apparent physical junctions were bridged."
          },
          "source_segment_ids": [
            "S092"
          ],
          "actual_route_length_measured": false,
          "previous_geometry_basis": "user_satellite_redline_registered"
        },
        "notes": [
          "Route geometry and connections corrected using the supplied map annotations.",
          "Distance is accumulated along the corrected polyline as a map estimate, not a measurement from the source activity.",
          "GPS support denotes nearby source samples and does not establish full traversal of the corrected route.",
          "Endpoint approaches are straightened locally with a 3 m maximum shape displacement; points, connectivity, and central road geometry are preserved."
        ],
        "junction_straightening": {
          "previous_geometry_method": "user_satellite_redline_registered",
          "point_coordinates_preserved": true,
          "middle_geometry_preserved": true,
          "approaches": [
            {
              "segment_id": "S092",
              "point_id": "P060",
              "status": "straightened",
              "window_m": 18.0,
              "straight_length_m": 17.9969,
              "maximum_local_offset_m": 0.1578,
              "transition_turn_degrees": 1.53
            },
            {
              "segment_id": "S092",
              "point_id": "P057",
              "status": "straightened",
              "window_m": 18.0,
              "straight_length_m": 17.9902,
              "maximum_local_offset_m": 0.2851,
              "transition_turn_degrees": 2.51
            }
          ]
        }
      }
    },
    {
      "type": "Feature",
      "id": "S093",
      "geometry": {
        "type": "LineString",
        "coordinates": [
          [
            116.26110808,
            40.14900871
          ],
          [
            116.26112073,
            40.1489064
          ],
          [
            116.26113323,
            40.1487981
          ],
          [
            116.26116134,
            40.14871321
          ],
          [
            116.26120562,
            40.14867564
          ],
          [
            116.26127316,
            40.14866719
          ],
          [
            116.26136396,
            40.14868784
          ],
          [
            116.2615006,
            40.14873677
          ],
          [
            116.26165226,
            40.14878515
          ],
          [
            116.26178082,
            40.14881042
          ],
          [
            116.26183306,
            40.14882776
          ],
          [
            116.26203791,
            40.14886094
          ]
        ]
      },
      "properties": {
        "id": "S093",
        "point_a": "P057",
        "point_b": "P062",
        "directed": false,
        "length_m": 113.57,
        "coordinate_count": 12,
        "geometry_method": "junction_approach_straightening",
        "length_method": "WGS84_geodesic_sum_along_map_corrected_polyline",
        "supporting_gps_sample_count": 20,
        "median_support_offset_m": 6.68,
        "max_support_offset_m": 16.08,
        "is_user_corrected": true,
        "connection_confirmed": true,
        "connection_source": "user_map_annotation",
        "geometry_is_estimate": true,
        "length_is_estimate": true,
        "source_segment_ids": [
          "S093"
        ],
        "correction_notes": "Engineering Training Center and surrounding roads corrected from satellite annotations; straighten local junction approaches at user request.",
        "provenance": {
          "connection_basis": "User supplied actual route annotation.",
          "geometry_basis": "Straight local approaches to fixed junctions; previous road geometry preserved outside endpoint windows.",
          "registration": {
            "method": "local affine fit to ground-road junctions and garden circular-path center; no GCJ02 coordinate assumptions",
            "anchors": [
              {
                "name": "engineering_north_main_road_junction",
                "pixel": [
                  520,
                  334
                ],
                "xy": [
                  502.22,
                  150.87
                ],
                "osm": "way/992727781 + way/992727774",
                "residual_m": 3.746
              },
              {
                "name": "engineering_southeast_road_junction",
                "pixel": [
                  615,
                  440
                ],
                "xy": [
                  563.94,
                  73.3
                ],
                "osm": "way/992727780 + way/992727779",
                "residual_m": 0.969
              },
              {
                "name": "engineering_southwest_road_junction",
                "pixel": [
                  384,
                  521
                ],
                "xy": [
                  414.68,
                  24.84
                ],
                "osm": "way/992727777 + way/992727779",
                "residual_m": 3.585
              },
              {
                "name": "engineering_northwest_road_junction",
                "pixel": [
                  335,
                  381
                ],
                "xy": [
                  383.85,
                  127.52
                ],
                "osm": "way/992727777 + way/992727778",
                "residual_m": 4.567
              },
              {
                "name": "garden_southeast_round_path_center",
                "pixel": [
                  408,
                  194
                ],
                "xy": [
                  436.3,
                  241.1
                ],
                "osm": "way/992727756 ring bounds center",
                "residual_m": 3.843
              }
            ],
            "affine_pixel_homogeneous_to_local_xy": [
              [
                0.6402833996956108,
                -0.035786438984098626
              ],
              [
                -0.017509706479063344,
                -0.6642921708985366
              ],
              [
                177.08242020087576,
                388.161056912459
              ]
            ],
            "rmse_m": 3.562,
            "max_residual_m": 4.567,
            "estimated_absolute_uncertainty_m": [
              5,
              10
            ],
            "notes": "Anchor residuals measure mutual fit only, not geographic ground truth. Satellite road marking thickness and hand placement add uncertainty. Red stroke gaps at apparent physical junctions were bridged."
          },
          "source_segment_ids": [
            "S093"
          ],
          "actual_route_length_measured": false,
          "previous_geometry_basis": "user_satellite_redline_registered"
        },
        "notes": [
          "Route geometry and connections corrected using the supplied map annotations.",
          "Distance is accumulated along the corrected polyline as a map estimate, not a measurement from the source activity.",
          "GPS support denotes nearby source samples and does not establish full traversal of the corrected route.",
          "Endpoint approaches are straightened locally with a 3 m maximum shape displacement; points, connectivity, and central road geometry are preserved."
        ],
        "junction_straightening": {
          "previous_geometry_method": "user_satellite_redline_registered",
          "point_coordinates_preserved": true,
          "middle_geometry_preserved": true,
          "approaches": [
            {
              "segment_id": "S093",
              "point_id": "P062",
              "status": "straightened",
              "window_m": 18.0,
              "straight_length_m": 17.8329,
              "maximum_local_offset_m": 1.1374,
              "transition_turn_degrees": 11.48
            }
          ]
        }
      }
    },
    {
      "type": "Feature",
      "id": "S094",
      "geometry": {
        "type": "LineString",
        "coordinates": [
          [
            116.26385888,
            40.14915991
          ],
          [
            116.26391912,
            40.14900452
          ],
          [
            116.26392276,
            40.14899583
          ],
          [
            116.26395782,
            40.14888671
          ],
          [
            116.2639855,
            40.14878385
          ],
          [
            116.26402071,
            40.14868072
          ],
          [
            116.26407053,
            40.14855908
          ],
          [
            116.26412759,
            40.1484252
          ]
        ]
      },
      "properties": {
        "id": "S094",
        "point_a": "P058",
        "point_b": "P063",
        "directed": false,
        "length_m": 84.79,
        "coordinate_count": 8,
        "geometry_method": "junction_approach_straightening",
        "length_method": "WGS84_geodesic_sum_along_map_corrected_polyline",
        "supporting_gps_sample_count": 28,
        "median_support_offset_m": 2.51,
        "max_support_offset_m": 9.59,
        "is_user_corrected": true,
        "connection_confirmed": true,
        "connection_source": "user_map_annotation",
        "geometry_is_estimate": true,
        "length_is_estimate": true,
        "source_segment_ids": [
          "S094"
        ],
        "correction_notes": "Engineering Training Center and surrounding roads corrected from satellite annotations; straighten local junction approaches at user request.",
        "provenance": {
          "connection_basis": "User supplied actual route annotation.",
          "geometry_basis": "Straight local approaches to fixed junctions; previous road geometry preserved outside endpoint windows.",
          "registration": {
            "method": "local affine fit to ground-road junctions and garden circular-path center; no GCJ02 coordinate assumptions",
            "anchors": [
              {
                "name": "engineering_north_main_road_junction",
                "pixel": [
                  520,
                  334
                ],
                "xy": [
                  502.22,
                  150.87
                ],
                "osm": "way/992727781 + way/992727774",
                "residual_m": 3.746
              },
              {
                "name": "engineering_southeast_road_junction",
                "pixel": [
                  615,
                  440
                ],
                "xy": [
                  563.94,
                  73.3
                ],
                "osm": "way/992727780 + way/992727779",
                "residual_m": 0.969
              },
              {
                "name": "engineering_southwest_road_junction",
                "pixel": [
                  384,
                  521
                ],
                "xy": [
                  414.68,
                  24.84
                ],
                "osm": "way/992727777 + way/992727779",
                "residual_m": 3.585
              },
              {
                "name": "engineering_northwest_road_junction",
                "pixel": [
                  335,
                  381
                ],
                "xy": [
                  383.85,
                  127.52
                ],
                "osm": "way/992727777 + way/992727778",
                "residual_m": 4.567
              },
              {
                "name": "garden_southeast_round_path_center",
                "pixel": [
                  408,
                  194
                ],
                "xy": [
                  436.3,
                  241.1
                ],
                "osm": "way/992727756 ring bounds center",
                "residual_m": 3.843
              }
            ],
            "affine_pixel_homogeneous_to_local_xy": [
              [
                0.6402833996956108,
                -0.035786438984098626
              ],
              [
                -0.017509706479063344,
                -0.6642921708985366
              ],
              [
                177.08242020087576,
                388.161056912459
              ]
            ],
            "rmse_m": 3.562,
            "max_residual_m": 4.567,
            "estimated_absolute_uncertainty_m": [
              5,
              10
            ],
            "notes": "Anchor residuals measure mutual fit only, not geographic ground truth. Satellite road marking thickness and hand placement add uncertainty. Red stroke gaps at apparent physical junctions were bridged."
          },
          "source_segment_ids": [
            "S094"
          ],
          "actual_route_length_measured": false,
          "previous_geometry_basis": "user_satellite_redline_registered"
        },
        "notes": [
          "Route geometry and connections corrected using the supplied map annotations.",
          "Distance is accumulated along the corrected polyline as a map estimate, not a measurement from the source activity.",
          "GPS support denotes nearby source samples and does not establish full traversal of the corrected route.",
          "Endpoint approaches are straightened locally with a 3 m maximum shape displacement; points, connectivity, and central road geometry are preserved."
        ],
        "junction_straightening": {
          "previous_geometry_method": "user_satellite_redline_registered",
          "point_coordinates_preserved": true,
          "middle_geometry_preserved": true,
          "approaches": [
            {
              "segment_id": "S094",
              "point_id": "P058",
              "status": "straightened",
              "window_m": 18.0,
              "straight_length_m": 17.9959,
              "maximum_local_offset_m": 0.1919,
              "transition_turn_degrees": 1.23
            }
          ]
        }
      }
    },
    {
      "type": "Feature",
      "id": "S095",
      "geometry": {
        "type": "LineString",
        "coordinates": [
          [
            116.26593784,
            40.14890041
          ],
          [
            116.26569533,
            40.14883723
          ],
          [
            116.26567206,
            40.14883283
          ],
          [
            116.26555409,
            40.14881986
          ]
        ]
      },
      "properties": {
        "id": "S095",
        "point_a": "P059",
        "point_b": "P061",
        "directed": false,
        "length_m": 34.02,
        "coordinate_count": 4,
        "geometry_method": "junction_approach_straightening",
        "length_method": "WGS84_geodesic_sum_along_map_corrected_polyline",
        "supporting_gps_sample_count": 15,
        "median_support_offset_m": 0.95,
        "max_support_offset_m": 3.15,
        "is_user_corrected": true,
        "connection_confirmed": true,
        "connection_source": "osm_basemap_alignment",
        "geometry_is_estimate": true,
        "length_is_estimate": true,
        "source_segment_ids": [
          "S095"
        ],
        "correction_notes": "Network alignment to basemap roads; straighten local junction approaches at user request.",
        "provenance": {
          "connection_basis": "Existing network connection preserved during map registration.",
          "geometry_basis": "Straight local approaches to fixed junctions; previous road geometry preserved outside endpoint windows.",
          "registration": {
            "method": "Heading- and continuity-constrained local map registration; user satellite corrections locked.",
            "max_candidate_offset_m": 18,
            "minimum_heading_abs_cos": 0.72,
            "node_junction_search_radius_m": 12,
            "sample_spacing_m": 3,
            "soft_snap_fraction": 0.9,
            "topology_limited_segments": [
              "S023",
              "S024",
              "S054",
              "S060",
              "S074",
              "S077"
            ]
          },
          "source_segment_ids": [
            "S095"
          ],
          "actual_route_length_measured": false,
          "previous_geometry_basis": "osm_constrained_map_snap"
        },
        "notes": [
          "Matched nearby basemap roads with consistent headings; unmatched portions retain their track shape with shared endpoints reconnected.",
          "Distance is accumulated along the corrected polyline as a map estimate, not a measurement from the source activity.",
          "GPS support denotes nearby source samples and does not establish full traversal of the corrected route.",
          "Endpoint approaches are straightened locally with a 3 m maximum shape displacement; points, connectivity, and central road geometry are preserved."
        ],
        "map_alignment": {
          "id": "S095",
          "matched_sample_fraction": 1.0,
          "source_map_distance_p95_m": 1.37,
          "aligned_map_distance_p95_m": 1.2,
          "registration_scale": 1.0,
          "status": "matched",
          "measurement_scope": "Before junction-approach straightening; retained as historical map-match evidence."
        },
        "junction_straightening": {
          "previous_geometry_method": "osm_constrained_map_snap",
          "point_coordinates_preserved": true,
          "middle_geometry_preserved": true,
          "approaches": [
            {
              "segment_id": "S095",
              "point_id": "P061",
              "status": "straightened",
              "window_m": 10.224,
              "straight_length_m": 10.1509,
              "maximum_local_offset_m": 0.5996,
              "transition_turn_degrees": 5.68
            }
          ]
        }
      }
    },
    {
      "type": "Feature",
      "id": "S096",
      "geometry": {
        "type": "LineString",
        "coordinates": [
          [
            116.2603439,
            40.14883889
          ],
          [
            116.26038133,
            40.14867936
          ],
          [
            116.26041304,
            40.14857876
          ],
          [
            116.26047749,
            40.14843861
          ],
          [
            116.26052775,
            40.14833494
          ],
          [
            116.26056295,
            40.14823181
          ],
          [
            116.26062824,
            40.14812758
          ],
          [
            116.26068573,
            40.14801165
          ],
          [
            116.26074392,
            40.14792565
          ],
          [
            116.26080978,
            40.14784537
          ],
          [
            116.26082256,
            40.14774904
          ],
          [
            116.260844,
            40.14770034
          ],
          [
            116.26090359,
            40.1476742
          ],
          [
            116.26101584,
            40.14764614
          ],
          [
            116.261076,
            40.14764395
          ],
          [
            116.26119688,
            40.1476635
          ],
          [
            116.26132556,
            40.14769475
          ],
          [
            116.26146177,
            40.14772573
          ],
          [
            116.26158337,
            40.14777521
          ],
          [
            116.26170424,
            40.14779475
          ],
          [
            116.26181803,
            40.14783253
          ],
          [
            116.26193168,
            40.14786433
          ],
          [
            116.26206816,
            40.14790728
          ],
          [
            116.26219713,
            40.1479505
          ],
          [
            116.2623034,
            40.14798856
          ],
          [
            116.2623793,
            40.14801574
          ]
        ]
      },
      "properties": {
        "id": "S096",
        "point_a": "P060",
        "point_b": "P064",
        "directed": false,
        "length_m": 274.47,
        "coordinate_count": 26,
        "geometry_method": "junction_approach_straightening",
        "length_method": "WGS84_geodesic_sum_along_map_corrected_polyline",
        "supporting_gps_sample_count": 51,
        "median_support_offset_m": 6.49,
        "max_support_offset_m": 17.64,
        "is_user_corrected": true,
        "connection_confirmed": true,
        "connection_source": "user_map_annotation",
        "geometry_is_estimate": true,
        "length_is_estimate": true,
        "source_segment_ids": [
          "S096"
        ],
        "correction_notes": "Engineering Training Center and surrounding roads corrected from satellite annotations; straighten local junction approaches at user request.",
        "provenance": {
          "connection_basis": "User supplied actual route annotation.",
          "geometry_basis": "Straight local approaches to fixed junctions; previous road geometry preserved outside endpoint windows.",
          "registration": {
            "method": "local affine fit to ground-road junctions and garden circular-path center; no GCJ02 coordinate assumptions",
            "anchors": [
              {
                "name": "engineering_north_main_road_junction",
                "pixel": [
                  520,
                  334
                ],
                "xy": [
                  502.22,
                  150.87
                ],
                "osm": "way/992727781 + way/992727774",
                "residual_m": 3.746
              },
              {
                "name": "engineering_southeast_road_junction",
                "pixel": [
                  615,
                  440
                ],
                "xy": [
                  563.94,
                  73.3
                ],
                "osm": "way/992727780 + way/992727779",
                "residual_m": 0.969
              },
              {
                "name": "engineering_southwest_road_junction",
                "pixel": [
                  384,
                  521
                ],
                "xy": [
                  414.68,
                  24.84
                ],
                "osm": "way/992727777 + way/992727779",
                "residual_m": 3.585
              },
              {
                "name": "engineering_northwest_road_junction",
                "pixel": [
                  335,
                  381
                ],
                "xy": [
                  383.85,
                  127.52
                ],
                "osm": "way/992727777 + way/992727778",
                "residual_m": 4.567
              },
              {
                "name": "garden_southeast_round_path_center",
                "pixel": [
                  408,
                  194
                ],
                "xy": [
                  436.3,
                  241.1
                ],
                "osm": "way/992727756 ring bounds center",
                "residual_m": 3.843
              }
            ],
            "affine_pixel_homogeneous_to_local_xy": [
              [
                0.6402833996956108,
                -0.035786438984098626
              ],
              [
                -0.017509706479063344,
                -0.6642921708985366
              ],
              [
                177.08242020087576,
                388.161056912459
              ]
            ],
            "rmse_m": 3.562,
            "max_residual_m": 4.567,
            "estimated_absolute_uncertainty_m": [
              5,
              10
            ],
            "notes": "Anchor residuals measure mutual fit only, not geographic ground truth. Satellite road marking thickness and hand placement add uncertainty. Red stroke gaps at apparent physical junctions were bridged."
          },
          "source_segment_ids": [
            "S096"
          ],
          "actual_route_length_measured": false,
          "previous_geometry_basis": "user_satellite_redline_registered"
        },
        "notes": [
          "Route geometry and connections corrected using the supplied map annotations.",
          "Distance is accumulated along the corrected polyline as a map estimate, not a measurement from the source activity.",
          "GPS support denotes nearby source samples and does not establish full traversal of the corrected route.",
          "Endpoint approaches are straightened locally with a 3 m maximum shape displacement; points, connectivity, and central road geometry are preserved."
        ],
        "junction_straightening": {
          "previous_geometry_method": "user_satellite_redline_registered",
          "point_coordinates_preserved": true,
          "middle_geometry_preserved": true,
          "approaches": [
            {
              "segment_id": "S096",
              "point_id": "P060",
              "status": "straightened",
              "window_m": 18.0,
              "straight_length_m": 17.9918,
              "maximum_local_offset_m": 0.2208,
              "transition_turn_degrees": 3.39
            }
          ]
        }
      }
    },
    {
      "type": "Feature",
      "id": "S097",
      "geometry": {
        "type": "LineString",
        "coordinates": [
          [
            116.26555409,
            40.14881986
          ],
          [
            116.26541508,
            40.14870255
          ],
          [
            116.26540284,
            40.14869479
          ],
          [
            116.26535475,
            40.14866426
          ],
          [
            116.26530667,
            40.14863375
          ],
          [
            116.26515555,
            40.14860931
          ],
          [
            116.26501139,
            40.14856067
          ],
          [
            116.26488285,
            40.14853541
          ],
          [
            116.26472436,
            40.14851723
          ],
          [
            116.26458064,
            40.14848653
          ],
          [
            116.26441434,
            40.14845666
          ],
          [
            116.264337,
            40.14844335
          ],
          [
            116.26412759,
            40.1484252
          ]
        ]
      },
      "properties": {
        "id": "S097",
        "point_a": "P061",
        "point_b": "P063",
        "directed": false,
        "length_m": 133.11,
        "coordinate_count": 13,
        "geometry_method": "junction_approach_straightening",
        "length_method": "WGS84_geodesic_sum_along_map_corrected_polyline",
        "supporting_gps_sample_count": 26,
        "median_support_offset_m": 6.1,
        "max_support_offset_m": 8.29,
        "is_user_corrected": true,
        "connection_confirmed": true,
        "connection_source": "user_map_annotation",
        "geometry_is_estimate": true,
        "length_is_estimate": true,
        "source_segment_ids": [
          "S097"
        ],
        "correction_notes": "Engineering Training Center and surrounding roads corrected from satellite annotations; straighten local junction approaches at user request.",
        "provenance": {
          "connection_basis": "User supplied actual route annotation.",
          "geometry_basis": "Straight local approaches to fixed junctions; previous road geometry preserved outside endpoint windows.",
          "registration": {
            "method": "local affine fit to ground-road junctions and garden circular-path center; no GCJ02 coordinate assumptions",
            "anchors": [
              {
                "name": "engineering_north_main_road_junction",
                "pixel": [
                  520,
                  334
                ],
                "xy": [
                  502.22,
                  150.87
                ],
                "osm": "way/992727781 + way/992727774",
                "residual_m": 3.746
              },
              {
                "name": "engineering_southeast_road_junction",
                "pixel": [
                  615,
                  440
                ],
                "xy": [
                  563.94,
                  73.3
                ],
                "osm": "way/992727780 + way/992727779",
                "residual_m": 0.969
              },
              {
                "name": "engineering_southwest_road_junction",
                "pixel": [
                  384,
                  521
                ],
                "xy": [
                  414.68,
                  24.84
                ],
                "osm": "way/992727777 + way/992727779",
                "residual_m": 3.585
              },
              {
                "name": "engineering_northwest_road_junction",
                "pixel": [
                  335,
                  381
                ],
                "xy": [
                  383.85,
                  127.52
                ],
                "osm": "way/992727777 + way/992727778",
                "residual_m": 4.567
              },
              {
                "name": "garden_southeast_round_path_center",
                "pixel": [
                  408,
                  194
                ],
                "xy": [
                  436.3,
                  241.1
                ],
                "osm": "way/992727756 ring bounds center",
                "residual_m": 3.843
              }
            ],
            "affine_pixel_homogeneous_to_local_xy": [
              [
                0.6402833996956108,
                -0.035786438984098626
              ],
              [
                -0.017509706479063344,
                -0.6642921708985366
              ],
              [
                177.08242020087576,
                388.161056912459
              ]
            ],
            "rmse_m": 3.562,
            "max_residual_m": 4.567,
            "estimated_absolute_uncertainty_m": [
              5,
              10
            ],
            "notes": "Anchor residuals measure mutual fit only, not geographic ground truth. Satellite road marking thickness and hand placement add uncertainty. Red stroke gaps at apparent physical junctions were bridged."
          },
          "source_segment_ids": [
            "S097"
          ],
          "actual_route_length_measured": false,
          "previous_geometry_basis": "user_satellite_redline_registered"
        },
        "notes": [
          "Route geometry and connections corrected using the supplied map annotations.",
          "Distance is accumulated along the corrected polyline as a map estimate, not a measurement from the source activity.",
          "GPS support denotes nearby source samples and does not establish full traversal of the corrected route.",
          "Endpoint approaches are straightened locally with a 3 m maximum shape displacement; points, connectivity, and central road geometry are preserved."
        ],
        "junction_straightening": {
          "previous_geometry_method": "user_satellite_redline_registered",
          "point_coordinates_preserved": true,
          "middle_geometry_preserved": true,
          "approaches": [
            {
              "segment_id": "S097",
              "point_id": "P061",
              "status": "straightened",
              "window_m": 18.0,
              "straight_length_m": 17.5996,
              "maximum_local_offset_m": 1.5747,
              "transition_turn_degrees": 8.13
            },
            {
              "segment_id": "S097",
              "point_id": "P063",
              "status": "straightened",
              "window_m": 18.0,
              "straight_length_m": 17.9502,
              "maximum_local_offset_m": 0.6244,
              "transition_turn_degrees": 6.2
            }
          ]
        }
      }
    },
    {
      "type": "Feature",
      "id": "S098",
      "geometry": {
        "type": "LineString",
        "coordinates": [
          [
            116.26203791,
            40.14886094
          ],
          [
            116.26210742,
            40.14870805
          ],
          [
            116.26212393,
            40.14867807
          ],
          [
            116.26216638,
            40.1485627
          ],
          [
            116.26220896,
            40.14845331
          ],
          [
            116.26225892,
            40.14833766
          ],
          [
            116.26227087,
            40.14820542
          ],
          [
            116.26228814,
            40.14816107
          ],
          [
            116.2623793,
            40.14801574
          ]
        ]
      },
      "properties": {
        "id": "S098",
        "point_a": "P062",
        "point_b": "P064",
        "directed": false,
        "length_m": 98.88,
        "coordinate_count": 9,
        "geometry_method": "junction_approach_straightening",
        "length_method": "WGS84_geodesic_sum_along_map_corrected_polyline",
        "supporting_gps_sample_count": 35,
        "median_support_offset_m": 5.79,
        "max_support_offset_m": 17.39,
        "is_user_corrected": true,
        "connection_confirmed": true,
        "connection_source": "user_map_annotation",
        "geometry_is_estimate": true,
        "length_is_estimate": true,
        "source_segment_ids": [
          "S098"
        ],
        "correction_notes": "Engineering Training Center and surrounding roads corrected from satellite annotations; straighten local junction approaches at user request.",
        "provenance": {
          "connection_basis": "User supplied actual route annotation.",
          "geometry_basis": "Straight local approaches to fixed junctions; previous road geometry preserved outside endpoint windows.",
          "registration": {
            "method": "local affine fit to ground-road junctions and garden circular-path center; no GCJ02 coordinate assumptions",
            "anchors": [
              {
                "name": "engineering_north_main_road_junction",
                "pixel": [
                  520,
                  334
                ],
                "xy": [
                  502.22,
                  150.87
                ],
                "osm": "way/992727781 + way/992727774",
                "residual_m": 3.746
              },
              {
                "name": "engineering_southeast_road_junction",
                "pixel": [
                  615,
                  440
                ],
                "xy": [
                  563.94,
                  73.3
                ],
                "osm": "way/992727780 + way/992727779",
                "residual_m": 0.969
              },
              {
                "name": "engineering_southwest_road_junction",
                "pixel": [
                  384,
                  521
                ],
                "xy": [
                  414.68,
                  24.84
                ],
                "osm": "way/992727777 + way/992727779",
                "residual_m": 3.585
              },
              {
                "name": "engineering_northwest_road_junction",
                "pixel": [
                  335,
                  381
                ],
                "xy": [
                  383.85,
                  127.52
                ],
                "osm": "way/992727777 + way/992727778",
                "residual_m": 4.567
              },
              {
                "name": "garden_southeast_round_path_center",
                "pixel": [
                  408,
                  194
                ],
                "xy": [
                  436.3,
                  241.1
                ],
                "osm": "way/992727756 ring bounds center",
                "residual_m": 3.843
              }
            ],
            "affine_pixel_homogeneous_to_local_xy": [
              [
                0.6402833996956108,
                -0.035786438984098626
              ],
              [
                -0.017509706479063344,
                -0.6642921708985366
              ],
              [
                177.08242020087576,
                388.161056912459
              ]
            ],
            "rmse_m": 3.562,
            "max_residual_m": 4.567,
            "estimated_absolute_uncertainty_m": [
              5,
              10
            ],
            "notes": "Anchor residuals measure mutual fit only, not geographic ground truth. Satellite road marking thickness and hand placement add uncertainty. Red stroke gaps at apparent physical junctions were bridged."
          },
          "source_segment_ids": [
            "S098"
          ],
          "actual_route_length_measured": false,
          "previous_geometry_basis": "user_satellite_redline_registered"
        },
        "notes": [
          "Route geometry and connections corrected using the supplied map annotations.",
          "Distance is accumulated along the corrected polyline as a map estimate, not a measurement from the source activity.",
          "GPS support denotes nearby source samples and does not establish full traversal of the corrected route.",
          "Endpoint approaches are straightened locally with a 3 m maximum shape displacement; points, connectivity, and central road geometry are preserved."
        ],
        "junction_straightening": {
          "previous_geometry_method": "user_satellite_redline_registered",
          "point_coordinates_preserved": true,
          "middle_geometry_preserved": true,
          "approaches": [
            {
              "segment_id": "S098",
              "point_id": "P062",
              "status": "straightened",
              "window_m": 18.0,
              "straight_length_m": 17.9737,
              "maximum_local_offset_m": 0.4787,
              "transition_turn_degrees": 3.69
            },
            {
              "segment_id": "S098",
              "point_id": "P064",
              "status": "straightened",
              "window_m": 18.0,
              "straight_length_m": 17.9031,
              "maximum_local_offset_m": 0.8548,
              "transition_turn_degrees": 9.07
            }
          ]
        }
      }
    },
    {
      "type": "Feature",
      "id": "S099",
      "geometry": {
        "type": "LineString",
        "coordinates": [
          [
            116.2623793,
            40.14801574
          ],
          [
            116.26258525,
            40.14805203
          ],
          [
            116.26266648,
            40.14806517
          ],
          [
            116.26278793,
            40.14810866
          ],
          [
            116.26293152,
            40.14813337
          ],
          [
            116.26306758,
            40.14815836
          ],
          [
            116.26319557,
            40.14815968
          ],
          [
            116.26334653,
            40.14817813
          ],
          [
            116.26349054,
            40.14822081
          ],
          [
            116.26358901,
            40.14824716
          ],
          [
            116.26370293,
            40.14829093
          ],
          [
            116.26383205,
            40.14834014
          ],
          [
            116.26393058,
            40.1483677
          ],
          [
            116.26412759,
            40.1484252
          ]
        ]
      },
      "properties": {
        "id": "S099",
        "point_a": "P064",
        "point_b": "P063",
        "directed": false,
        "length_m": 156.97,
        "coordinate_count": 14,
        "geometry_method": "junction_approach_straightening",
        "length_method": "WGS84_geodesic_sum_along_map_corrected_polyline",
        "supporting_gps_sample_count": 30,
        "median_support_offset_m": 1.29,
        "max_support_offset_m": 5.66,
        "is_user_corrected": true,
        "connection_confirmed": true,
        "connection_source": "user_map_annotation",
        "geometry_is_estimate": true,
        "length_is_estimate": true,
        "source_segment_ids": [
          "S099"
        ],
        "correction_notes": "Engineering Training Center and surrounding roads corrected from satellite annotations; straighten local junction approaches at user request.",
        "provenance": {
          "connection_basis": "User supplied actual route annotation.",
          "geometry_basis": "Straight local approaches to fixed junctions; previous road geometry preserved outside endpoint windows.",
          "registration": {
            "method": "local affine fit to ground-road junctions and garden circular-path center; no GCJ02 coordinate assumptions",
            "anchors": [
              {
                "name": "engineering_north_main_road_junction",
                "pixel": [
                  520,
                  334
                ],
                "xy": [
                  502.22,
                  150.87
                ],
                "osm": "way/992727781 + way/992727774",
                "residual_m": 3.746
              },
              {
                "name": "engineering_southeast_road_junction",
                "pixel": [
                  615,
                  440
                ],
                "xy": [
                  563.94,
                  73.3
                ],
                "osm": "way/992727780 + way/992727779",
                "residual_m": 0.969
              },
              {
                "name": "engineering_southwest_road_junction",
                "pixel": [
                  384,
                  521
                ],
                "xy": [
                  414.68,
                  24.84
                ],
                "osm": "way/992727777 + way/992727779",
                "residual_m": 3.585
              },
              {
                "name": "engineering_northwest_road_junction",
                "pixel": [
                  335,
                  381
                ],
                "xy": [
                  383.85,
                  127.52
                ],
                "osm": "way/992727777 + way/992727778",
                "residual_m": 4.567
              },
              {
                "name": "garden_southeast_round_path_center",
                "pixel": [
                  408,
                  194
                ],
                "xy": [
                  436.3,
                  241.1
                ],
                "osm": "way/992727756 ring bounds center",
                "residual_m": 3.843
              }
            ],
            "affine_pixel_homogeneous_to_local_xy": [
              [
                0.6402833996956108,
                -0.035786438984098626
              ],
              [
                -0.017509706479063344,
                -0.6642921708985366
              ],
              [
                177.08242020087576,
                388.161056912459
              ]
            ],
            "rmse_m": 3.562,
            "max_residual_m": 4.567,
            "estimated_absolute_uncertainty_m": [
              5,
              10
            ],
            "notes": "Anchor residuals measure mutual fit only, not geographic ground truth. Satellite road marking thickness and hand placement add uncertainty. Red stroke gaps at apparent physical junctions were bridged."
          },
          "source_segment_ids": [
            "S099"
          ],
          "actual_route_length_measured": false,
          "previous_geometry_basis": "user_satellite_redline_registered"
        },
        "notes": [
          "Route geometry and connections corrected using the supplied map annotations.",
          "Distance is accumulated along the corrected polyline as a map estimate, not a measurement from the source activity.",
          "GPS support denotes nearby source samples and does not establish full traversal of the corrected route.",
          "Endpoint approaches are straightened locally with a 3 m maximum shape displacement; points, connectivity, and central road geometry are preserved."
        ],
        "junction_straightening": {
          "previous_geometry_method": "user_satellite_redline_registered",
          "point_coordinates_preserved": true,
          "middle_geometry_preserved": true,
          "approaches": [
            {
              "segment_id": "S099",
              "point_id": "P064",
              "status": "straightened",
              "window_m": 18.0,
              "straight_length_m": 17.9985,
              "maximum_local_offset_m": 0.1092,
              "transition_turn_degrees": 1.03
            },
            {
              "segment_id": "S099",
              "point_id": "P063",
              "status": "straightened",
              "window_m": 18.0,
              "straight_length_m": 17.9541,
              "maximum_local_offset_m": 0.6072,
              "transition_turn_degrees": 0.79
            }
          ]
        }
      }
    },
    {
      "type": "Feature",
      "id": "S100",
      "geometry": {
        "type": "LineString",
        "coordinates": [
          [
            116.26671156,
            40.15260972
          ],
          [
            116.26693868,
            40.15209894
          ],
          [
            116.2669602,
            40.15207493
          ],
          [
            116.26700656,
            40.15204211
          ],
          [
            116.26702646,
            40.15201041
          ],
          [
            116.26710671,
            40.15181776
          ],
          [
            116.26714376,
            40.1516589
          ]
        ]
      },
      "properties": {
        "id": "S100",
        "point_a": "P019",
        "point_b": "P028",
        "directed": false,
        "length_m": 112.82,
        "length_is_estimate": true,
        "is_inferred": true,
        "coordinate_count": 7,
        "geometry_method": "junction_approach_straightening",
        "length_method": "WGS84_geodesic_sum_along_map_corrected_polyline",
        "supporting_gps_sample_count": 2,
        "median_support_offset_m": 1.03,
        "max_support_offset_m": 1.98,
        "provenance": {
          "connection_basis": "Existing network connection preserved during map registration.",
          "geometry_basis": "Straight local approaches to fixed junctions; previous road geometry preserved outside endpoint windows.",
          "registration": {
            "method": "Heading- and continuity-constrained local map registration; user satellite corrections locked.",
            "max_candidate_offset_m": 18,
            "minimum_heading_abs_cos": 0.72,
            "node_junction_search_radius_m": 12,
            "sample_spacing_m": 3,
            "soft_snap_fraction": 0.9,
            "topology_limited_segments": [
              "S023",
              "S024",
              "S054",
              "S060",
              "S074",
              "S077"
            ]
          },
          "source_segment_ids": [
            "S100"
          ],
          "actual_route_length_measured": false,
          "previous_geometry_basis": "osm_constrained_map_snap"
        },
        "notes": [
          "Matched nearby basemap roads with consistent headings; unmatched portions retain their track shape with shared endpoints reconnected.",
          "Distance is accumulated along the corrected polyline as a map estimate, not a measurement from the source activity.",
          "GPS support denotes nearby source samples and does not establish full traversal of the corrected route.",
          "Endpoint approaches are straightened locally with a 3 m maximum shape displacement; points, connectivity, and central road geometry are preserved."
        ],
        "connection_confirmed": true,
        "connection_source": "user",
        "geometry_is_estimate": true,
        "inference_scope": "geometry_only",
        "is_user_corrected": true,
        "source_segment_ids": [
          "S100"
        ],
        "correction_notes": "Network alignment to basemap roads; straighten local junction approaches at user request.",
        "map_alignment": {
          "id": "S100",
          "matched_sample_fraction": 1.0,
          "source_map_distance_p95_m": 5.14,
          "aligned_map_distance_p95_m": 1.74,
          "registration_scale": 1.0,
          "status": "matched",
          "measurement_scope": "Before junction-approach straightening; retained as historical map-match evidence."
        },
        "junction_straightening": {
          "previous_geometry_method": "osm_constrained_map_snap",
          "point_coordinates_preserved": true,
          "middle_geometry_preserved": true,
          "approaches": [
            {
              "segment_id": "S100",
              "point_id": "P028",
              "status": "straightened",
              "window_m": 18.0,
              "straight_length_m": 17.9134,
              "maximum_local_offset_m": 0.7359,
              "transition_turn_degrees": 7.58
            }
          ]
        }
      }
    },
    {
      "type": "Feature",
      "id": "S101",
      "geometry": {
        "type": "LineString",
        "coordinates": [
          [
            116.2686861,
            40.1540395
          ],
          [
            116.26917151,
            40.15418767
          ],
          [
            116.2692188,
            40.1541838
          ],
          [
            116.26926422,
            40.15417215
          ],
          [
            116.26928397,
            40.15416167
          ],
          [
            116.26931598,
            40.15413446
          ],
          [
            116.26938688,
            40.15406196
          ],
          [
            116.26944054,
            40.15398076
          ],
          [
            116.26944797,
            40.15396299
          ],
          [
            116.26946317,
            40.15389116
          ],
          [
            116.26945887,
            40.1538352
          ],
          [
            116.26943938,
            40.15380105
          ],
          [
            116.26940953,
            40.15377283
          ],
          [
            116.2693733,
            40.15374992
          ],
          [
            116.26931215,
            40.15372304
          ],
          [
            116.26913212,
            40.15368053
          ],
          [
            116.26908879,
            40.15366532
          ],
          [
            116.26891963,
            40.15357112
          ]
        ]
      },
      "properties": {
        "id": "S101",
        "point_a": "P065",
        "point_b": "P011",
        "directed": false,
        "is_user_corrected": true,
        "connection_confirmed": true,
        "connection_source": "user_map_annotation",
        "geometry_is_estimate": true,
        "length_is_estimate": true,
        "geometry_method": "junction_approach_straightening",
        "length_method": "WGS84_geodesic_sum_along_map_corrected_polyline",
        "source_segment_ids": [
          "S003"
        ],
        "correction_notes": "Two user-annotated junctions; straighten local junction approaches at user request.",
        "provenance": {
          "connection_basis": "User supplied actual route annotation.",
          "geometry_basis": "Straight local approaches to fixed junctions; previous road geometry preserved outside endpoint windows.",
          "registration": {},
          "source_segment_ids": [
            "S003"
          ],
          "actual_route_length_measured": false,
          "previous_geometry_basis": "user_annotated_junction_with_osm"
        },
        "coordinate_count": 18,
        "length_m": 151.41,
        "notes": [
          "Route geometry and connections corrected using the supplied map annotations.",
          "Distance is accumulated along the corrected polyline as a map estimate, not a measurement from the source activity.",
          "GPS support denotes nearby source samples and does not establish full traversal of the corrected route.",
          "Endpoint approaches are straightened locally with a 3 m maximum shape displacement; points, connectivity, and central road geometry are preserved."
        ],
        "supporting_gps_sample_count": 36,
        "median_support_offset_m": 0.3,
        "max_support_offset_m": 13.46,
        "junction_straightening": {
          "previous_geometry_method": "user_annotated_junction_with_osm",
          "point_coordinates_preserved": true,
          "middle_geometry_preserved": true,
          "approaches": [
            {
              "segment_id": "S101",
              "point_id": "P011",
              "status": "straightened",
              "window_m": 18.0,
              "straight_length_m": 17.8031,
              "maximum_local_offset_m": 1.1809,
              "transition_turn_degrees": 11.39
            }
          ]
        }
      }
    },
    {
      "type": "Feature",
      "id": "S102",
      "geometry": {
        "type": "LineString",
        "coordinates": [
          [
            116.2686861,
            40.1540395
          ],
          [
            116.26869961,
            40.15388514
          ],
          [
            116.26875458,
            40.15379996
          ],
          [
            116.26881062,
            40.15369309
          ],
          [
            116.26891963,
            40.15357112
          ]
        ]
      },
      "properties": {
        "id": "S102",
        "point_a": "P065",
        "point_b": "P011",
        "directed": false,
        "is_user_corrected": true,
        "connection_confirmed": true,
        "connection_source": "user_map_annotation",
        "geometry_is_estimate": true,
        "length_is_estimate": true,
        "geometry_method": "junction_approach_straightening",
        "length_method": "WGS84_geodesic_sum_along_map_corrected_polyline",
        "source_segment_ids": [
          "S017"
        ],
        "correction_notes": "Two user-annotated junctions; straighten local junction approaches at user request.",
        "provenance": {
          "connection_basis": "User supplied actual route annotation.",
          "geometry_basis": "Straight local approaches to fixed junctions; previous road geometry preserved outside endpoint windows.",
          "registration": {},
          "source_segment_ids": [
            "S017"
          ],
          "actual_route_length_measured": false,
          "previous_geometry_basis": "user_annotated_junction_with_osm"
        },
        "coordinate_count": 5,
        "length_m": 56.95,
        "notes": [
          "Route geometry and connections corrected using the supplied map annotations.",
          "Distance is accumulated along the corrected polyline as a map estimate, not a measurement from the source activity.",
          "GPS support denotes nearby source samples and does not establish full traversal of the corrected route.",
          "Endpoint approaches are straightened locally with a 3 m maximum shape displacement; points, connectivity, and central road geometry are preserved."
        ],
        "supporting_gps_sample_count": 12,
        "median_support_offset_m": 0.26,
        "max_support_offset_m": 4.05,
        "junction_straightening": {
          "previous_geometry_method": "user_annotated_junction_with_osm",
          "point_coordinates_preserved": true,
          "middle_geometry_preserved": true,
          "approaches": [
            {
              "segment_id": "S102",
              "point_id": "P065",
              "status": "straightened",
              "window_m": 17.5027,
              "straight_length_m": 17.1729,
              "maximum_local_offset_m": 1.3369,
              "transition_turn_degrees": 22.5
            },
            {
              "segment_id": "S102",
              "point_id": "P011",
              "status": "straightened",
              "window_m": 17.5027,
              "straight_length_m": 16.4163,
              "maximum_local_offset_m": 2.4965,
              "transition_turn_degrees": 12.52
            }
          ]
        }
      }
    },
    {
      "type": "Feature",
      "id": "S103",
      "geometry": {
        "type": "LineString",
        "coordinates": [
          [
            116.26775681,
            40.14998694
          ],
          [
            116.26784281,
            40.15000958
          ],
          [
            116.26790704,
            40.15003772
          ],
          [
            116.26803239,
            40.15008451
          ]
        ]
      },
      "properties": {
        "id": "S103",
        "point_a": "P066",
        "point_b": "P046",
        "directed": false,
        "is_user_corrected": true,
        "connection_confirmed": true,
        "connection_source": "user_map_annotation",
        "geometry_is_estimate": true,
        "length_is_estimate": true,
        "geometry_method": "junction_approach_straightening",
        "length_method": "WGS84_geodesic_sum_along_map_corrected_polyline",
        "source_segment_ids": [
          "S074"
        ],
        "correction_notes": "Latest annotated refinements south of the main building and west of the swimming pool; straighten local junction approaches at user request.",
        "provenance": {
          "connection_basis": "User supplied actual route annotation.",
          "geometry_basis": "Straight local approaches to fixed junctions; previous road geometry preserved outside endpoint windows.",
          "registration": {
            "method": "Screenshot affine scale and translation from four existing point positions; user redline crossing takes priority over nearby OSM junction.",
            "scale_px_per_m": 1.7512304485074885,
            "origin_pixel": [
              -1364.0127472690995,
              531.9712625509036
            ],
            "fit_rmse_px": 0.08311521105520296,
            "point_P066_basis": "Intersection of centerline fits to red north-south and east-west strokes, independently reviewed.",
            "reference_road_ways": [
              446085861,
              992727774,
              992742374,
              992727780
            ]
          },
          "source_segment_ids": [
            "S074"
          ],
          "actual_route_length_measured": false,
          "previous_geometry_basis": "user_redline_precise_local_refinement"
        },
        "coordinate_count": 4,
        "length_m": 25.93,
        "notes": [
          "Route geometry and connections corrected using the supplied map annotations.",
          "Distance is accumulated along the corrected polyline as a map estimate, not a measurement from the source activity.",
          "GPS support denotes nearby source samples and does not establish full traversal of the corrected route.",
          "Endpoint approaches are straightened locally with a 3 m maximum shape displacement; points, connectivity, and central road geometry are preserved."
        ],
        "supporting_gps_sample_count": 9,
        "median_support_offset_m": 4.09,
        "max_support_offset_m": 11.14,
        "junction_straightening": {
          "previous_geometry_method": "user_redline_precise_local_refinement",
          "point_coordinates_preserved": true,
          "middle_geometry_preserved": true,
          "approaches": [
            {
              "segment_id": "S103",
              "point_id": "P066",
              "status": "straightened",
              "window_m": 7.7883,
              "straight_length_m": 7.7446,
              "maximum_local_offset_m": 0.3518,
              "transition_turn_degrees": 10.78
            }
          ]
        }
      }
    }
  ]
}